label,message_type,payload_size,response_time_ms,energy_value,timestamp,time_delta_seconds,message_type_encoded,anomaly_score,prediction,pred_label
Saldırı,MeterValues,210.0,118,1006.1109005285639,2026-01-22 17:17:53.100618,43.0,3,-0.015720366722983825,-1,Saldırı
Normal,StopTransaction,386.67213945104123,110,0.0,2026-01-22 17:20:20.100618,147.0,5,0.09324909351511101,1,Normal
Saldırı,BootNotification,1868.5644477083931,2837,0.0,2026-01-22 17:20:20.103618,0.003,1,-0.07436180425434291,-1,Saldırı
Normal,MeterValues,249.41113608369773,153,7.931588938127911,2026-01-22 17:21:15.103618,55.0,3,0.16912171873900478,1,Normal
Normal,StopTransaction,262.5141975695723,200,0.0,2026-01-22 17:26:07.103618,292.0,5,0.054068572649083046,1,Normal
Normal,MeterValues,153.98840958839668,161,41.005701895675124,2026-01-22 17:29:44.103618,217.0,3,0.12582569403445298,1,Normal
Normal,Heartbeat,48.354292861170464,82,0.0,2026-01-22 17:33:02.103618,198.0,2,0.19132097133274134,1,Normal
Normal,Heartbeat,50.931314670045836,128,0.0,2026-01-22 17:36:09.103618,187.0,2,0.18901692381498375,1,Normal
Normal,MeterValues,235.58180691277485,100,44.651655678450034,2026-01-22 17:40:04.103618,235.0,3,0.13717956705786744,1,Normal
Normal,MeterValues,160.0348018390793,98,4.89069891248117,2026-01-22 17:41:44.103618,100.0,3,0.1786992654136106,1,Normal
Normal,MeterValues,213.0458577921693,71,59.29456329216856,2026-01-22 17:42:46.103618,62.0,3,0.12660744797573348,1,Normal
Normal,StartTransaction,359.10415586269926,129,0.0,2026-01-22 17:46:19.103618,213.0,4,0.12863906938506636,1,Normal
Normal,Heartbeat,48.03402328040035,115,0.0,2026-01-22 17:49:12.103618,173.0,2,0.1882603911575988,1,Normal
Normal,Heartbeat,49.976743312433385,142,0.0,2026-01-22 17:49:42.103618,30.0,2,0.18395999992044937,1,Normal
Normal,Heartbeat,48.28037209181878,149,0.0,2026-01-22 17:52:11.103618,149.0,2,0.183882894535136,1,Normal
Normal,MeterValues,165.33105467248404,25,8.120433372726817,2026-01-22 17:56:18.103618,247.0,3,0.12525440905138263,1,Normal
Normal,StartTransaction,392.0650587659593,28,0.0,2026-01-22 18:00:29.103618,251.0,4,0.07446344927859505,1,Normal
Normal,Authorize,381.59698262545913,179,0.0,2026-01-22 18:02:49.103618,140.0,0,0.027013996667589746,1,Normal
Normal,Heartbeat,48.38304317471873,63,0.0,2026-01-22 18:07:24.103618,275.0,2,0.16764337754187264,1,Normal
Normal,MeterValues,234.52581849618724,42,7.350053387889899,2026-01-22 18:10:45.103618,201.0,3,0.16111721241568805,1,Normal
Normal,MeterValues,238.70042592324833,108,47.90642159421824,2026-01-22 18:12:18.103618,93.0,3,0.15224076851880264,1,Normal
Normal,BootNotification,245.1915024122918,145,0.0,2026-01-22 18:16:29.103618,251.0,1,0.123244601488054,1,Normal
Normal,Heartbeat,51.747443356385105,153,0.0,2026-01-22 18:20:11.103618,222.0,2,0.18315927701492635,1,Normal
Normal,StartTransaction,382.0158391065824,84,0.0,2026-01-22 18:23:46.103618,215.0,4,0.11518395148675997,1,Normal
Normal,Heartbeat,51.22844828767199,163,0.0,2026-01-22 18:26:52.103618,186.0,2,0.18396531664548355,1,Normal
Normal,StopTransaction,366.0941105338417,122,0.0,2026-01-22 18:29:09.103618,137.0,5,0.11362587708023225,1,Normal
Normal,Heartbeat,49.31931892207837,193,0.0,2026-01-22 18:29:59.103618,50.0,2,0.1473426407145098,1,Normal
Normal,StopTransaction,299.5107564832863,89,0.0,2026-01-22 18:33:40.103618,221.0,5,0.12034389017558395,1,Normal
Normal,Heartbeat,50.0222990170214,75,0.0,2026-01-22 18:37:40.103618,240.0,2,0.18925360389675977,1,Normal
Normal,MeterValues,240.0019228652296,125,8.88889830239928,2026-01-22 18:39:17.103618,97.0,3,0.18434571779737247,1,Normal
Normal,Authorize,322.7987633563413,83,0.0,2026-01-22 18:40:46.103618,89.0,0,0.06552934778399866,1,Normal
Normal,MeterValues,150.35123421182362,174,16.154336278170035,2026-01-22 18:45:23.103618,277.0,3,0.11684455324354415,1,Normal
Normal,Heartbeat,48.97712687610181,95,0.0,2026-01-22 18:50:08.103618,285.0,2,0.16801362240489565,1,Normal
Normal,MeterValues,180.00095350138517,128,35.903303707529965,2026-01-22 18:53:45.103618,217.0,3,0.15911864307348117,1,Normal
Normal,Authorize,258.6868770744472,89,0.0,2026-01-22 18:54:15.103618,30.0,0,0.0624632638629784,1,Normal
Normal,MeterValues,181.6130661312433,187,38.41825574618924,2026-01-22 18:57:03.103618,168.0,3,0.13468256957708735,1,Normal
Normal,Heartbeat,49.49602526808969,178,0.0,2026-01-22 18:58:25.103618,82.0,2,0.17362237978355943,1,Normal
Normal,Heartbeat,50.566776494486625,196,0.0,2026-01-22 19:02:05.103618,220.0,2,0.14890926676010907,1,Normal
Normal,MeterValues,201.98105397292107,111,25.586639059816957,2026-01-22 19:05:01.103618,176.0,3,0.17485718520470556,1,Normal
Normal,Heartbeat,48.14170262795677,135,0.0,2026-01-22 19:05:43.103618,42.0,2,0.17967925575876076,1,Normal
Normal,MeterValues,232.59874745701387,104,40.28249741424177,2026-01-22 19:08:44.103618,181.0,3,0.15767144708653763,1,Normal
Normal,MeterValues,196.72853885431692,31,2.3185235184040254,2026-01-22 19:10:13.103618,89.0,3,0.16547111500938982,1,Normal
Normal,Heartbeat,49.68932150737291,160,0.0,2026-01-22 19:14:11.103618,238.0,2,0.18584553125772724,1,Normal
Normal,Heartbeat,50.83747137264471,132,0.0,2026-01-22 19:18:35.103618,264.0,2,0.18008099881894862,1,Normal
Normal,Heartbeat,50.4925358217049,111,0.0,2026-01-22 19:22:09.103618,214.0,2,0.19701238043960345,1,Normal
Normal,Heartbeat,49.81528642328646,127,0.0,2026-01-22 19:22:19.103618,10.0,2,0.1559153264497552,1,Normal
Normal,Heartbeat,49.99339076722168,176,0.0,2026-01-22 19:25:03.103618,164.0,2,0.18196595429939683,1,Normal
Normal,MeterValues,228.72705848959185,64,57.51095584995759,2026-01-22 19:25:40.103618,37.0,3,0.12883065759886203,1,Normal
Normal,StartTransaction,259.57109401961276,35,0.0,2026-01-22 19:26:09.103618,29.0,4,0.11377484295777601,1,Normal
Normal,StartTransaction,312.06181565150086,67,0.0,2026-01-22 19:28:28.103618,139.0,4,0.14920211359459984,1,Normal
Normal,StartTransaction,214.22137460534066,168,0.0,2026-01-22 19:29:44.103618,76.0,4,0.1376103488608404,1,Normal
Saldırı,MeterValues,234.0,91,1109.6587138559535,2026-01-22 19:30:10.103618,26.0,3,-0.0423349238324342,-1,Saldırı
Normal,MeterValues,196.42442555417443,49,17.738104006111307,2026-01-22 19:34:23.103618,253.0,3,0.14283752679861195,1,Normal
Normal,Heartbeat,48.398153451956084,45,0.0,2026-01-22 19:36:58.103618,155.0,2,0.18730172201971496,1,Normal
Normal,Authorize,394.57931359767673,34,0.0,2026-01-22 19:41:45.103618,287.0,0,-0.019708957887986878,-1,Saldırı
Normal,MeterValues,148.601020409172,66,27.787132654364925,2026-01-22 19:45:58.103618,253.0,3,0.1281923592800419,1,Normal
Normal,MeterValues,164.24889873593511,55,33.71897717200194,2026-01-22 19:46:25.103618,27.0,3,0.13995314303748074,1,Normal
Normal,BootNotification,217.3278242342409,29,0.0,2026-01-22 19:48:35.103618,130.0,1,0.11726152208380819,1,Normal
Normal,MeterValues,244.18726761318476,62,58.028999596573804,2026-01-22 19:50:05.103618,90.0,3,0.11835160577706838,1,Normal
Normal,Heartbeat,51.10019403055704,139,0.0,2026-01-22 19:50:41.103618,36.0,2,0.18779039432756256,1,Normal
Saldırı,MeterValues,169.0,74,885.7869810713964,2026-01-22 19:51:23.103618,42.0,3,0.0038995326559588817,1,Normal
Normal,Heartbeat,49.701656234922886,152,0.0,2026-01-22 19:54:03.103618,160.0,2,0.18864615818588548,1,Normal
Normal,MeterValues,243.40213153797052,135,32.213712522271145,2026-01-22 19:56:12.103618,129.0,3,0.16307375141905672,1,Normal
Normal,MeterValues,179.84560493830293,85,12.969530765453193,2026-01-22 19:59:06.103618,174.0,3,0.1717070667567835,1,Normal
Normal,MeterValues,149.85841810881956,136,23.99496196968061,2026-01-22 20:01:18.103618,132.0,3,0.16281156142480252,1,Normal
Normal,Heartbeat,51.867291851221545,153,0.0,2026-01-22 20:05:02.103618,224.0,2,0.18048879623330116,1,Normal
Normal,MeterValues,154.0413934490459,43,9.928287742976972,2026-01-22 20:05:53.103618,51.0,3,0.14922162076918644,1,Normal
Normal,StopTransaction,241.04015416700756,161,0.0,2026-01-22 20:09:11.103618,198.0,5,0.1194297170713573,1,Normal
Normal,Heartbeat,49.35003512711939,151,0.0,2026-01-22 20:09:44.103618,33.0,2,0.17760590608164822,1,Normal
Normal,Heartbeat,51.78317956993864,29,0.0,2026-01-22 20:14:24.103618,280.0,2,0.13853983532088832,1,Normal
Normal,MeterValues,151.5210272805649,33,32.426773151386975,2026-01-22 20:15:03.103618,39.0,3,0.12735435310505128,1,Normal
Normal,Heartbeat,48.313680758511346,162,0.0,2026-01-22 20:19:59.103618,296.0,2,0.13893999759586617,1,Normal
Normal,BootNotification,305.78283942403544,73,0.0,2026-01-22 20:23:01.103618,182.0,1,0.11900180490741041,1,Normal
Normal,Heartbeat,50.68730003099764,80,0.0,2026-01-22 20:24:04.103618,63.0,2,0.19076023029381628,1,Normal
Normal,Heartbeat,50.41670016210012,176,0.0,2026-01-22 20:25:23.103618,79.0,2,0.17922654933339272,1,Normal
Normal,Authorize,303.12817801818176,46,0.0,2026-01-22 20:26:56.103618,93.0,0,0.06391449756111611,1,Normal
Normal,MeterValues,151.33177144307035,31,51.147592159400965,2026-01-22 20:27:41.103618,45.0,3,0.10823330017761484,1,Normal
Saldırı,BootNotification,2448.1066618072737,4032,0.0,2026-01-22 20:27:41.113618,0.01,1,-0.1207873389932761,-1,Saldırı
Normal,MeterValues,187.07935959713924,27,37.37445977051968,2026-01-22 20:28:36.113618,55.0,3,0.14121381048397347,1,Normal
Normal,Heartbeat,51.48453332959863,47,0.0,2026-01-22 20:31:19.113618,163.0,2,0.18932157313312348,1,Normal
Normal,Heartbeat,49.40778241488405,191,0.0,2026-01-22 20:33:01.113618,102.0,2,0.1606669511688748,1,Normal
Normal,Heartbeat,49.05461947675061,62,0.0,2026-01-22 20:35:30.113618,149.0,2,0.196195434451714,1,Normal
Normal,MeterValues,163.39467067438355,199,28.890746335878063,2026-01-22 20:38:39.113618,189.0,3,0.11889555740244806,1,Normal
Normal,MeterValues,209.82834277037213,117,3.339942219135359,2026-01-22 20:39:56.113618,77.0,3,0.18915724591248528,1,Normal
Normal,Heartbeat,48.330055390512136,24,0.0,2026-01-22 20:42:51.113618,175.0,2,0.16251671926009598,1,Normal
Normal,Heartbeat,49.66887076969937,63,0.0,2026-01-22 20:46:32.113618,221.0,2,0.19347540777495548,1,Normal
Normal,Heartbeat,51.241186760287654,42,0.0,2026-01-22 20:47:25.113618,53.0,2,0.1840768684974174,1,Normal
Normal,Authorize,378.51905886881985,93,0.0,2026-01-22 20:48:57.113618,92.0,0,0.037465472582864034,1,Normal
Normal,Heartbeat,51.393347854517266,72,0.0,2026-01-22 20:50:02.113618,65.0,2,0.1914191317005871,1,Normal
Saldırı,BootNotification,2255.0559131637788,2896,0.0,2026-01-22 20:50:02.116618,0.003,1,-0.08797536361365088,-1,Saldırı
Normal,Heartbeat,50.64153618188225,41,0.0,2026-01-22 20:52:07.116618,125.0,2,0.19622616628622147,1,Normal
Normal,MeterValues,170.7556459595628,36,31.11152187265285,2026-01-22 20:54:08.116618,121.0,3,0.1507443564728932,1,Normal
Normal,Heartbeat,51.336742746975176,47,0.0,2026-01-22 20:55:33.116618,85.0,2,0.1917167286144214,1,Normal
Normal,Heartbeat,49.40715471322314,80,0.0,2026-01-22 21:00:25.116618,292.0,2,0.16792429067927495,1,Normal
Normal,StartTransaction,377.0813861200157,98,0.0,2026-01-22 21:03:42.116618,197.0,4,0.11987810059727205,1,Normal
Normal,Heartbeat,48.68772954254068,171,0.0,2026-01-22 21:04:02.116618,20.0,2,0.15473982309808448,1,Normal
Normal,Heartbeat,50.32799903047181,133,0.0,2026-01-22 21:05:27.116618,85.0,2,0.19743005959675974,1,Normal
Saldırı,MeterValues,228.0,54,1099.3092363567573,2026-01-22 21:05:37.116618,10.0,3,-0.04703399344112502,-1,Saldırı
Normal,Authorize,316.43059030389355,146,0.0,2026-01-22 21:08:06.116618,149.0,0,0.07151873368404604,1,Normal
Normal,MeterValues,226.1946131876737,169,24.447882707907713,2026-01-22 21:11:58.116618,232.0,3,0.14534444599293467,1,Normal
Normal,StopTransaction,349.52370868726,69,0.0,2026-01-22 21:14:52.116618,174.0,5,0.10158052828997449,1,Normal
Normal,Heartbeat,50.33544962015516,74,0.0,2026-01-22 21:18:28.116618,216.0,2,0.18863989791166164,1,Normal
Normal,Heartbeat,51.5266291746267,175,0.0,2026-01-22 21:20:09.116618,101.0,2,0.17829171856745607,1,Normal
Normal,Heartbeat,49.89971078935103,41,0.0,2026-01-22 21:23:35.116618,206.0,2,0.18901562599935195,1,Normal
Normal,MeterValues,242.1329953422323,38,54.307058605657915,2026-01-22 21:24:25.116618,50.0,3,0.11893475389555708,1,Normal
Normal,Authorize,318.30875630263444,164,0.0,2026-01-22 21:25:47.116618,82.0,0,0.05654511079280733,1,Normal
Normal,Heartbeat,49.07805010554735,74,0.0,2026-01-22 21:28:04.116618,137.0,2,0.19777692397163743,1,Normal
Normal,StopTransaction,209.92832613137782,75,0.0,2026-01-22 21:28:21.116618,17.0,5,0.08856635500394539,1,Normal
Saldırı,MeterValues,163.0,52,1056.7009489379682,2026-01-22 21:29:08.116618,47.0,3,-0.03289397542229078,-1,Saldırı
Normal,Heartbeat,49.125896125675496,74,0.0,2026-01-22 21:32:54.116618,226.0,2,0.1859617891784005,1,Normal
Normal,MeterValues,184.35217914433787,28,43.93144490841183,2026-01-22 21:34:31.116618,97.0,3,0.13606113105096862,1,Normal
Normal,MeterValues,164.37248999719148,122,37.523106453804104,2026-01-22 21:37:46.116618,195.0,3,0.15237004089495138,1,Normal
Normal,StopTransaction,388.99398991262575,67,0.0,2026-01-22 21:42:20.116618,274.0,5,0.059186385278451104,1,Normal
Normal,Heartbeat,49.847152627364565,31,0.0,2026-01-22 21:46:54.116618,274.0,2,0.16163546661725353,1,Normal
Normal,MeterValues,240.84389009454662,147,23.087190458086756,2026-01-22 21:50:06.116618,192.0,3,0.1555192116989743,1,Normal
Normal,Heartbeat,49.64849232451563,30,0.0,2026-01-22 21:54:16.116618,250.0,2,0.16859325240493528,1,Normal
Normal,MeterValues,215.9289998731659,162,40.70298281904376,2026-01-22 21:55:14.116618,58.0,3,0.15277512633465085,1,Normal
Normal,Heartbeat,50.36126304422342,89,0.0,2026-01-22 21:56:49.116618,95.0,2,0.19946842901061973,1,Normal
Saldırı,BootNotification,2085.8582053175433,3096,0.0,2026-01-22 21:56:49.117618,0.001,1,-0.08602164444628047,-1,Saldırı
Normal,Authorize,386.59334885354633,63,0.0,2026-01-22 22:00:10.117618,201.0,0,0.0330081221524442,1,Normal
Saldırı,BootNotification,2015.3517447231843,2298,0.0,2026-01-22 22:00:10.124618,0.007,1,-0.08225557462310773,-1,Saldırı
Normal,Heartbeat,49.69661075166515,42,0.0,2026-01-22 22:00:58.124618,48.0,2,0.18920583315543155,1,Normal
Normal,MeterValues,211.65113792903952,153,49.78025276210833,2026-01-22 22:04:32.124618,214.0,3,0.13334507679733942,1,Normal
Normal,Heartbeat,51.2496240825506,102,0.0,2026-01-22 22:08:07.124618,215.0,2,0.1955077111375217,1,Normal
Normal,MeterValues,243.4625374936698,60,10.833018073037373,2026-01-22 22:08:58.124618,51.0,3,0.16604605151677704,1,Normal
Normal,Heartbeat,49.05514593500721,23,0.0,2026-01-22 22:12:19.124618,201.0,2,0.16634607550611386,1,Normal
Normal,MeterValues,202.9033181062333,187,34.94992446881005,2026-01-22 22:14:57.124618,158.0,3,0.14069369769107298,1,Normal
Normal,Heartbeat,49.61757596337833,77,0.0,2026-01-22 22:18:06.124618,189.0,2,0.19150596789271485,1,Normal
Normal,Heartbeat,48.50557624884975,77,0.0,2026-01-22 22:19:51.124618,105.0,2,0.1875803255723542,1,Normal
Normal,Heartbeat,49.74334270905005,195,0.0,2026-01-22 22:22:17.124618,146.0,2,0.1578013419106845,1,Normal
Normal,MeterValues,172.37391746931252,21,6.002115571602246,2026-01-22 22:25:50.124618,213.0,3,0.13216995664395148,1,Normal
Normal,Heartbeat,50.15909793052148,199,0.0,2026-01-22 22:30:33.124618,283.0,2,0.12755154894286663,1,Normal
Normal,MeterValues,248.72446766646405,185,6.168851006898731,2026-01-22 22:30:49.124618,16.0,3,0.12592112774835934,1,Normal
Saldırı,MeterValues,234.0,74,863.6000332304445,2026-01-22 22:31:45.124618,56.0,3,-0.003914940726201466,-1,Saldırı
Normal,Heartbeat,48.905555794084535,106,0.0,2026-01-22 22:35:48.124618,243.0,2,0.18576278272668162,1,Normal
Normal,Heartbeat,51.27849945976822,162,0.0,2026-01-22 22:40:00.124618,252.0,2,0.18007976255719665,1,Normal
Normal,Authorize,396.44650160153424,28,0.0,2026-01-22 22:43:17.124618,197.0,0,0.00781113532246569,1,Normal
Normal,Heartbeat,50.427235581894074,183,0.0,2026-01-22 22:46:26.124618,189.0,2,0.162470515892448,1,Normal
Normal,MeterValues,156.50361347261816,49,9.947681291952437,2026-01-22 22:47:47.124618,81.0,3,0.1573104187462448,1,Normal
Normal,StopTransaction,364.98351672463883,138,0.0,2026-01-22 22:48:52.124618,65.0,5,0.10546988699950582,1,Normal
Normal,MeterValues,165.06328742011962,40,58.15264501148335,2026-01-22 22:49:21.124618,29.0,3,0.10172715690307005,1,Normal
Normal,MeterValues,166.26620826792055,29,54.03183836888521,2026-01-22 22:53:57.124618,276.0,3,0.06481036537182383,1,Normal
Normal,Heartbeat,51.837919557343504,32,0.0,2026-01-22 22:57:21.124618,204.0,2,0.16484170590927577,1,Normal
Normal,StartTransaction,375.71450824617324,79,0.0,2026-01-22 22:57:51.124618,30.0,4,0.10138136548983895,1,Normal
Normal,MeterValues,189.80490579842808,54,51.63548902313802,2026-01-22 23:00:48.124618,177.0,3,0.13910961072607408,1,Normal
Normal,MeterValues,163.37637140001235,64,46.89315555135109,2026-01-22 23:01:47.124618,59.0,3,0.14017646637362913,1,Normal
Normal,MeterValues,221.98731324794585,81,23.988824430928748,2026-01-22 23:03:55.124618,128.0,3,0.17438252939923493,1,Normal
Normal,MeterValues,220.23702286591367,66,13.663687195680488,2026-01-22 23:04:42.124618,47.0,3,0.17194467745730152,1,Normal
Saldırı,MeterValues,159.0,109,855.8745627563185,2026-01-22 23:05:11.124618,29.0,3,-0.004797367801570918,-1,Saldırı
Normal,MeterValues,242.421759589312,27,32.91799360891108,2026-01-22 23:05:44.124618,33.0,3,0.1198803130760876,1,Normal
Normal,MeterValues,150.93520286605946,142,42.44996193394545,2026-01-22 23:10:41.124618,297.0,3,0.08749296857190714,1,Normal
Normal,Heartbeat,50.20656414091361,126,0.0,2026-01-22 23:12:44.124618,123.0,2,0.19783426178666635,1,Normal
Normal,StopTransaction,336.2598748783997,20,0.0,2026-01-22 23:16:47.124618,243.0,5,0.06872523938964836,1,Normal
Normal,Heartbeat,51.70591739494826,157,0.0,2026-01-22 23:20:23.124618,216.0,2,0.18336898539535013,1,Normal
Normal,BootNotification,251.57521500341258,108,0.0,2026-01-22 23:23:37.124618,194.0,1,0.1316881256317915,1,Normal
Normal,Heartbeat,50.16425557003999,181,0.0,2026-01-22 23:24:55.124618,78.0,2,0.1671612748420323,1,Normal
Normal,MeterValues,201.1655179076997,33,33.702374554092884,2026-01-22 23:26:28.124618,93.0,3,0.15130334772582354,1,Normal
Normal,Authorize,324.3662035760551,54,0.0,2026-01-22 23:31:15.124618,287.0,0,0.014542054250088365,1,Normal
Normal,MeterValues,209.24125564164336,52,46.93891496927007,2026-01-22 23:32:10.124618,55.0,3,0.15122989097486383,1,Normal
Normal,StartTransaction,237.12231124055162,68,0.0,2026-01-22 23:33:27.124618,77.0,4,0.14950757688729588,1,Normal
Normal,StartTransaction,282.6035776277928,147,0.0,2026-01-22 23:34:39.124618,72.0,4,0.14460982977480175,1,Normal
Normal,StartTransaction,254.88626903370755,180,0.0,2026-01-22 23:35:50.124618,71.0,4,0.12263402579318367,1,Normal
Normal,MeterValues,225.06445222635315,38,49.08084205613294,2026-01-22 23:36:44.124618,54.0,3,0.13802508185459522,1,Normal
Normal,StopTransaction,232.9862936760946,181,0.0,2026-01-22 23:41:33.124618,289.0,5,0.07253629857746857,1,Normal
Normal,StopTransaction,293.97177010823924,37,0.0,2026-01-22 23:42:07.124618,34.0,5,0.09192405397723136,1,Normal
Normal,MeterValues,249.67218201877773,117,5.214970963497716,2026-01-22 23:46:13.124618,246.0,3,0.16004150409867074,1,Normal
Normal,Heartbeat,51.44159469828575,76,0.0,2026-01-22 23:49:03.124618,170.0,2,0.1939915538647063,1,Normal
Normal,Heartbeat,48.52200147036431,155,0.0,2026-01-22 23:50:22.124618,79.0,2,0.18131252734995756,1,Normal
Normal,Heartbeat,48.45468483199564,46,0.0,2026-01-22 23:50:38.124618,16.0,2,0.14699695938405738,1,Normal
Normal,Heartbeat,48.33495065339703,20,0.0,2026-01-22 23:52:18.124618,100.0,2,0.15557577720653337,1,Normal
Normal,Authorize,356.0078891007157,129,0.0,2026-01-22 23:55:29.124618,191.0,0,0.05416781784628588,1,Normal
Normal,Heartbeat,50.70538645758884,53,0.0,2026-01-22 23:56:31.124618,62.0,2,0.19050275716799348,1,Normal
Normal,Heartbeat,51.26628903215907,127,0.0,2026-01-23 00:00:27.124618,236.0,2,0.18435316573730187,1,Normal
Normal,StopTransaction,377.4604228884406,158,0.0,2026-01-23 00:03:14.124618,167.0,5,0.09152027383781047,1,Normal
Normal,Heartbeat,51.94074095605598,169,0.0,2026-01-23 00:05:26.124618,132.0,2,0.17976130952052066,1,Normal
Normal,Heartbeat,48.48973530804851,47,0.0,2026-01-23 00:06:04.124618,38.0,2,0.17327947631123075,1,Normal
Normal,MeterValues,194.6233066124142,65,55.26083001650068,2026-01-23 00:09:07.124618,183.0,3,0.13809877333498666,1,Normal
Normal,MeterValues,162.69788528102967,112,0.14988862552999693,2026-01-23 00:13:06.124618,239.0,3,0.16866560816449605,1,Normal
Normal,MeterValues,230.87492945272433,75,13.944702087414802,2026-01-23 00:14:09.124618,63.0,3,0.16499910718260608,1,Normal
Normal,Heartbeat,48.98015380609328,172,0.0,2026-01-23 00:15:16.124618,67.0,2,0.17680141468207794,1,Normal
Normal,Heartbeat,48.438859924486565,195,0.0,2026-01-23 00:18:59.124618,223.0,2,0.14211307195713113,1,Normal
Normal,Heartbeat,51.60110034988049,102,0.0,2026-01-23 00:19:29.124618,30.0,2,0.18075849158288448,1,Normal
Normal,Authorize,384.04382124283114,159,0.0,2026-01-23 00:23:46.124618,257.0,0,0.020729331267553497,1,Normal
Normal,Authorize,223.4924308147374,41,0.0,2026-01-23 00:26:03.124618,137.0,0,0.07051910209778156,1,Normal
Normal,StartTransaction,362.6516812661048,165,0.0,2026-01-23 00:27:44.124618,101.0,4,0.12588934584501704,1,Normal
Normal,StopTransaction,220.19148989383905,91,0.0,2026-01-23 00:30:17.124618,153.0,5,0.11756517973505282,1,Normal
Normal,MeterValues,190.57148218742537,159,23.497187586744367,2026-01-23 00:30:27.124618,10.0,3,0.14202877096491517,1,Normal
Normal,MeterValues,180.27009908611942,109,35.865346123738846,2026-01-23 00:34:55.124618,268.0,3,0.13906735233340906,1,Normal
Normal,Authorize,256.18597629994775,177,0.0,2026-01-23 00:35:30.124618,35.0,0,0.04645861582293953,1,Normal
Normal,Heartbeat,51.88955159231575,165,0.0,2026-01-23 00:40:09.124618,279.0,2,0.16057239829636388,1,Normal
Normal,MeterValues,226.1177063614254,171,1.8390983914903791,2026-01-23 00:44:40.124618,271.0,3,0.15355401098612842,1,Normal
Normal,MeterValues,215.91838766359814,35,25.98294382200781,2026-01-23 00:47:43.124618,183.0,3,0.1495723587365264,1,Normal
Normal,StartTransaction,226.77958562137314,99,0.0,2026-01-23 00:49:19.124618,96.0,4,0.16103860229536804,1,Normal
Saldırı,MeterValues,151.0,65,835.6016686091864,2026-01-23 00:50:08.124618,49.0,3,-0.004596707297016667,-1,Saldırı
Normal,StopTransaction,345.263478644756,155,0.0,2026-01-23 00:54:48.124618,280.0,5,0.07033454823404728,1,Normal
Normal,StopTransaction,293.4699791648884,28,0.0,2026-01-23 00:56:47.124618,119.0,5,0.11129516410365214,1,Normal
Normal,MeterValues,215.10571047703618,106,50.53428816339135,2026-01-23 01:00:56.124618,249.0,3,0.1284676394094973,1,Normal
Normal,Authorize,274.0314942365052,198,0.0,2026-01-23 01:04:15.124618,199.0,0,0.029598793982390403,1,Normal
Normal,BootNotification,332.8912084518618,194,0.0,2026-01-23 01:07:23.124618,188.0,1,0.08077322714693713,1,Normal
Normal,Heartbeat,49.16222677033547,74,0.0,2026-01-23 01:11:50.124618,267.0,2,0.17881000693985316,1,Normal
Normal,StopTransaction,338.6299360315191,184,0.0,2026-01-23 01:12:53.124618,63.0,5,0.08855943070950989,1,Normal
Normal,Heartbeat,48.687082168313104,87,0.0,2026-01-23 01:17:14.124618,261.0,2,0.1754504821907057,1,Normal
Normal,MeterValues,230.96720294347685,36,4.7585356660979405,2026-01-23 01:21:45.124618,271.0,3,0.13617126115162537,1,Normal
Normal,BootNotification,326.63425399664857,96,0.0,2026-01-23 01:24:34.124618,169.0,1,0.12969918361479071,1,Normal
Normal,Heartbeat,51.988398759235295,89,0.0,2026-01-23 01:27:08.124618,154.0,2,0.17956145106440624,1,Normal
Normal,Authorize,364.10504568147684,39,0.0,2026-01-23 01:31:36.124618,268.0,0,0.01667653327326435,1,Normal
Normal,Heartbeat,50.73747062171093,143,0.0,2026-01-23 01:35:11.124618,215.0,2,0.19048153140802976,1,Normal
Normal,Heartbeat,48.9441447808697,111,0.0,2026-01-23 01:38:42.124618,211.0,2,0.19236142694169628,1,Normal
Saldırı,BootNotification,2257.6530920722435,3011,0.0,2026-01-23 01:38:42.127618,0.003,1,-0.08566443242578914,-1,Saldırı
Normal,StopTransaction,285.8599536712024,131,0.0,2026-01-23 01:42:22.127618,220.0,5,0.12509400717591124,1,Normal
Normal,MeterValues,171.8497075307647,66,16.37545200140815,2026-01-23 01:47:13.127618,291.0,3,0.11461905879482975,1,Normal
Normal,MeterValues,237.33438092160802,37,58.89418532058103,2026-01-23 01:51:45.127618,272.0,3,0.06005224316737667,1,Normal
Normal,MeterValues,213.79369599385194,25,34.570645101638554,2026-01-23 01:55:38.127618,233.0,3,0.1196716838628728,1,Normal
Normal,BootNotification,243.9759066444591,151,0.0,2026-01-23 01:57:41.127618,123.0,1,0.1366169584852287,1,Normal
Normal,Heartbeat,51.473979050551435,27,0.0,2026-01-23 02:00:16.127618,155.0,2,0.17154508442220967,1,Normal
Normal,MeterValues,211.47112940146823,120,57.697693382459526,2026-01-23 02:04:14.127618,238.0,3,0.10344579346841615,1,Normal
Normal,Heartbeat,48.08585822016626,55,0.0,2026-01-23 02:06:12.127618,118.0,2,0.1845677740510583,1,Normal
Normal,StopTransaction,336.3190430769526,107,0.0,2026-01-23 02:10:34.127618,262.0,5,0.08818575762707725,1,Normal
Normal,MeterValues,248.19308428674628,89,15.138098617922847,2026-01-23 02:11:38.127618,64.0,3,0.16360906022351374,1,Normal
Normal,BootNotification,383.4553010821511,107,0.0,2026-01-23 02:15:48.127618,250.0,1,0.07447787805383255,1,Normal
Normal,MeterValues,153.38715724490015,118,59.56067191139979,2026-01-23 02:18:08.127618,140.0,3,0.11724876254282923,1,Normal
Normal,Heartbeat,48.43784102467038,72,0.0,2026-01-23 02:21:59.127618,231.0,2,0.18251367559310805,1,Normal
Normal,MeterValues,228.10225223421085,159,45.924979557339086,2026-01-23 02:26:21.127618,262.0,3,0.11448548723700497,1,Normal
Normal,Heartbeat,50.41540652627978,193,0.0,2026-01-23 02:30:38.127618,257.0,2,0.1438164877153421,1,Normal
Normal,MeterValues,206.08482191059403,122,0.9511693630851181,2026-01-23 02:32:44.127618,126.0,3,0.2003332844888569,1,Normal
Normal,Heartbeat,50.471473523187576,129,0.0,2026-01-23 02:35:49.127618,185.0,2,0.19530496550349064,1,Normal
Saldırı,MeterValues,213.0,147,1003.0945390992867,2026-01-23 02:36:22.127618,33.0,3,-0.029388496664855657,-1,Saldırı
Saldırı,BootNotification,1543.4343862571982,2276,0.0,2026-01-23 02:36:22.132618,0.005,1,-0.07032144173561505,-1,Saldırı
Normal,MeterValues,205.8158010146397,142,17.203600060565847,2026-01-23 02:40:22.132618,240.0,3,0.16295916014374107,1,Normal
Normal,Heartbeat,50.258082627256265,107,0.0,2026-01-23 02:45:02.132618,280.0,2,0.17691767028728905,1,Normal
Normal,MeterValues,219.23225918039608,132,25.05859723241293,2026-01-23 02:49:57.132618,295.0,3,0.12140015915963054,1,Normal
Normal,MeterValues,157.90581850331014,31,32.5557642029422,2026-01-23 02:54:19.132618,262.0,3,0.10935212054917948,1,Normal
Normal,StopTransaction,347.8200048559665,76,0.0,2026-01-23 02:59:09.132618,290.0,5,0.07321578483334601,1,Normal
Normal,MeterValues,180.52247512921983,81,2.4753778956682915,2026-01-23 03:00:45.132618,96.0,3,0.18661930580092823,1,Normal
Normal,Heartbeat,49.969467663490825,153,0.0,2026-01-23 03:01:57.132618,72.0,2,0.18732637074590558,1,Normal
Normal,Heartbeat,48.93199565269111,65,0.0,2026-01-23 03:06:05.132618,248.0,2,0.18603044087668308,1,Normal
Normal,Heartbeat,51.659215073007175,166,0.0,2026-01-23 03:11:05.132618,300.0,2,0.13252756383920988,1,Normal
Normal,BootNotification,217.90017058571388,133,0.0,2026-01-23 03:11:46.132618,41.0,1,0.13178880720437836,1,Normal
Normal,Heartbeat,51.618719041557085,42,0.0,2026-01-23 03:13:00.132618,74.0,2,0.18350463320503574,1,Normal
Saldırı,BootNotification,2419.7872713320057,2886,0.0,2026-01-23 03:13:00.134618,0.002,1,-0.10106204864871504,-1,Saldırı
Normal,Authorize,207.00374064685948,110,0.0,2026-01-23 03:13:39.134618,39.0,0,0.06957918785814043,1,Normal
Normal,Heartbeat,49.76214785806677,31,0.0,2026-01-23 03:14:38.134618,59.0,2,0.1746693712691219,1,Normal
Normal,StartTransaction,296.12200527316134,71,0.0,2026-01-23 03:16:27.134618,109.0,4,0.14553378412549184,1,Normal
Normal,Heartbeat,50.1446163791465,22,0.0,2026-01-23 03:20:59.134618,272.0,2,0.14689330856928545,1,Normal
Normal,Heartbeat,48.38197312117151,61,0.0,2026-01-23 03:21:31.134618,32.0,2,0.16882053103146794,1,Normal
Normal,Heartbeat,51.26841957403761,54,0.0,2026-01-23 03:23:33.134618,122.0,2,0.19516837947110993,1,Normal
Normal,Heartbeat,50.004723839931785,165,0.0,2026-01-23 03:27:45.134618,252.0,2,0.18325148473313685,1,Normal
Normal,Heartbeat,48.542600628045555,93,0.0,2026-01-23 03:30:29.134618,164.0,2,0.19512403098495684,1,Normal
Normal,MeterValues,248.514697000494,146,8.50037877878199,2026-01-23 03:31:57.134618,88.0,3,0.17600335730939642,1,Normal
Normal,StartTransaction,346.7467225655527,193,0.0,2026-01-23 03:36:13.134618,256.0,4,0.09422737554656457,1,Normal
Normal,Heartbeat,49.78802564142126,65,0.0,2026-01-23 03:40:14.134618,241.0,2,0.19185795536211236,1,Normal
Normal,Heartbeat,48.57634011435353,168,0.0,2026-01-23 03:44:05.134618,231.0,2,0.17276799178617996,1,Normal
Normal,StartTransaction,323.5521809506246,148,0.0,2026-01-23 03:47:20.134618,195.0,4,0.13381382870108965,1,Normal
Normal,Heartbeat,49.1133880753178,76,0.0,2026-01-23 03:49:45.134618,145.0,2,0.19695566005642623,1,Normal
Normal,Heartbeat,48.68319326968989,86,0.0,2026-01-23 03:52:03.134618,138.0,2,0.19778450943802872,1,Normal
Normal,Heartbeat,51.35896082689114,177,0.0,2026-01-23 03:55:38.134618,215.0,2,0.16084420282984307,1,Normal
Normal,StartTransaction,338.8922169511702,121,0.0,2026-01-23 03:59:29.134618,231.0,4,0.13319693296026652,1,Normal
Saldırı,MeterValues,237.0,123,851.0548252576565,2026-01-23 03:59:42.134618,13.0,3,-0.008862251568365065,-1,Saldırı
Normal,StartTransaction,380.2387974481478,146,0.0,2026-01-23 04:02:22.134618,160.0,4,0.11449915866581767,1,Normal
Normal,MeterValues,195.05105795694843,117,8.722039585442289,2026-01-23 04:03:50.134618,88.0,3,0.18392716081211113,1,Normal
Normal,MeterValues,181.94727723885916,132,43.637741569747874,2026-01-23 04:04:19.134618,29.0,3,0.1535045956841991,1,Normal
Normal,Heartbeat,48.66921636552524,36,0.0,2026-01-23 04:06:31.134618,132.0,2,0.1897433557105349,1,Normal
Normal,MeterValues,168.03518897058,133,22.324862349561357,2026-01-23 04:07:24.134618,53.0,3,0.16622836334082525,1,Normal
Normal,StopTransaction,258.87306165053474,75,0.0,2026-01-23 04:08:52.134618,88.0,5,0.12757615909370007,1,Normal
Saldırı,BootNotification,2088.2664664328486,4078,0.0,2026-01-23 04:08:52.139618,0.005,1,-0.09642700567866991,-1,Saldırı
Normal,Heartbeat,51.87918199575803,149,0.0,2026-01-23 04:12:32.139618,220.0,2,0.1833413686725412,1,Normal
Normal,MeterValues,165.85574762591034,42,32.38286169438098,2026-01-23 04:14:05.139618,93.0,3,0.15032530776840292,1,Normal
Normal,Heartbeat,51.131569581269176,135,0.0,2026-01-23 04:16:37.139618,152.0,2,0.18846610042072404,1,Normal
Normal,Heartbeat,49.45512615594255,100,0.0,2026-01-23 04:18:49.139618,132.0,2,0.20407388775911295,1,Normal
Normal,BootNotification,390.0641188125139,165,0.0,2026-01-23 04:21:31.139618,162.0,1,0.08085303641720742,1,Normal
Normal,MeterValues,175.94592436763145,104,43.15416972231972,2026-01-23 04:25:35.139618,244.0,3,0.14827810259175273,1,Normal
Normal,MeterValues,166.07635029597142,60,56.86925295222373,2026-01-23 04:27:11.139618,96.0,3,0.12447367609776155,1,Normal
Normal,MeterValues,219.53837012358838,33,23.80778501920833,2026-01-23 04:31:54.139618,283.0,3,0.11755734189057598,1,Normal
Normal,Heartbeat,49.301644546680976,67,0.0,2026-01-23 04:35:44.139618,230.0,2,0.19270941163796562,1,Normal
Normal,Heartbeat,49.5004385456415,134,0.0,2026-01-23 04:38:39.139618,175.0,2,0.19337584316151274,1,Normal
Normal,Heartbeat,48.865653816250614,135,0.0,2026-01-23 04:41:01.139618,142.0,2,0.1996574360112215,1,Normal
Normal,Heartbeat,49.76077711094563,173,0.0,2026-01-23 04:43:52.139618,171.0,2,0.1828812495542056,1,Normal
Normal,StartTransaction,346.510217203658,51,0.0,2026-01-23 04:45:50.139618,118.0,4,0.13085188609706017,1,Normal
Normal,StopTransaction,366.7526066005854,44,0.0,2026-01-23 04:48:56.139618,186.0,5,0.0919198958013544,1,Normal
Normal,MeterValues,250.24769913897612,118,48.22303403445739,2026-01-23 04:50:05.139618,69.0,3,0.13571303470813867,1,Normal
Normal,StopTransaction,243.4220078648597,152,0.0,2026-01-23 04:54:04.139618,239.0,5,0.11089659888512271,1,Normal
Normal,StartTransaction,267.1042719317564,200,0.0,2026-01-23 04:55:28.139618,84.0,4,0.11354494251172803,1,Normal
Normal,MeterValues,207.54184921396654,191,55.045496438707026,2026-01-23 05:00:16.139618,288.0,3,0.05872779095132885,1,Normal
Normal,BootNotification,217.07511971964618,89,0.0,2026-01-23 05:00:32.139618,16.0,1,0.11127935356779045,1,Normal
Normal,StopTransaction,362.85692146206316,74,0.0,2026-01-23 05:02:09.139618,97.0,5,0.11009683740334425,1,Normal
Normal,StopTransaction,327.17409513664865,160,0.0,2026-01-23 05:03:55.139618,106.0,5,0.10993822433925698,1,Normal
Normal,BootNotification,213.48557493150764,145,0.0,2026-01-23 05:08:40.139618,285.0,1,0.10710558105190232,1,Normal
Normal,MeterValues,236.36072280785893,128,9.72212340146834,2026-01-23 05:13:29.139618,289.0,3,0.13756610514271345,1,Normal
Normal,StopTransaction,259.7070614838959,50,0.0,2026-01-23 05:18:19.139618,290.0,5,0.07823152495491137,1,Normal
Normal,BootNotification,274.28612680599065,134,0.0,2026-01-23 05:22:17.139618,238.0,1,0.11803709862318468,1,Normal
Normal,MeterValues,226.68775325100023,45,19.83146257321652,2026-01-23 05:25:51.139618,214.0,3,0.15401806605253676,1,Normal
Saldırı,MeterValues,215.0,149,985.2783434542255,2026-01-23 05:26:14.139618,23.0,3,-0.029272717476716448,-1,Saldırı
Normal,Heartbeat,49.70327917596169,193,0.0,2026-01-23 05:28:12.139618,118.0,2,0.16122863027343054,1,Normal
Normal,Heartbeat,50.223112975478664,163,0.0,2026-01-23 05:28:42.139618,30.0,2,0.17625816070531147,1,Normal
Normal,Heartbeat,49.223024490706145,28,0.0,2026-01-23 05:29:26.139618,44.0,2,0.17020251291064836,1,Normal
Normal,Heartbeat,50.64716326222812,183,0.0,2026-01-23 05:31:36.139618,130.0,2,0.17164349785989635,1,Normal
Saldırı,BootNotification,2325.8507815475778,2238,0.0,2026-01-23 05:31:36.142618,0.003,1,-0.09138463892259452,-1,Saldırı
Normal,Heartbeat,49.26362728927151,43,0.0,2026-01-23 05:33:28.142618,112.0,2,0.1970843257471085,1,Normal
Normal,Heartbeat,48.872722607062826,112,0.0,2026-01-23 05:34:27.142618,59.0,2,0.19176522526016648,1,Normal
Normal,MeterValues,175.34171748842346,35,55.66004249767231,2026-01-23 05:35:12.142618,45.0,3,0.12147442827626143,1,Normal
Normal,Heartbeat,49.162154570169776,51,0.0,2026-01-23 05:36:47.142618,95.0,2,0.1975300703180638,1,Normal
Normal,StartTransaction,377.12183921852727,147,0.0,2026-01-23 05:39:18.142618,151.0,4,0.11659644247219875,1,Normal
Normal,Heartbeat,51.35012833636097,100,0.0,2026-01-23 05:40:49.142618,91.0,2,0.19917462478281728,1,Normal
Normal,Heartbeat,50.342846784719264,69,0.0,2026-01-23 05:43:30.142618,161.0,2,0.19760459755487236,1,Normal
Normal,StartTransaction,212.1439097215437,22,0.0,2026-01-23 05:47:11.142618,221.0,4,0.12536818355637352,1,Normal
Normal,Heartbeat,49.95303497891201,80,0.0,2026-01-23 05:48:52.142618,101.0,2,0.19804517673036937,1,Normal
Normal,MeterValues,218.07767931065942,177,7.198368356323543,2026-01-23 05:50:47.142618,115.0,3,0.17139911775365196,1,Normal
Normal,Heartbeat,48.22637263086846,169,0.0,2026-01-23 05:53:50.142618,183.0,2,0.17699837088761916,1,Normal
Normal,StartTransaction,369.267006198382,120,0.0,2026-01-23 05:57:45.142618,235.0,4,0.11827221843014829,1,Normal
Normal,StopTransaction,312.1030224316617,146,0.0,2026-01-23 05:59:35.142618,110.0,5,0.12051274939616935,1,Normal
Normal,Heartbeat,50.463046382259385,137,0.0,2026-01-23 06:00:26.142618,51.0,2,0.18908818734902838,1,Normal
Normal,StartTransaction,220.0696047620218,113,0.0,2026-01-23 06:04:08.142618,222.0,4,0.15149135246209955,1,Normal
Normal,MeterValues,212.71983655718728,170,5.805390197522287,2026-01-23 06:06:23.142618,135.0,3,0.18029412247229998,1,Normal
Normal,Heartbeat,49.37245465155731,72,0.0,2026-01-23 06:08:24.142618,121.0,2,0.19814321098079235,1,Normal
Normal,Heartbeat,48.92526017595033,163,0.0,2026-01-23 06:11:35.142618,191.0,2,0.18407352696380241,1,Normal
Normal,Heartbeat,48.173919128636655,34,0.0,2026-01-23 06:12:51.142618,76.0,2,0.16767006898191233,1,Normal
Normal,MeterValues,161.08399420652083,194,58.58417134097733,2026-01-23 06:13:55.142618,64.0,3,0.06743186484133645,1,Normal
Normal,Heartbeat,51.187899472876055,157,0.0,2026-01-23 06:17:12.142618,197.0,2,0.1866347886467205,1,Normal
Normal,StopTransaction,240.98078604199296,85,0.0,2026-01-23 06:18:11.142618,59.0,5,0.11031131576556946,1,Normal
Normal,Heartbeat,50.114318539343934,149,0.0,2026-01-23 06:20:21.142618,130.0,2,0.19746983274783325,1,Normal
Normal,MeterValues,188.5760816220036,73,7.894945478145326,2026-01-23 06:21:01.142618,40.0,3,0.1702211161124253,1,Normal
Normal,Heartbeat,49.6619707732367,61,0.0,2026-01-23 06:22:06.142618,65.0,2,0.19714149145644183,1,Normal
Normal,Heartbeat,49.82990004599644,112,0.0,2026-01-23 06:24:19.142618,133.0,2,0.2045392233572001,1,Normal
Normal,MeterValues,202.51170766212886,73,49.85157099520746,2026-01-23 06:27:32.142618,193.0,3,0.1435715541137187,1,Normal
Normal,MeterValues,153.61689596059588,52,27.9142165936546,2026-01-23 06:32:00.142618,268.0,3,0.11401229540399666,1,Normal
Normal,StartTransaction,256.7161388618271,188,0.0,2026-01-23 06:34:44.142618,164.0,4,0.13662416712118114,1,Normal
Saldırı,MeterValues,218.0,112,821.3567330135277,2026-01-23 06:35:34.142618,50.0,3,0.00966100177878626,1,Normal
Normal,Heartbeat,49.55897376854979,131,0.0,2026-01-23 06:38:08.142618,154.0,2,0.1932368507954189,1,Normal
Normal,StartTransaction,295.14338089546186,158,0.0,2026-01-23 06:39:54.142618,106.0,4,0.14450839190718157,1,Normal
Normal,Heartbeat,49.53342323301573,123,0.0,2026-01-23 06:41:24.142618,90.0,2,0.19721668859777253,1,Normal
Normal,StartTransaction,395.97737149975046,124,0.0,2026-01-23 06:44:53.142618,209.0,4,0.11149753607297724,1,Normal
Normal,Heartbeat,49.206771749812425,100,0.0,2026-01-23 06:48:38.142618,225.0,2,0.18985199434398287,1,Normal
Normal,MeterValues,170.67762450000131,24,51.259651094073064,2026-01-23 06:50:04.142618,86.0,3,0.11593995410481772,1,Normal
Normal,StartTransaction,234.2094440394776,63,0.0,2026-01-23 06:53:32.142618,208.0,4,0.14883756070604331,1,Normal
Normal,MeterValues,203.7228876979182,141,7.719057007330539,2026-01-23 06:58:17.142618,285.0,3,0.14891015034990696,1,Normal
Normal,StopTransaction,225.2605944536427,172,0.0,2026-01-23 07:01:34.142618,197.0,5,0.10792220267677038,1,Normal
Normal,Heartbeat,48.415982419229394,162,0.0,2026-01-23 07:06:06.142618,272.0,2,0.16607057082884275,1,Normal
Normal,StopTransaction,399.12808491627277,57,0.0,2026-01-23 07:08:42.142618,156.0,5,0.0766292491579299,1,Normal
Normal,Authorize,346.7806176257143,32,0.0,2026-01-23 07:10:06.142618,84.0,0,0.04071920951469876,1,Normal
Normal,Heartbeat,50.51065739242088,152,0.0,2026-01-23 07:13:21.142618,195.0,2,0.18934505420188363,1,Normal
Normal,Heartbeat,48.70904684759426,31,0.0,2026-01-23 07:16:57.142618,216.0,2,0.17199834972624128,1,Normal
Normal,BootNotification,366.61897113436544,199,0.0,2026-01-23 07:21:34.142618,277.0,1,0.04681989070101655,1,Normal
Normal,MeterValues,162.5168645043949,141,52.909725132105265,2026-01-23 07:23:21.142618,107.0,3,0.1435142427952203,1,Normal
Normal,BootNotification,381.7833455295951,53,0.0,2026-01-23 07:24:46.142618,85.0,1,0.08610219009837683,1,Normal
Normal,StopTransaction,274.448465506478,103,0.0,2026-01-23 07:25:42.142618,56.0,5,0.11886420027448008,1,Normal
Normal,Heartbeat,51.79364842766294,185,0.0,2026-01-23 07:26:32.142618,50.0,2,0.14895469924737065,1,Normal
Normal,MeterValues,196.16313882701863,157,19.26752428280235,2026-01-23 07:30:55.142618,263.0,3,0.14263155675383887,1,Normal
Saldırı,BootNotification,2056.7272398199157,4202,0.0,2026-01-23 07:30:55.143618,0.001,1,-0.11292728671896957,-1,Saldırı
Normal,MeterValues,220.09403960762592,34,30.065578855410784,2026-01-23 07:31:41.143618,46.0,3,0.15061857142973517,1,Normal
Normal,Heartbeat,48.00635532068583,78,0.0,2026-01-23 07:36:39.143618,298.0,2,0.13785564278404916,1,Normal
Normal,MeterValues,180.4089656855678,187,10.740601415300876,2026-01-23 07:40:26.143618,227.0,3,0.13097352929000344,1,Normal
Normal,MeterValues,171.37995188687358,62,48.5130984274289,2026-01-23 07:42:46.143618,140.0,3,0.14975918489407775,1,Normal
Normal,MeterValues,224.2118641455526,125,35.553170856136965,2026-01-23 07:44:59.143618,133.0,3,0.17343992569677524,1,Normal
Normal,MeterValues,170.1256218223861,174,12.860390895119188,2026-01-23 07:45:37.143618,38.0,3,0.14684075179457623,1,Normal
Normal,Heartbeat,49.30736707803372,117,0.0,2026-01-23 07:46:13.143618,36.0,2,0.18784803082543045,1,Normal
Normal,MeterValues,173.83460814976576,102,42.18949852238761,2026-01-23 07:48:22.143618,129.0,3,0.17083730006396358,1,Normal
Normal,MeterValues,160.52179768640036,91,12.468161824093265,2026-01-23 07:52:30.143618,248.0,3,0.1514085900528772,1,Normal
Saldırı,MeterValues,214.0,101,818.9412122835598,2026-01-23 07:52:56.143618,26.0,3,0.00942607008182883,1,Normal
Normal,Heartbeat,51.49836887980993,34,0.0,2026-01-23 07:54:59.143618,123.0,2,0.18946085849099575,1,Normal
Normal,MeterValues,212.56108895167523,199,37.765122837984705,2026-01-23 07:58:14.143618,195.0,3,0.11254991334242614,1,Normal
Normal,Heartbeat,50.09400906721446,200,0.0,2026-01-23 07:59:39.143618,85.0,2,0.14446759540601817,1,Normal
Normal,MeterValues,189.1955395132761,57,9.321845486313872,2026-01-23 08:03:41.143618,242.0,3,0.15213272206341427,1,Normal
Normal,Heartbeat,48.03919374824745,120,0.0,2026-01-23 08:05:55.143618,134.0,2,0.191636987272242,1,Normal
Normal,Heartbeat,49.30866759435682,95,0.0,2026-01-23 08:10:01.143618,246.0,2,0.18811104872187034,1,Normal
Normal,Heartbeat,50.656340706480606,189,0.0,2026-01-23 08:12:36.143618,155.0,2,0.16476867028335546,1,Normal
Normal,StopTransaction,338.44978324386614,23,0.0,2026-01-23 08:15:03.143618,147.0,5,0.08899887072010704,1,Normal
Normal,MeterValues,150.48712324248478,185,41.50850006543121,2026-01-23 08:16:48.143618,105.0,3,0.12241128131166101,1,Normal
Normal,Heartbeat,49.889867941315295,108,0.0,2026-01-23 08:19:43.143618,175.0,2,0.20156864586163814,1,Normal
Normal,StopTransaction,301.56283751059635,50,0.0,2026-01-23 08:22:55.143618,192.0,5,0.11672643544262934,1,Normal
Normal,MeterValues,245.87841209972655,49,22.456634500644988,2026-01-23 08:27:42.143618,287.0,3,0.11164117210494967,1,Normal
Normal,Heartbeat,51.53815410167401,189,0.0,2026-01-23 08:32:07.143618,265.0,2,0.1378129017025379,1,Normal
Normal,Heartbeat,49.3516716431137,38,0.0,2026-01-23 08:34:18.143618,131.0,2,0.19433245572576102,1,Normal
Normal,Heartbeat,51.29001960901671,176,0.0,2026-01-23 08:35:08.143618,50.0,2,0.16697955361279576,1,Normal
Normal,BootNotification,345.0703895289514,33,0.0,2026-01-23 08:37:36.143618,148.0,1,0.10212664620791234,1,Normal
Normal,Authorize,209.69836701239825,76,0.0,2026-01-23 08:38:10.143618,34.0,0,0.059951132449861944,1,Normal
Normal,Heartbeat,51.4948154271809,97,0.0,2026-01-23 08:42:31.143618,261.0,2,0.1788893356342337,1,Normal
Normal,MeterValues,202.69968708094325,192,33.50995744840416,2026-01-23 08:43:57.143618,86.0,3,0.12787352541523656,1,Normal
Normal,StopTransaction,277.03837393796954,81,0.0,2026-01-23 08:45:35.143618,98.0,5,0.13268941059595712,1,Normal
Normal,Heartbeat,49.71922110030194,191,0.0,2026-01-23 08:47:31.143618,116.0,2,0.16471104029474287,1,Normal
Normal,Authorize,322.58814206458476,171,0.0,2026-01-23 08:49:52.143618,141.0,0,0.06481414522701467,1,Normal
Normal,StopTransaction,348.9973596126235,80,0.0,2026-01-23 08:53:46.143618,234.0,5,0.09971775413824269,1,Normal
Saldırı,BootNotification,2278.4039013351285,2949,0.0,2026-01-23 08:53:46.152618,0.009,1,-0.09670052181091948,-1,Saldırı
Normal,Heartbeat,50.884208297242985,129,0.0,2026-01-23 08:56:04.152618,138.0,2,0.19891866698852761,1,Normal
Normal,MeterValues,171.57287090596338,124,13.689520445415894,2026-01-23 08:57:23.152618,79.0,3,0.1767117624843243,1,Normal
Normal,StopTransaction,271.0626642180059,189,0.0,2026-01-23 09:00:38.152618,195.0,5,0.10336644026901642,1,Normal
Normal,StopTransaction,369.823886884369,91,0.0,2026-01-23 09:03:54.152618,196.0,5,0.09455215059980149,1,Normal
Normal,StopTransaction,361.33645246125536,69,0.0,2026-01-23 09:07:50.152618,236.0,5,0.08648017827245813,1,Normal
Normal,Heartbeat,50.90729488415836,130,0.0,2026-01-23 09:12:37.152618,287.0,2,0.16792952252111193,1,Normal
Normal,MeterValues,223.30988566336154,33,5.912246867811788,2026-01-23 09:16:59.152618,262.0,3,0.13208175827886748,1,Normal
Normal,Authorize,202.59986122373465,112,0.0,2026-01-23 09:17:51.152618,52.0,0,0.06918158271993713,1,Normal
Normal,MeterValues,206.86744829457547,152,27.983841831195043,2026-01-23 09:22:30.152618,279.0,3,0.1371072798259811,1,Normal
Saldırı,BootNotification,1764.2563705339912,4620,0.0,2026-01-23 09:22:30.160618,0.008,1,-0.11681640558333128,-1,Saldırı
Normal,MeterValues,158.93455296394976,52,18.295223011843195,2026-01-23 09:27:25.160618,295.0,3,0.09920795450862435,1,Normal
Normal,MeterValues,198.41720429440642,187,49.39256967485359,2026-01-23 09:31:48.160618,263.0,3,0.08551364188696053,1,Normal
Normal,BootNotification,314.9803414822593,150,0.0,2026-01-23 09:35:54.160618,246.0,1,0.10396137440558367,1,Normal
Normal,Authorize,364.8362443629859,196,0.0,2026-01-23 09:37:19.160618,85.0,0,0.019634016093044826,1,Normal
Normal,MeterValues,221.64095578921376,76,14.090775081886413,2026-01-23 09:39:10.160618,111.0,3,0.17389261068080047,1,Normal
Normal,StopTransaction,299.95729304854336,25,0.0,2026-01-23 09:41:05.160618,115.0,5,0.10785714172646244,1,Normal
Normal,MeterValues,200.7561983214565,41,42.806829488182565,2026-01-23 09:42:30.160618,85.0,3,0.15159113469884078,1,Normal
Normal,Authorize,398.49714904190887,182,0.0,2026-01-23 09:44:28.160618,118.0,0,0.016663793374587232,1,Normal
Normal,MeterValues,197.79450577223577,97,52.29531296225282,2026-01-23 09:45:36.160618,68.0,3,0.14932831686173692,1,Normal
Normal,MeterValues,219.77467896389635,97,59.634929165811904,2026-01-23 09:49:26.160618,230.0,3,0.09895607785093302,1,Normal
Normal,BootNotification,249.64546418333842,49,0.0,2026-01-23 09:49:48.160618,22.0,1,0.10634064739520838,1,Normal
Normal,MeterValues,189.02631951828351,54,10.59376420915449,2026-01-23 09:53:20.160618,212.0,3,0.1609541352781622,1,Normal
Normal,StartTransaction,241.90208769287298,164,0.0,2026-01-23 09:55:55.160618,155.0,4,0.15087840664918106,1,Normal
Normal,MeterValues,186.28574783526142,165,13.0051751799159,2026-01-23 09:59:22.160618,207.0,3,0.15676361745883033,1,Normal
Normal,StartTransaction,224.11738536855452,174,0.0,2026-01-23 10:00:47.160618,85.0,4,0.13594069118340335,1,Normal
Normal,Heartbeat,51.77608378828222,177,0.0,2026-01-23 10:04:38.160618,231.0,2,0.15425673484258412,1,Normal
Normal,StopTransaction,343.4861274655392,47,0.0,2026-01-23 10:09:10.160618,272.0,5,0.08130577082097035,1,Normal
Normal,Heartbeat,48.40974641274008,164,0.0,2026-01-23 10:11:02.160618,112.0,2,0.1909476988879062,1,Normal
Normal,Heartbeat,49.214668801997455,98,0.0,2026-01-23 10:13:36.160618,154.0,2,0.1958143150169146,1,Normal
Normal,Heartbeat,50.08012360592347,32,0.0,2026-01-23 10:18:20.160618,284.0,2,0.15272748039391693,1,Normal
Normal,MeterValues,205.81998591635815,23,10.218333502287066,2026-01-23 10:22:41.160618,261.0,3,0.12315413854073537,1,Normal
Normal,Heartbeat,50.90725941046188,200,0.0,2026-01-23 10:26:47.160618,246.0,2,0.13403656952433235,1,Normal
Normal,StartTransaction,262.25586081424245,26,0.0,2026-01-23 10:28:43.160618,116.0,4,0.13525007492288355,1,Normal
Normal,StopTransaction,297.28035736631847,35,0.0,2026-01-23 10:31:53.160618,190.0,5,0.10881654011417857,1,Normal
Normal,MeterValues,158.62581843867366,172,34.57812788241761,2026-01-23 10:35:44.160618,231.0,3,0.12181963499790771,1,Normal
Normal,Heartbeat,51.01442496194451,149,0.0,2026-01-23 10:35:54.160618,10.0,2,0.15116184873726857,1,Normal
Normal,StopTransaction,310.3812488329737,91,0.0,2026-01-23 10:37:43.160618,109.0,5,0.12680860659904608,1,Normal
Normal,MeterValues,238.558553840026,87,26.876829509898734,2026-01-23 10:40:25.160618,162.0,3,0.16150013700442067,1,Normal
Normal,Heartbeat,48.31327436825405,66,0.0,2026-01-23 10:43:09.160618,164.0,2,0.19155210239716547,1,Normal
Normal,Heartbeat,50.3361714887221,111,0.0,2026-01-23 10:47:34.160618,265.0,2,0.18220436182618976,1,Normal
Normal,StartTransaction,350.48497220956114,139,0.0,2026-01-23 10:49:09.160618,95.0,4,0.13630616857820987,1,Normal
Normal,StartTransaction,378.47594770466344,66,0.0,2026-01-23 10:51:45.160618,156.0,4,0.11350276521378799,1,Normal
Normal,Authorize,394.9560872524667,142,0.0,2026-01-23 10:55:39.160618,234.0,0,0.025060106236357127,1,Normal
Normal,MeterValues,234.57476197357482,34,4.101110773101226,2026-01-23 11:00:30.160618,291.0,3,0.11604384404195461,1,Normal
Normal,StopTransaction,348.2837248370682,70,0.0,2026-01-23 11:04:12.160618,222.0,5,0.10255792632674315,1,Normal
Normal,StopTransaction,289.900785204399,145,0.0,2026-01-23 11:09:05.160618,293.0,5,0.08101660789126386,1,Normal
Normal,StopTransaction,229.94851997196548,99,0.0,2026-01-23 11:12:36.160618,211.0,5,0.12084888174668618,1,Normal
Normal,MeterValues,201.8762327331041,142,58.36194284361111,2026-01-23 11:15:51.160618,195.0,3,0.125370046439284,1,Normal
Normal,MeterValues,202.07883287588342,87,52.33244067457792,2026-01-23 11:19:48.160618,237.0,3,0.12248490160318581,1,Normal
Normal,MeterValues,169.4714885684796,39,23.84926400341587,2026-01-23 11:20:25.160618,37.0,3,0.14480019563941204,1,Normal
Normal,Heartbeat,48.21209528918072,168,0.0,2026-01-23 11:23:54.160618,209.0,2,0.17302307983904835,1,Normal
Normal,Heartbeat,51.304598787895365,54,0.0,2026-01-23 11:26:46.160618,172.0,2,0.19107671177807078,1,Normal
Normal,BootNotification,308.9154044617512,165,0.0,2026-01-23 11:29:30.160618,164.0,1,0.11722235278109816,1,Normal
Normal,Heartbeat,48.50460763478777,22,0.0,2026-01-23 11:31:43.160618,133.0,2,0.17154671354055823,1,Normal
Normal,MeterValues,168.84486868977373,75,20.311686474027162,2026-01-23 11:32:19.160618,36.0,3,0.15779824095153544,1,Normal
Normal,Heartbeat,51.270735211072726,58,0.0,2026-01-23 11:37:11.160618,292.0,2,0.15860908853902272,1,Normal
Normal,StopTransaction,384.04043382404376,154,0.0,2026-01-23 11:41:17.160618,246.0,5,0.0728282462187767,1,Normal
Normal,MeterValues,223.51358089827247,130,29.160591315379627,2026-01-23 11:43:05.160618,108.0,3,0.17893944912181436,1,Normal
Normal,Heartbeat,48.7881621890412,159,0.0,2026-01-23 11:45:02.160618,117.0,2,0.18830163006071826,1,Normal
Normal,MeterValues,192.44481861840217,64,55.66220657419555,2026-01-23 11:45:57.160618,55.0,3,0.14289271595256575,1,Normal
Normal,Heartbeat,51.87639914775221,115,0.0,2026-01-23 11:46:41.160618,44.0,2,0.18120336276397592,1,Normal
Normal,StopTransaction,318.819728503865,79,0.0,2026-01-23 11:51:18.160618,277.0,5,0.08601242584166846,1,Normal
Normal,BootNotification,310.1076999488377,120,0.0,2026-01-23 11:51:35.160618,17.0,1,0.10017456745129116,1,Normal
Normal,MeterValues,222.8064960058975,106,48.07888407645403,2026-01-23 11:53:16.160618,101.0,3,0.16486371152719076,1,Normal
Normal,Heartbeat,49.00388844991636,72,0.0,2026-01-23 11:53:40.160618,24.0,2,0.16954249461453852,1,Normal
Normal,Heartbeat,51.49626261244975,157,0.0,2026-01-23 11:58:28.160618,288.0,2,0.15888864450766532,1,Normal
Normal,StartTransaction,229.42659742565857,139,0.0,2026-01-23 12:01:46.160618,198.0,4,0.15396718732558068,1,Normal
Normal,Heartbeat,51.363060175278434,105,0.0,2026-01-23 12:06:05.160618,259.0,2,0.18733710904209272,1,Normal
Saldırı,MeterValues,167.0,58,901.0619291319376,2026-01-23 12:06:50.160618,45.0,3,-0.009197421270116801,-1,Saldırı
Normal,StartTransaction,247.36659953595273,70,0.0,2026-01-23 12:07:43.160618,53.0,4,0.13447472977989317,1,Normal
Normal,Heartbeat,48.97442691923825,144,0.0,2026-01-23 12:10:05.160618,142.0,2,0.19855007519949952,1,Normal
Normal,Heartbeat,51.648196554438314,55,0.0,2026-01-23 12:13:23.160618,198.0,2,0.184454935379126,1,Normal
Normal,MeterValues,233.68060576238747,166,23.754998672607226,2026-01-23 12:17:05.160618,222.0,3,0.14498326396419742,1,Normal
Normal,MeterValues,160.06430153315372,53,33.86584708084983,2026-01-23 12:19:10.160618,125.0,3,0.15864253527977196,1,Normal
Normal,Heartbeat,51.711615034498465,183,0.0,2026-01-23 12:22:38.160618,208.0,2,0.15129652290767237,1,Normal
Normal,StartTransaction,333.8472177377289,59,0.0,2026-01-23 12:27:32.160618,294.0,4,0.0891454747128495,1,Normal
Normal,StopTransaction,208.99705683777364,162,0.0,2026-01-23 12:29:24.160618,112.0,5,0.11232350954511072,1,Normal
Normal,MeterValues,164.17074170984222,120,51.85338326121964,2026-01-23 12:31:41.160618,137.0,3,0.15195727449929347,1,Normal
Normal,StartTransaction,354.62858922047616,112,0.0,2026-01-23 12:35:11.160618,210.0,4,0.13301975785138132,1,Normal
Normal,MeterValues,172.46060686948405,32,14.567540536396098,2026-01-23 12:35:53.160618,42.0,3,0.15300479187760901,1,Normal
Normal,Heartbeat,48.80675297129768,29,0.0,2026-01-23 12:36:37.160618,44.0,2,0.1647062147675073,1,Normal
Normal,Heartbeat,50.97252949894414,29,0.0,2026-01-23 12:40:19.160618,222.0,2,0.1677913223128658,1,Normal
Normal,Authorize,232.14072503371267,49,0.0,2026-01-23 12:44:07.160618,228.0,0,0.05828301393356805,1,Normal
Normal,Heartbeat,51.85299226501539,161,0.0,2026-01-23 12:46:55.160618,168.0,2,0.17810834145959797,1,Normal
Saldırı,BootNotification,1706.7573401384977,2833,0.0,2026-01-23 12:46:55.161618,0.001,1,-0.08672585053982562,-1,Saldırı
Normal,MeterValues,246.81857651929047,187,59.14806482982189,2026-01-23 12:48:42.161618,107.0,3,0.08032852471630525,1,Normal
Normal,Heartbeat,51.09028364688315,126,0.0,2026-01-23 12:53:27.161618,285.0,2,0.1683343428905706,1,Normal
Normal,Heartbeat,49.96864429928742,182,0.0,2026-01-23 12:57:38.161618,251.0,2,0.1554476832335006,1,Normal
Saldırı,BootNotification,1839.2434772250608,4076,0.0,2026-01-23 12:57:38.165618,0.004,1,-0.09345455209378206,-1,Saldırı
Normal,StopTransaction,262.7492601803606,162,0.0,2026-01-23 13:01:32.165618,234.0,5,0.11277005112360222,1,Normal
Saldırı,MeterValues,227.0,115,1161.9960329360422,2026-01-23 13:01:50.165618,18.0,3,-0.05429123345685116,-1,Saldırı
Normal,Heartbeat,50.95000502783856,102,0.0,2026-01-23 13:03:14.165618,84.0,2,0.19650076853638698,1,Normal
Normal,Heartbeat,48.03819342500638,119,0.0,2026-01-23 13:07:34.165618,260.0,2,0.16803420077038805,1,Normal
Normal,Heartbeat,51.107982512760046,24,0.0,2026-01-23 13:11:26.165618,232.0,2,0.16374192534399934,1,Normal
Normal,StartTransaction,296.50040864308676,71,0.0,2026-01-23 13:14:29.165618,183.0,4,0.13898797243801936,1,Normal
Normal,StartTransaction,213.38721381497763,138,0.0,2026-01-23 13:15:02.165618,33.0,4,0.12170027318632448,1,Normal
Normal,StartTransaction,385.31868406294967,148,0.0,2026-01-23 13:17:17.165618,135.0,4,0.11592021323936208,1,Normal
Normal,Heartbeat,49.24624505968433,92,0.0,2026-01-23 13:17:27.165618,10.0,2,0.15737665152442099,1,Normal
Normal,Heartbeat,50.31007065535044,103,0.0,2026-01-23 13:20:26.165618,179.0,2,0.19550586868495345,1,Normal
Normal,MeterValues,228.22566634832074,62,45.476794132113355,2026-01-23 13:24:46.165618,260.0,3,0.10963569701666875,1,Normal
Normal,StartTransaction,384.13437655033505,86,0.0,2026-01-23 13:28:30.165618,224.0,4,0.11131031502325556,1,Normal
Saldırı,MeterValues,201.0,97,1176.696652248461,2026-01-23 13:28:56.165618,26.0,3,-0.042567098431460226,-1,Saldırı
Normal,Heartbeat,50.719951019622926,124,0.0,2026-01-23 13:29:24.165618,28.0,2,0.18435529489006203,1,Normal
Normal,BootNotification,333.04784712729264,63,0.0,2026-01-23 13:33:15.165618,231.0,1,0.10024075234568797,1,Normal
Saldırı,BootNotification,2077.019901625594,3650,0.0,2026-01-23 13:33:15.175618,0.01,1,-0.09895128746298776,-1,Saldırı
Normal,StopTransaction,382.61600760836285,103,0.0,2026-01-23 13:33:56.175618,41.0,5,0.08030291860182093,1,Normal
Normal,Heartbeat,48.49315214349861,88,0.0,2026-01-23 13:36:06.175618,130.0,2,0.19686194489246844,1,Normal
Normal,BootNotification,288.98962187416487,74,0.0,2026-01-23 13:37:49.175618,103.0,1,0.13375682857986626,1,Normal
Normal,Heartbeat,48.269421871491986,157,0.0,2026-01-23 13:38:08.175618,19.0,2,0.15605772336383295,1,Normal
Normal,StartTransaction,258.0820170335285,176,0.0,2026-01-23 13:42:58.175618,290.0,4,0.11213100844810897,1,Normal
Normal,Heartbeat,48.21124285302979,78,0.0,2026-01-23 13:46:23.175618,205.0,2,0.18371435394346208,1,Normal
Normal,StopTransaction,339.39159493543787,95,0.0,2026-01-23 13:47:40.175618,77.0,5,0.11624464314951721,1,Normal
Normal,MeterValues,155.33953589432173,196,13.715637937884859,2026-01-23 13:51:45.175618,245.0,3,0.10362401292492801,1,Normal
Normal,Heartbeat,48.7421395576949,130,0.0,2026-01-23 13:53:55.175618,130.0,2,0.19676781252882186,1,Normal
Normal,MeterValues,181.30488905817126,35,17.012559423139145,2026-01-23 13:55:12.175618,77.0,3,0.15824645883907468,1,Normal
Normal,StopTransaction,325.2500533082497,24,0.0,2026-01-23 13:58:37.175618,205.0,5,0.08827551747996665,1,Normal
Normal,Heartbeat,48.07374746640103,41,0.0,2026-01-23 14:01:54.175618,197.0,2,0.1793480613898421,1,Normal
Normal,StartTransaction,357.1097818702609,72,0.0,2026-01-23 14:02:42.175618,48.0,4,0.11976690019580533,1,Normal
Normal,BootNotification,201.71909572863194,94,0.0,2026-01-23 14:06:58.175618,256.0,1,0.11632087459286611,1,Normal
Normal,MeterValues,175.19761783716302,56,25.36667405802688,2026-01-23 14:10:28.175618,210.0,3,0.1519861628604598,1,Normal
Normal,MeterValues,186.1942881631586,127,16.74880749651632,2026-01-23 14:10:58.175618,30.0,3,0.17601184766298428,1,Normal
Normal,MeterValues,192.69774873279042,131,23.028469391052496,2026-01-23 14:12:51.175618,113.0,3,0.1791324375877117,1,Normal
Normal,Authorize,298.5594472765793,59,0.0,2026-01-23 14:16:22.175618,211.0,0,0.06102771127719642,1,Normal
Normal,StartTransaction,245.06911259397987,104,0.0,2026-01-23 14:20:45.175618,263.0,4,0.13934337894784976,1,Normal
Normal,StartTransaction,330.4117358008945,91,0.0,2026-01-23 14:22:10.175618,85.0,4,0.14440366383103592,1,Normal
Normal,Heartbeat,50.53418122457926,108,0.0,2026-01-23 14:22:58.175618,48.0,2,0.19584898736268275,1,Normal
Normal,Heartbeat,50.37673763935148,143,0.0,2026-01-23 14:23:46.175618,48.0,2,0.18350876221203538,1,Normal
Normal,StartTransaction,250.35755857105886,92,0.0,2026-01-23 14:27:19.175618,213.0,4,0.1570774263755494,1,Normal
Saldırı,MeterValues,200.0,119,1171.8695658557212,2026-01-23 14:28:16.175618,57.0,3,-0.0438036102347642,-1,Saldırı
Normal,MeterValues,235.73658086042343,174,30.712775497586517,2026-01-23 14:32:17.175618,241.0,3,0.13130486702305788,1,Normal
Normal,MeterValues,218.60758569169138,38,34.87854418853428,2026-01-23 14:35:23.175618,186.0,3,0.14763818102020237,1,Normal
Normal,MeterValues,208.32700559899024,104,19.735340132999838,2026-01-23 14:40:10.175618,287.0,3,0.13520618515621696,1,Normal
Normal,Heartbeat,49.908465414077874,130,0.0,2026-01-23 14:43:18.175618,188.0,2,0.19267651036113403,1,Normal
Normal,BootNotification,389.2819788831998,42,0.0,2026-01-23 14:46:00.175618,162.0,1,0.08204671827163579,1,Normal
Normal,StopTransaction,319.904976614157,47,0.0,2026-01-23 14:50:54.175618,294.0,5,0.06329262224935106,1,Normal
Normal,MeterValues,222.39830373107213,151,25.544540315765182,2026-01-23 14:51:22.175618,28.0,3,0.15926130917415765,1,Normal
Normal,BootNotification,370.7931941514854,175,0.0,2026-01-23 14:53:41.175618,139.0,1,0.09652262605565559,1,Normal
Normal,Heartbeat,49.22446610592183,129,0.0,2026-01-23 14:54:26.175618,45.0,2,0.191390683806673,1,Normal
Normal,MeterValues,177.77856742998372,34,26.088147401061242,2026-01-23 14:55:46.175618,80.0,3,0.1497693882464634,1,Normal
Normal,Heartbeat,48.431315760635826,103,0.0,2026-01-23 14:57:55.175618,129.0,2,0.1989917792806265,1,Normal
Normal,Heartbeat,50.80292126764835,55,0.0,2026-01-23 15:00:25.175618,150.0,2,0.19396724292168,1,Normal
Normal,MeterValues,230.28151896082238,56,3.9673613357866144,2026-01-23 15:00:54.175618,29.0,3,0.1639294870485276,1,Normal
Normal,Heartbeat,51.89663026370408,24,0.0,2026-01-23 15:02:15.175618,81.0,2,0.15706786193374223,1,Normal
Normal,MeterValues,227.823553407528,180,6.157570434826303,2026-01-23 15:06:27.175618,252.0,3,0.1427581829857414,1,Normal
Normal,Heartbeat,48.75832441047297,95,0.0,2026-01-23 15:10:07.175618,220.0,2,0.1872756491042587,1,Normal
Normal,Heartbeat,50.775889768516556,183,0.0,2026-01-23 15:11:44.175618,97.0,2,0.1685463071421051,1,Normal
Normal,Heartbeat,50.52227238443196,83,0.0,2026-01-23 15:16:09.175618,265.0,2,0.18170187931624432,1,Normal
Normal,Heartbeat,48.962956426849686,75,0.0,2026-01-23 15:20:11.175618,242.0,2,0.18307308845920545,1,Normal
Normal,StopTransaction,348.5934266091383,23,0.0,2026-01-23 15:23:05.175618,174.0,5,0.08077954456283021,1,Normal
Normal,MeterValues,227.40122254992633,41,52.0781955386624,2026-01-23 15:26:24.175618,199.0,3,0.11554536672556304,1,Normal
Normal,MeterValues,207.72865665535826,164,30.011067045205547,2026-01-23 15:31:01.175618,277.0,3,0.133156074530551,1,Normal
Normal,MeterValues,155.86514682403265,83,47.94103333844205,2026-01-23 15:31:33.175618,32.0,3,0.13733102557445243,1,Normal
Normal,MeterValues,179.06937997459244,165,20.717067144234015,2026-01-23 15:33:14.175618,101.0,3,0.1613952417735029,1,Normal
Normal,Authorize,247.34423341433566,171,0.0,2026-01-23 15:35:36.175618,142.0,0,0.07459395158560711,1,Normal
Saldırı,MeterValues,248.0,90,1153.0611159153887,2026-01-23 15:36:04.175618,28.0,3,-0.05519832596244589,-1,Saldırı
Normal,Heartbeat,49.84829396257597,59,0.0,2026-01-23 15:37:30.175618,86.0,2,0.2008921267561512,1,Normal
Normal,Heartbeat,50.55616711248587,154,0.0,2026-01-23 15:41:03.175618,213.0,2,0.18801847566909718,1,Normal
Normal,StartTransaction,251.71002422392428,192,0.0,2026-01-23 15:45:45.175618,282.0,4,0.10473855262123388,1,Normal
Normal,BootNotification,316.64058794065505,118,0.0,2026-01-23 15:49:26.175618,221.0,1,0.11528775861074397,1,Normal
Normal,MeterValues,155.5037824384359,32,20.840910914479796,2026-01-23 15:54:01.175618,275.0,3,0.10852296434584285,1,Normal
Normal,Heartbeat,48.412382846845624,160,0.0,2026-01-23 15:57:06.175618,185.0,2,0.18053995136829593,1,Normal
Normal,Heartbeat,48.514639214097066,134,0.0,2026-01-23 15:57:50.175618,44.0,2,0.18488498625165167,1,Normal
Normal,Heartbeat,50.45656479578638,108,0.0,2026-01-23 16:00:29.175618,159.0,2,0.20309478066375053,1,Normal
Normal,MeterValues,233.76263724658992,71,14.186338566182952,2026-01-23 16:01:32.175618,63.0,3,0.16446453241382952,1,Normal
Normal,BootNotification,269.33116958720996,145,0.0,2026-01-23 16:04:27.175618,175.0,1,0.12437601280743266,1,Normal
Normal,MeterValues,227.2124809474283,97,50.48243679680374,2026-01-23 16:04:49.175618,22.0,3,0.13838292732046104,1,Normal
Normal,StartTransaction,220.34937204567376,73,0.0,2026-01-23 16:09:47.175618,298.0,4,0.10526563048043847,1,Normal
Normal,Heartbeat,48.48718921020158,189,0.0,2026-01-23 16:13:16.175618,209.0,2,0.14325614870296194,1,Normal
Normal,Heartbeat,49.12845572835502,154,0.0,2026-01-23 16:15:58.175618,162.0,2,0.18605666682026506,1,Normal
Normal,StopTransaction,269.48024602397754,88,0.0,2026-01-23 16:17:59.175618,121.0,5,0.1329673027140056,1,Normal
Normal,Heartbeat,50.18917894289187,175,0.0,2026-01-23 16:21:30.175618,211.0,2,0.17168432418931562,1,Normal
Normal,Heartbeat,49.08744787959065,198,0.0,2026-01-23 16:23:40.175618,130.0,2,0.15745867069551028,1,Normal
Normal,StopTransaction,225.72862204927912,149,0.0,2026-01-23 16:26:01.175618,141.0,5,0.1277426328248994,1,Normal
Normal,Heartbeat,51.31269453825554,117,0.0,2026-01-23 16:27:08.175618,67.0,2,0.1855714511732134,1,Normal
Normal,Authorize,352.1730713422838,71,0.0,2026-01-23 16:28:02.175618,54.0,0,0.04464696014162972,1,Normal
Normal,MeterValues,236.63263880839457,31,16.98842159123699,2026-01-23 16:29:11.175618,69.0,3,0.1541782309781064,1,Normal
Normal,StopTransaction,383.84755170391765,81,0.0,2026-01-23 16:32:10.175618,179.0,5,0.08586521448424655,1,Normal
Normal,StopTransaction,317.44449642559744,47,0.0,2026-01-23 16:34:34.175618,144.0,5,0.12126094792311992,1,Normal
Normal,Heartbeat,49.095122819674586,51,0.0,2026-01-23 16:37:58.175618,204.0,2,0.1884747110811152,1,Normal
Normal,Heartbeat,50.163739952324136,37,0.0,2026-01-23 16:39:05.175618,67.0,2,0.1860905590018373,1,Normal
Normal,StopTransaction,204.35268558394054,30,0.0,2026-01-23 16:39:36.175618,31.0,5,0.08232770054295646,1,Normal
Normal,MeterValues,159.12996541944855,88,48.8203860989655,2026-01-23 16:41:53.175618,137.0,3,0.14703707084510376,1,Normal
Normal,MeterValues,161.252240567846,80,27.09321369515817,2026-01-23 16:45:23.175618,210.0,3,0.14660874869745433,1,Normal
Normal,MeterValues,152.64650426588716,142,21.563437808747853,2026-01-23 16:49:46.175618,263.0,3,0.13666252996015327,1,Normal
Normal,Heartbeat,49.1939048245811,89,0.0,2026-01-23 16:53:45.175618,239.0,2,0.1871787772093731,1,Normal
Normal,MeterValues,229.2404324218057,51,29.843595632330043,2026-01-23 16:55:26.175618,101.0,3,0.16405566857984905,1,Normal
Normal,Heartbeat,48.10056970886557,67,0.0,2026-01-23 16:56:48.175618,82.0,2,0.1803560963972221,1,Normal
Normal,Heartbeat,51.06049132142524,191,0.0,2026-01-23 16:57:57.175618,69.0,2,0.1489225562310163,1,Normal
Normal,StopTransaction,334.08190460689207,23,0.0,2026-01-23 17:02:20.175618,263.0,5,0.0676730285304018,1,Normal
Normal,Heartbeat,48.657882853841436,36,0.0,2026-01-23 17:03:05.175618,45.0,2,0.17340899811727167,1,Normal
Normal,Heartbeat,51.55022361672612,94,0.0,2026-01-23 17:05:52.175618,167.0,2,0.19337386624350777,1,Normal
Normal,StartTransaction,312.19866023807185,95,0.0,2026-01-23 17:10:45.175618,293.0,4,0.1044399704793908,1,Normal
Normal,StopTransaction,267.4120272400607,87,0.0,2026-01-23 17:14:36.175618,231.0,5,0.11588774746882408,1,Normal
Normal,StartTransaction,287.22688603239817,139,0.0,2026-01-23 17:18:58.175618,262.0,4,0.1310907382428379,1,Normal
Normal,MeterValues,155.34966539594353,144,55.26456501860642,2026-01-23 17:21:23.175618,145.0,3,0.1221713641760439,1,Normal
Normal,Heartbeat,48.13591617557172,161,0.0,2026-01-23 17:25:05.175618,222.0,2,0.17618842436593568,1,Normal
Normal,Heartbeat,48.73006553755996,40,0.0,2026-01-23 17:28:11.175618,186.0,2,0.18367532281970467,1,Normal
Normal,Heartbeat,48.658988192126344,69,0.0,2026-01-23 17:32:02.175618,231.0,2,0.1843794242904533,1,Normal
Normal,StartTransaction,396.63257085152645,32,0.0,2026-01-23 17:32:37.175618,35.0,4,0.07367627730595794,1,Normal
Normal,StopTransaction,283.8956884484859,164,0.0,2026-01-23 17:35:54.175618,197.0,5,0.11632548377647772,1,Normal
Normal,Authorize,264.5156417959928,33,0.0,2026-01-23 17:40:53.175618,299.0,0,0.013531045974957578,1,Normal
Normal,StopTransaction,398.4012185790521,125,0.0,2026-01-23 17:42:42.175618,109.0,5,0.08213622320887448,1,Normal
Normal,BootNotification,293.71827571911047,121,0.0,2026-01-23 17:44:12.175618,90.0,1,0.13077542336359127,1,Normal
Normal,StartTransaction,321.35197767569707,52,0.0,2026-01-23 17:47:58.175618,226.0,4,0.12172452961533003,1,Normal
Normal,MeterValues,161.6164011635343,179,26.73583207817434,2026-01-23 17:50:36.175618,158.0,3,0.13570966637111975,1,Normal
Normal,Authorize,382.6765182822878,73,0.0,2026-01-23 17:53:45.175618,189.0,0,0.034184979861760834,1,Normal
Normal,MeterValues,178.20468478652734,125,35.25517183689839,2026-01-23 17:57:02.175618,197.0,3,0.1637019098452695,1,Normal
Normal,Authorize,265.49938586062314,113,0.0,2026-01-23 18:01:24.175618,262.0,0,0.057742546411349904,1,Normal
Normal,MeterValues,171.3116551700827,124,6.765803994071506,2026-01-23 18:05:31.175618,247.0,3,0.16418418963561587,1,Normal
Normal,Heartbeat,51.16328183053384,160,0.0,2026-01-23 18:07:50.175618,139.0,2,0.19153804790503037,1,Normal
Normal,BootNotification,381.6228026301149,65,0.0,2026-01-23 18:10:58.175618,188.0,1,0.08337104540070861,1,Normal
Normal,MeterValues,208.85726034835784,152,29.647241428256784,2026-01-23 18:11:21.175618,23.0,3,0.1502274014520144,1,Normal
Normal,Heartbeat,51.43090408081019,49,0.0,2026-01-23 18:14:48.175618,207.0,2,0.18414991218172277,1,Normal
Normal,Heartbeat,48.21745639418376,33,0.0,2026-01-23 18:18:35.175618,227.0,2,0.16635285479130968,1,Normal
Normal,Heartbeat,51.390285680760456,35,0.0,2026-01-23 18:22:11.175618,216.0,2,0.18042054742907337,1,Normal
Normal,Heartbeat,50.408334280803395,82,0.0,2026-01-23 18:25:07.175618,176.0,2,0.19590576468691645,1,Normal
Normal,Heartbeat,51.36099927598982,173,0.0,2026-01-23 18:26:00.175618,53.0,2,0.1672870232353022,1,Normal
Normal,Heartbeat,50.03708271468269,66,0.0,2026-01-23 18:29:29.175618,209.0,2,0.19367406009589083,1,Normal
Normal,Heartbeat,50.86534991242722,20,0.0,2026-01-23 18:33:41.175618,252.0,2,0.14902277134916114,1,Normal
Normal,Heartbeat,51.9340661789268,177,0.0,2026-01-23 18:36:57.175618,196.0,2,0.15892852189765966,1,Normal
Normal,MeterValues,156.20676292845232,35,29.710498006103574,2026-01-23 18:39:57.175618,180.0,3,0.13551718377370514,1,Normal
Normal,Heartbeat,50.660208870634776,36,0.0,2026-01-23 18:43:46.175618,229.0,2,0.17787348801814756,1,Normal
Normal,Heartbeat,48.54224890398451,145,0.0,2026-01-23 18:47:56.175618,250.0,2,0.17957851241559186,1,Normal
Normal,MeterValues,161.6905413477413,179,7.030335171185884,2026-01-23 18:50:38.175618,162.0,3,0.14747887992752806,1,Normal
Normal,Heartbeat,50.422837341991325,145,0.0,2026-01-23 18:52:11.175618,93.0,2,0.2000080041456529,1,Normal
Normal,MeterValues,151.4101457700479,94,29.87666605881494,2026-01-23 18:55:49.175618,218.0,3,0.14694983138298745,1,Normal
Normal,MeterValues,158.35066871232578,159,57.87986044852802,2026-01-23 18:57:42.175618,113.0,3,0.1186417782459191,1,Normal
Normal,StartTransaction,250.64103481950414,193,0.0,2026-01-23 19:01:52.175618,250.0,4,0.11519285120914058,1,Normal
Normal,Heartbeat,48.18720072351817,121,0.0,2026-01-23 19:06:44.175618,292.0,2,0.15159066322617598,1,Normal
Normal,Authorize,291.91415817671765,66,0.0,2026-01-23 19:09:16.175618,152.0,0,0.06876981888148392,1,Normal
Normal,StopTransaction,236.32138718963756,29,0.0,2026-01-23 19:11:24.175618,128.0,5,0.11672914522345468,1,Normal
Normal,Heartbeat,50.735803691063666,120,0.0,2026-01-23 19:15:40.175618,256.0,2,0.18727942422080107,1,Normal
Normal,MeterValues,200.1976618673037,129,56.36778134730224,2026-01-23 19:20:20.175618,280.0,3,0.09052249222513642,1,Normal
Normal,StartTransaction,280.8109196172638,126,0.0,2026-01-23 19:21:53.175618,93.0,4,0.15897751227462997,1,Normal
Saldırı,MeterValues,160.0,72,1044.2419265019905,2026-01-23 19:22:52.175618,59.0,3,-0.03153979354740133,-1,Saldırı
Normal,Authorize,208.589573314804,87,0.0,2026-01-23 19:25:53.175618,181.0,0,0.06821172291374344,1,Normal
Normal,MeterValues,161.60926261977977,157,57.87565403357316,2026-01-23 19:26:24.175618,31.0,3,0.11242523037966434,1,Normal
Normal,StopTransaction,289.83459956186726,47,0.0,2026-01-23 19:30:29.175618,245.0,5,0.10167615507496258,1,Normal
Normal,Heartbeat,49.82974984471796,188,0.0,2026-01-23 19:31:18.175618,49.0,2,0.15571616867326726,1,Normal
Normal,Heartbeat,48.37862011351082,47,0.0,2026-01-23 19:36:05.175618,287.0,2,0.15350530759591857,1,Normal
Normal,MeterValues,152.46899009088347,162,47.126952140471296,2026-01-23 19:37:28.175618,83.0,3,0.1382903075693756,1,Normal
Normal,Heartbeat,50.55506021984732,82,0.0,2026-01-23 19:38:06.175618,38.0,2,0.19174137862892815,1,Normal
Normal,StopTransaction,231.05894892040834,79,0.0,2026-01-23 19:38:25.175618,19.0,5,0.09000947420905503,1,Normal
Normal,Authorize,270.65789912878097,183,0.0,2026-01-23 19:41:04.175618,159.0,0,0.051594437252156955,1,Normal
Normal,MeterValues,225.14336327241324,107,49.85738635423667,2026-01-23 19:44:17.175618,193.0,3,0.1518174620425986,1,Normal
Normal,MeterValues,168.77409951552738,182,30.6433177656187,2026-01-23 19:45:36.175618,79.0,3,0.1396294770624374,1,Normal
Normal,StartTransaction,330.64084954352944,97,0.0,2026-01-23 19:48:48.175618,192.0,4,0.13537106523579917,1,Normal
Normal,Heartbeat,50.42350931866872,25,0.0,2026-01-23 19:49:29.175618,41.0,2,0.16373141056395474,1,Normal
Saldırı,MeterValues,197.0,145,950.7330155457923,2026-01-23 19:50:19.175618,50.0,3,-0.016961761807681386,-1,Saldırı
Normal,Authorize,324.1910101577252,89,0.0,2026-01-23 19:53:09.175618,170.0,0,0.06766409765829662,1,Normal
Normal,StopTransaction,342.8492590042555,63,0.0,2026-01-23 19:55:14.175618,125.0,5,0.11931787807671251,1,Normal
Normal,MeterValues,200.48469813195896,89,38.757251816167,2026-01-23 19:58:33.175618,199.0,3,0.15516905645176038,1,Normal
Normal,Heartbeat,50.65022639320319,56,0.0,2026-01-23 19:59:20.175618,47.0,2,0.19085787337121396,1,Normal
Normal,MeterValues,242.06280632156748,48,46.09428729205874,2026-01-23 20:01:41.175618,141.0,3,0.1367513434018237,1,Normal
Normal,StopTransaction,318.4078980688464,66,0.0,2026-01-23 20:03:28.175618,107.0,5,0.11949835767273775,1,Normal
Normal,Heartbeat,51.353739422597215,119,0.0,2026-01-23 20:04:39.175618,71.0,2,0.18532015944621627,1,Normal
Normal,StartTransaction,248.3179892891008,156,0.0,2026-01-23 20:09:31.175618,292.0,4,0.11562267131428494,1,Normal
Normal,MeterValues,201.60633115305197,158,52.48451776565035,2026-01-23 20:14:05.175618,274.0,3,0.10321033414388808,1,Normal
Normal,Heartbeat,50.28293136747591,184,0.0,2026-01-23 20:14:43.175618,38.0,2,0.15839115325946207,1,Normal
Normal,Heartbeat,48.52607485989847,51,0.0,2026-01-23 20:19:34.175618,291.0,2,0.15269947822967178,1,Normal
Normal,Heartbeat,48.87440797425769,192,0.0,2026-01-23 20:20:27.175618,53.0,2,0.14816668590249132,1,Normal
Normal,MeterValues,209.42344141179493,100,45.16261652703991,2026-01-23 20:25:14.175618,287.0,3,0.11820871237892216,1,Normal
Normal,MeterValues,165.50830021040684,78,14.00315150382722,2026-01-23 20:29:04.175618,230.0,3,0.143695066469271,1,Normal
Normal,StartTransaction,396.37475696546187,146,0.0,2026-01-23 20:29:56.175618,52.0,4,0.09123255962965227,1,Normal
Saldırı,BootNotification,1591.8030288368889,2780,0.0,2026-01-23 20:29:56.178618,0.003,1,-0.08064959908399283,-1,Saldırı
Normal,Heartbeat,49.72101074282891,60,0.0,2026-01-23 20:33:00.178618,184.0,2,0.19706885668418622,1,Normal
Normal,Heartbeat,51.675651486542606,84,0.0,2026-01-23 20:37:48.178618,288.0,2,0.16649178354342625,1,Normal
Normal,Heartbeat,51.84282395961245,47,0.0,2026-01-23 20:42:35.178618,287.0,2,0.14874784928340007,1,Normal
Normal,StopTransaction,240.1316321929183,193,0.0,2026-01-23 20:45:19.178618,164.0,5,0.10358385315102031,1,Normal
Normal,StopTransaction,244.08588798280306,88,0.0,2026-01-23 20:47:14.178618,115.0,5,0.12611393258649212,1,Normal
Normal,StartTransaction,221.35923826799024,123,0.0,2026-01-23 20:51:28.178618,254.0,4,0.13963749018904786,1,Normal
Saldırı,BootNotification,1955.501562693054,4809,0.0,2026-01-23 20:51:28.179618,0.001,1,-0.12327798791236577,-1,Saldırı
Normal,BootNotification,384.60312936301705,164,0.0,2026-01-23 20:55:20.179618,232.0,1,0.07094645827773183,1,Normal
Normal,MeterValues,202.78689253090053,110,27.01575552055628,2026-01-23 21:00:04.179618,284.0,3,0.1392080932744048,1,Normal
Normal,Heartbeat,49.10521083794047,104,0.0,2026-01-23 21:03:49.179618,225.0,2,0.19276145372917375,1,Normal
Normal,MeterValues,213.5502902170222,186,55.564085170512016,2026-01-23 21:05:22.179618,93.0,3,0.10386216783079039,1,Normal
Saldırı,BootNotification,2447.2453397570685,3476,0.0,2026-01-23 21:05:22.189618,0.01,1,-0.11081117291255171,-1,Saldırı
Normal,StartTransaction,290.10846824475414,81,0.0,2026-01-23 21:09:30.189618,248.0,4,0.13734923038153174,1,Normal
Normal,Authorize,223.70971797888006,176,0.0,2026-01-23 21:14:07.189618,277.0,0,0.04208728226030323,1,Normal
Normal,StopTransaction,299.13306040711456,156,0.0,2026-01-23 21:17:08.189618,181.0,5,0.11565872567903257,1,Normal
Normal,Heartbeat,49.32276808728354,139,0.0,2026-01-23 21:19:16.189618,128.0,2,0.20144612104107895,1,Normal
Normal,Heartbeat,50.90502703811529,20,0.0,2026-01-23 21:23:30.189618,254.0,2,0.14744615509723902,1,Normal
Normal,Heartbeat,51.56246814455983,185,0.0,2026-01-23 21:24:57.189618,87.0,2,0.15870501273153725,1,Normal
Normal,BootNotification,294.7554012015138,192,0.0,2026-01-23 21:26:31.189618,94.0,1,0.10057341658705116,1,Normal
Normal,Heartbeat,48.45475401816917,91,0.0,2026-01-23 21:29:17.189618,166.0,2,0.19414162514168803,1,Normal
Normal,StopTransaction,292.64778833762097,78,0.0,2026-01-23 21:33:12.189618,235.0,5,0.1112070532595707,1,Normal
Normal,MeterValues,183.22661236797958,109,51.64585073604372,2026-01-23 21:36:35.189618,203.0,3,0.14547866209827764,1,Normal
Normal,Heartbeat,49.91454979048153,186,0.0,2026-01-23 21:38:49.189618,134.0,2,0.17332768003311178,1,Normal
Normal,Heartbeat,50.8448382435374,158,0.0,2026-01-23 21:42:23.189618,214.0,2,0.18327186885503732,1,Normal
Saldırı,BootNotification,1964.6509611324102,4812,0.0,2026-01-23 21:42:23.190618,0.001,1,-0.12327798791236577,-1,Saldırı
Normal,Heartbeat,48.44240400263848,172,0.0,2026-01-23 21:46:43.190618,260.0,2,0.160161489464349,1,Normal
Normal,StopTransaction,237.80964238281578,89,0.0,2026-01-23 21:47:52.190618,69.0,5,0.11666532893986403,1,Normal
Normal,Heartbeat,51.87361182583753,36,0.0,2026-01-23 21:51:39.190618,227.0,2,0.16461511340307028,1,Normal
Normal,MeterValues,190.5825097913557,82,30.77402073226903,2026-01-23 21:55:14.190618,215.0,3,0.15691276311088126,1,Normal
Normal,StopTransaction,212.97168732550844,66,0.0,2026-01-23 21:58:19.190618,185.0,5,0.10537795261793742,1,Normal
Normal,StopTransaction,286.436297735786,30,0.0,2026-01-23 21:59:30.190618,71.0,5,0.10760586530994232,1,Normal
Normal,Heartbeat,51.69271565861965,74,0.0,2026-01-23 22:03:16.190618,226.0,2,0.1808087444398282,1,Normal
Normal,MeterValues,178.508969806837,48,39.47065305981395,2026-01-23 22:05:34.190618,138.0,3,0.16387469871605437,1,Normal
Normal,StopTransaction,306.6290274220489,125,0.0,2026-01-23 22:08:09.190618,155.0,5,0.13080803121098689,1,Normal
Normal,Heartbeat,49.5797115696342,26,0.0,2026-01-23 22:10:22.190618,133.0,2,0.18255104560433605,1,Normal
Normal,MeterValues,235.17924673876232,82,40.146416792762764,2026-01-23 22:10:40.190618,18.0,3,0.13188987870012264,1,Normal
Normal,MeterValues,222.8423357330705,174,36.5997968607126,2026-01-23 22:15:38.190618,298.0,3,0.09356918132004532,1,Normal
Normal,MeterValues,214.78586448342804,137,28.87520400065149,2026-01-23 22:16:47.190618,69.0,3,0.17070008907749823,1,Normal
Normal,BootNotification,327.80479283680444,77,0.0,2026-01-23 22:18:20.190618,93.0,1,0.12446934545585497,1,Normal
Normal,MeterValues,182.27994161221048,46,7.495118112761078,2026-01-23 22:21:53.190618,213.0,3,0.15809857461015014,1,Normal
Normal,MeterValues,247.7336676858566,101,55.01289557939072,2026-01-23 22:24:53.190618,180.0,3,0.13146419848495833,1,Normal
Normal,MeterValues,187.70658804543083,169,11.902961523512213,2026-01-23 22:29:33.190618,280.0,3,0.13798745324998968,1,Normal
Normal,Heartbeat,49.33338603667288,166,0.0,2026-01-23 22:32:38.190618,185.0,2,0.18262942890446082,1,Normal
Normal,MeterValues,225.79064675104195,41,6.68840042973061,2026-01-23 22:35:37.190618,179.0,3,0.1682520998500479,1,Normal
Normal,Authorize,351.78409437430554,30,0.0,2026-01-23 22:36:20.190618,43.0,0,0.029351071242851634,1,Normal
Normal,Heartbeat,48.44232882396223,176,0.0,2026-01-23 22:39:13.190618,173.0,2,0.17687456561346193,1,Normal
Normal,StopTransaction,374.8429147672262,195,0.0,2026-01-23 22:40:49.190618,96.0,5,0.08056053226488835,1,Normal
Normal,Heartbeat,48.36613472317414,64,0.0,2026-01-23 22:44:30.190618,221.0,2,0.18619375022918777,1,Normal
Normal,MeterValues,156.8351525681303,194,3.8829059212142703,2026-01-23 22:47:50.190618,200.0,3,0.1363258691461443,1,Normal
Normal,Heartbeat,50.44722493172998,32,0.0,2026-01-23 22:49:04.190618,74.0,2,0.17817678059331088,1,Normal
Normal,Heartbeat,51.73985474115634,119,0.0,2026-01-23 22:53:55.190618,291.0,2,0.1561559717958813,1,Normal
Normal,Heartbeat,50.86615969036984,171,0.0,2026-01-23 22:57:50.190618,235.0,2,0.17357609696047294,1,Normal
Normal,StartTransaction,315.37267195740696,88,0.0,2026-01-23 23:00:50.190618,180.0,4,0.1384145220310568,1,Normal
Normal,Heartbeat,48.7882742493298,45,0.0,2026-01-23 23:05:47.190618,297.0,2,0.13919022900754224,1,Normal
Normal,StopTransaction,367.5893529187051,76,0.0,2026-01-23 23:08:09.190618,142.0,5,0.111569193553754,1,Normal
Normal,MeterValues,243.06172274212034,146,54.314570391951705,2026-01-23 23:10:26.190618,137.0,3,0.1382120729195176,1,Normal
Normal,MeterValues,242.49630817865972,163,7.618949332943563,2026-01-23 23:14:41.190618,255.0,3,0.15142527273597195,1,Normal
Normal,Heartbeat,48.776382899988306,130,0.0,2026-01-23 23:14:53.190618,12.0,2,0.15031750649925313,1,Normal
Normal,Heartbeat,50.816839013933155,25,0.0,2026-01-23 23:19:15.190618,262.0,2,0.15199354500605616,1,Normal
Normal,Heartbeat,50.41334037600292,196,0.0,2026-01-23 23:23:39.190618,264.0,2,0.13644388228487597,1,Normal
Normal,Authorize,365.50872831732767,137,0.0,2026-01-23 23:28:03.190618,264.0,0,0.03726921379718451,1,Normal
Normal,Heartbeat,49.84289292376408,193,0.0,2026-01-23 23:29:53.190618,110.0,2,0.16527468654679295,1,Normal
Normal,StopTransaction,326.6050486528085,99,0.0,2026-01-23 23:33:06.190618,193.0,5,0.11460579538600613,1,Normal
Normal,StopTransaction,348.6934202713968,122,0.0,2026-01-23 23:36:39.190618,213.0,5,0.11141079617895355,1,Normal
Normal,StartTransaction,210.64039626906631,84,0.0,2026-01-23 23:38:08.190618,89.0,4,0.153222144966568,1,Normal
Normal,StopTransaction,282.1496446684652,50,0.0,2026-01-23 23:39:07.190618,59.0,5,0.11193843295390715,1,Normal
Normal,MeterValues,190.4377245657293,54,1.0238604840180265,2026-01-23 23:42:16.190618,189.0,3,0.16903088911975928,1,Normal
Normal,Heartbeat,50.54597720946953,44,0.0,2026-01-23 23:44:37.190618,141.0,2,0.19799896214210277,1,Normal
Normal,MeterValues,184.26553941347726,36,16.43486353317702,2026-01-23 23:46:32.190618,115.0,3,0.16536872337804082,1,Normal
Normal,Heartbeat,51.27745471942647,174,0.0,2026-01-23 23:50:06.190618,214.0,2,0.16673677483725685,1,Normal
Normal,MeterValues,153.44092880986082,72,54.10666515624394,2026-01-23 23:50:44.190618,38.0,3,0.11491072461031421,1,Normal
Normal,StopTransaction,325.49923081846634,45,0.0,2026-01-23 23:53:24.190618,160.0,5,0.11586958585249063,1,Normal
Normal,Authorize,256.19014739354685,187,0.0,2026-01-23 23:54:17.190618,53.0,0,0.03921691735853172,1,Normal
Normal,MeterValues,186.6467947726058,25,11.621582220887221,2026-01-23 23:56:41.190618,144.0,3,0.1495258898548552,1,Normal
Normal,StopTransaction,286.1393760081692,80,0.0,2026-01-23 23:59:41.190618,180.0,5,0.12329349418313018,1,Normal
Normal,MeterValues,218.03400836079422,158,53.511595576804034,2026-01-24 00:04:15.190618,274.0,3,0.09591919916069747,1,Normal
Normal,StopTransaction,332.6221364823066,94,0.0,2026-01-24 00:06:00.190618,105.0,5,0.12124463762038312,1,Normal
Normal,StopTransaction,308.16837159999557,151,0.0,2026-01-24 00:06:32.190618,32.0,5,0.09730867340325117,1,Normal
Normal,Heartbeat,48.74023071056864,98,0.0,2026-01-24 00:11:16.190618,284.0,2,0.16682641074894672,1,Normal
Normal,Heartbeat,51.05756335811827,60,0.0,2026-01-24 00:15:18.190618,242.0,2,0.18621298193324576,1,Normal
Normal,StartTransaction,265.36270588448787,45,0.0,2026-01-24 00:19:40.190618,262.0,4,0.12384099584786679,1,Normal
Normal,Authorize,398.1605895537638,42,0.0,2026-01-24 00:23:41.190618,241.0,0,0.005601181528932853,1,Normal
Normal,Heartbeat,50.969183337173796,60,0.0,2026-01-24 00:23:57.190618,16.0,2,0.16075454476597956,1,Normal
Normal,Heartbeat,48.71760510152578,33,0.0,2026-01-24 00:25:29.190618,92.0,2,0.17757011345666146,1,Normal
Normal,MeterValues,248.85553367395042,120,34.67456526820567,2026-01-24 00:26:46.190618,77.0,3,0.15593741885871776,1,Normal
Normal,Heartbeat,51.344303365861094,90,0.0,2026-01-24 00:28:05.190618,79.0,2,0.19397988383678483,1,Normal
Normal,StartTransaction,396.6956112903714,65,0.0,2026-01-24 00:31:38.190618,213.0,4,0.10219552154842626,1,Normal
Normal,Heartbeat,49.48177407230257,130,0.0,2026-01-24 00:34:17.190618,159.0,2,0.19391280222000062,1,Normal
Normal,Heartbeat,51.675772835064905,115,0.0,2026-01-24 00:37:04.190618,167.0,2,0.1911146185860243,1,Normal
Normal,Heartbeat,48.37694619363749,26,0.0,2026-01-24 00:41:23.190618,259.0,2,0.15447270354928638,1,Normal
Normal,MeterValues,245.1304720145197,20,42.381501644032404,2026-01-24 00:43:02.190618,99.0,3,0.11587201118652068,1,Normal
Normal,MeterValues,170.02717194121323,61,19.84943392435297,2026-01-24 00:45:25.190618,143.0,3,0.16649809557547507,1,Normal
Normal,Authorize,336.76682221405053,196,0.0,2026-01-24 00:45:35.190618,10.0,0,0.00014839762365626008,1,Normal
Normal,MeterValues,197.82782014822473,143,45.27118371343734,2026-01-24 00:47:33.190618,118.0,3,0.16916622062094178,1,Normal
Normal,StopTransaction,201.55460988702947,169,0.0,2026-01-24 00:50:17.190618,164.0,5,0.10962306150867213,1,Normal
Normal,StopTransaction,217.29862695431436,186,0.0,2026-01-24 00:53:32.190618,195.0,5,0.09264411039736353,1,Normal
Normal,StopTransaction,277.45082726952086,40,0.0,2026-01-24 00:54:23.190618,51.0,5,0.100483206146748,1,Normal
Normal,MeterValues,154.44650548337953,131,26.481774685759994,2026-01-24 00:58:35.190618,252.0,3,0.14026972061955278,1,Normal
Normal,StartTransaction,254.45455019480642,135,0.0,2026-01-24 01:00:10.190618,95.0,4,0.15728313656928716,1,Normal
Normal,StopTransaction,383.22149937292045,155,0.0,2026-01-24 01:01:22.190618,72.0,5,0.08404289299500034,1,Normal
Normal,BootNotification,357.61691073133505,66,0.0,2026-01-24 01:04:12.190618,170.0,1,0.09981510662720727,1,Normal
Normal,Authorize,349.2220608205469,149,0.0,2026-01-24 01:07:44.190618,212.0,0,0.05064632061504171,1,Normal
Normal,MeterValues,165.1759241258793,70,2.205162807440053,2026-01-24 01:12:01.190618,257.0,3,0.14221040114754346,1,Normal
Normal,MeterValues,207.34287113087473,172,24.27377975691983,2026-01-24 01:15:06.190618,185.0,3,0.15401060195974453,1,Normal
Normal,StopTransaction,250.6432021240237,192,0.0,2026-01-24 01:19:40.190618,274.0,5,0.07586140361842975,1,Normal
Normal,StopTransaction,223.64219809789128,43,0.0,2026-01-24 01:21:02.190618,82.0,5,0.11666304925683108,1,Normal
Normal,MeterValues,236.86312941718165,87,40.01284994202266,2026-01-24 01:23:24.190618,142.0,3,0.15436635002617483,1,Normal
Normal,MeterValues,169.02308990705637,151,59.74356564822844,2026-01-24 01:27:45.190618,261.0,3,0.0798949345170834,1,Normal
Saldırı,MeterValues,168.0,125,1118.4380381781123,2026-01-24 01:27:58.190618,13.0,3,-0.04975872091727718,-1,Saldırı
Normal,Authorize,214.68981977018723,63,0.0,2026-01-24 01:30:39.190618,161.0,0,0.07478847982009229,1,Normal
Normal,MeterValues,179.0183531088494,27,24.160670401816372,2026-01-24 01:32:27.190618,108.0,3,0.1491403997058675,1,Normal
Normal,BootNotification,251.4608201485405,160,0.0,2026-01-24 01:33:24.190618,57.0,1,0.12318036912595809,1,Normal
Normal,StartTransaction,323.6802109937981,134,0.0,2026-01-24 01:37:26.190618,242.0,4,0.12794064770216335,1,Normal
Normal,MeterValues,208.5215904637278,131,2.0631755094711024,2026-01-24 01:41:19.190618,233.0,3,0.17355409117154824,1,Normal
Normal,Authorize,297.7858949218586,187,0.0,2026-01-24 01:46:19.190618,300.0,0,0.000860630723477418,1,Normal
Normal,Heartbeat,50.803364169220295,169,0.0,2026-01-24 01:47:05.190618,46.0,2,0.17487099756152813,1,Normal
Normal,MeterValues,151.8377330106147,58,34.579197207737074,2026-01-24 01:51:53.190618,288.0,3,0.10336968810265484,1,Normal
Normal,MeterValues,235.63826941660489,199,30.295588145341668,2026-01-24 01:54:46.190618,173.0,3,0.12415160162762645,1,Normal
Normal,BootNotification,292.9955524444071,25,0.0,2026-01-24 01:57:11.190618,145.0,1,0.10432620687677069,1,Normal
Normal,MeterValues,223.71517489899003,72,49.234516552831614,2026-01-24 02:00:18.190618,187.0,3,0.14176969628730968,1,Normal
Normal,Heartbeat,48.36194502476387,53,0.0,2026-01-24 02:00:28.190618,10.0,2,0.14281198082284813,1,Normal
Normal,Heartbeat,51.1741206331621,112,0.0,2026-01-24 02:01:09.190618,41.0,2,0.1913585172867942,1,Normal
Normal,Heartbeat,48.03228580349422,54,0.0,2026-01-24 02:03:38.190618,149.0,2,0.18572492175190464,1,Normal
Normal,StartTransaction,230.58835806522484,28,0.0,2026-01-24 02:04:08.190618,30.0,4,0.10795177040480569,1,Normal
Saldırı,MeterValues,154.0,138,917.9953063957979,2026-01-24 02:04:44.190618,36.0,3,-0.024438775152639258,-1,Saldırı
Normal,StopTransaction,340.4865596739158,135,0.0,2026-01-24 02:06:24.190618,100.0,5,0.11721487247785811,1,Normal
Normal,StopTransaction,273.85848161298065,198,0.0,2026-01-24 02:09:58.190618,214.0,5,0.09188506245648242,1,Normal
Normal,Authorize,205.1749056365532,39,0.0,2026-01-24 02:13:37.190618,219.0,0,0.05545632415948154,1,Normal
Normal,MeterValues,164.51186102515754,150,23.610241666599364,2026-01-24 02:18:31.190618,294.0,3,0.10588947215096439,1,Normal
Normal,MeterValues,187.8922308344143,156,31.18394546720055,2026-01-24 02:22:48.190618,257.0,3,0.1456252790672764,1,Normal
Normal,Heartbeat,49.78727663511822,87,0.0,2026-01-24 02:27:44.190618,296.0,2,0.15873159232530393,1,Normal
Normal,MeterValues,243.78438615032553,143,3.111657071745084,2026-01-24 02:32:34.190618,290.0,3,0.1434729841713216,1,Normal
Normal,Heartbeat,50.575951188956125,143,0.0,2026-01-24 02:33:27.190618,53.0,2,0.1869391556178897,1,Normal
Saldırı,BootNotification,2470.4085709139376,3172,0.0,2026-01-24 02:33:27.196618,0.006,1,-0.10335493135601792,-1,Saldırı
Normal,StopTransaction,296.0283852805743,170,0.0,2026-01-24 02:34:54.196618,87.0,5,0.11612065092084767,1,Normal
Normal,MeterValues,224.47016441002745,194,7.114743932590852,2026-01-24 02:36:48.196618,114.0,3,0.1492861017394882,1,Normal
Normal,Heartbeat,48.03521469384454,49,0.0,2026-01-24 02:37:43.196618,55.0,2,0.1747247113313697,1,Normal
Normal,MeterValues,157.58423720221919,66,34.468305163010825,2026-01-24 02:42:40.196618,297.0,3,0.09388212298011833,1,Normal
Normal,Heartbeat,50.84954085881405,170,0.0,2026-01-24 02:45:26.196618,166.0,2,0.1820801057704014,1,Normal
Normal,MeterValues,223.20009956339044,148,20.935196318774636,2026-01-24 02:46:58.196618,92.0,3,0.17584630803073154,1,Normal
Normal,MeterValues,233.6978570215888,94,38.90356203426018,2026-01-24 02:48:04.196618,66.0,3,0.1565126426548874,1,Normal
Normal,BootNotification,204.67598429539044,137,0.0,2026-01-24 02:49:48.196618,104.0,1,0.1333932053230622,1,Normal
Normal,MeterValues,215.55703604923576,188,4.107444251599062,2026-01-24 02:52:33.196618,165.0,3,0.16424875624589585,1,Normal
Normal,StartTransaction,361.77731770254206,135,0.0,2026-01-24 02:53:58.196618,85.0,4,0.12819276169707522,1,Normal
Normal,Heartbeat,51.875551477836936,174,0.0,2026-01-24 02:58:14.196618,256.0,2,0.15648508144318196,1,Normal
Normal,Heartbeat,51.095733454612756,62,0.0,2026-01-24 02:58:39.196618,25.0,2,0.17247042048903233,1,Normal
Normal,MeterValues,235.11273901523043,183,53.67307457230227,2026-01-24 03:01:38.196618,179.0,3,0.11519493544632359,1,Normal
Normal,MeterValues,160.90203737962665,151,19.56492246038662,2026-01-24 03:03:29.196618,111.0,3,0.1661005763470021,1,Normal
Normal,Heartbeat,51.88150800981695,149,0.0,2026-01-24 03:04:57.196618,88.0,2,0.1857719045406595,1,Normal
Normal,MeterValues,234.38204969829945,198,16.860065023491487,2026-01-24 03:07:10.196618,133.0,3,0.1378730469669801,1,Normal
Normal,StopTransaction,356.87079960421875,167,0.0,2026-01-24 03:08:37.196618,87.0,5,0.0994630211622688,1,Normal
Normal,StartTransaction,336.93350040097835,105,0.0,2026-01-24 03:10:14.196618,97.0,4,0.1491616446733437,1,Normal
Normal,Heartbeat,48.99274924236554,162,0.0,2026-01-24 03:13:54.196618,220.0,2,0.18186726269551318,1,Normal
Normal,StopTransaction,259.96292501897415,131,0.0,2026-01-24 03:18:02.196618,248.0,5,0.11231361934844403,1,Normal
Normal,Heartbeat,48.71259607029831,57,0.0,2026-01-24 03:20:08.196618,126.0,2,0.19293775186831252,1,Normal
Normal,MeterValues,241.36252507183352,79,38.07344835692997,2026-01-24 03:20:53.196618,45.0,3,0.14989727873863623,1,Normal
Normal,Heartbeat,49.59096213517559,159,0.0,2026-01-24 03:21:32.196618,39.0,2,0.18213882921622987,1,Normal
Normal,MeterValues,189.194008052267,178,23.376923779795288,2026-01-24 03:25:58.196618,266.0,3,0.12624655377937272,1,Normal
Normal,MeterValues,150.909475911449,38,58.659214761867055,2026-01-24 03:29:35.196618,217.0,3,0.07216775483223214,1,Normal
Normal,MeterValues,165.20714968860392,85,48.00989698834067,2026-01-24 03:33:02.196618,207.0,3,0.13211624870870303,1,Normal
Normal,Heartbeat,48.92443459523636,193,0.0,2026-01-24 03:36:45.196618,223.0,2,0.14629697308694967,1,Normal
Normal,Authorize,347.77051575968795,200,0.0,2026-01-24 03:40:45.196618,240.0,0,0.010624013038690538,1,Normal
Normal,Heartbeat,48.077461732450494,191,0.0,2026-01-24 03:42:34.196618,109.0,2,0.15465059209736137,1,Normal
Normal,Heartbeat,48.39283134411698,157,0.0,2026-01-24 03:42:48.196618,14.0,2,0.14832978481937864,1,Normal
Normal,MeterValues,235.7158517516174,62,10.464081864646428,2026-01-24 03:46:43.196618,235.0,3,0.1589241819844882,1,Normal
Normal,Heartbeat,51.11491833806356,143,0.0,2026-01-24 03:49:47.196618,184.0,2,0.18845633210363177,1,Normal
Normal,MeterValues,218.3374949780802,37,2.9984434355787726,2026-01-24 03:51:56.196618,129.0,3,0.1774410230339592,1,Normal
Normal,Heartbeat,50.87716777108367,107,0.0,2026-01-24 03:54:06.196618,130.0,2,0.20163288699794824,1,Normal
Normal,MeterValues,171.5093704490097,161,36.07866799499126,2026-01-24 03:59:02.196618,296.0,3,0.1014914219819485,1,Normal
Normal,MeterValues,222.09200328185037,70,38.78570050089033,2026-01-24 04:00:48.196618,106.0,3,0.16129856360164657,1,Normal
Normal,Heartbeat,48.865844996369916,138,0.0,2026-01-24 04:01:08.196618,20.0,2,0.16818212098569318,1,Normal
Normal,Heartbeat,50.5320662027013,136,0.0,2026-01-24 04:05:31.196618,263.0,2,0.1866481017433939,1,Normal
Normal,StartTransaction,242.03772205850552,80,0.0,2026-01-24 04:07:53.196618,142.0,4,0.16275249860723945,1,Normal
Normal,MeterValues,156.21378885335068,131,38.93928415863402,2026-01-24 04:08:27.196618,34.0,3,0.1429713656344389,1,Normal
Normal,StartTransaction,214.21909947241286,196,0.0,2026-01-24 04:12:44.196618,257.0,4,0.10636908749690338,1,Normal
Normal,MeterValues,152.53379171567008,168,48.624281699681454,2026-01-24 04:14:42.196618,118.0,3,0.1319895044615308,1,Normal
Normal,Heartbeat,49.7845978440039,109,0.0,2026-01-24 04:16:21.196618,99.0,2,0.2010509716962141,1,Normal
Normal,Heartbeat,50.09192956067016,55,0.0,2026-01-24 04:18:54.196618,153.0,2,0.19303652065391969,1,Normal
Normal,StartTransaction,213.50965665652973,52,0.0,2026-01-24 04:19:49.196618,55.0,4,0.13125394739293889,1,Normal
Normal,Heartbeat,48.77344752334504,156,0.0,2026-01-24 04:23:49.196618,240.0,2,0.1764528107994645,1,Normal
Normal,MeterValues,184.02853812415327,148,28.093912975370667,2026-01-24 04:25:34.196618,105.0,3,0.17363192461274185,1,Normal
Normal,StopTransaction,320.4311909943003,54,0.0,2026-01-24 04:30:30.196618,296.0,5,0.06241754520976395,1,Normal
Normal,Heartbeat,48.7324042771141,94,0.0,2026-01-24 04:31:58.196618,88.0,2,0.19318163743681854,1,Normal
Normal,MeterValues,226.4646851008331,56,30.121090658369724,2026-01-24 04:34:45.196618,167.0,3,0.16257600973597708,1,Normal
Normal,StopTransaction,256.5927841522792,33,0.0,2026-01-24 04:38:27.196618,222.0,5,0.10534683499515446,1,Normal
Normal,Heartbeat,51.778546715445195,95,0.0,2026-01-24 04:43:09.196618,282.0,2,0.16263292656672818,1,Normal
Normal,StartTransaction,371.6797385505458,188,0.0,2026-01-24 04:45:23.196618,134.0,4,0.11074484127505435,1,Normal
Normal,MeterValues,167.51701167616537,135,10.991616047482442,2026-01-24 04:47:12.196618,109.0,3,0.17453843121276846,1,Normal
Normal,Heartbeat,48.53815794217143,176,0.0,2026-01-24 04:48:52.196618,100.0,2,0.1798140030044426,1,Normal
Normal,MeterValues,161.6055620340717,172,7.990180415377757,2026-01-24 04:52:15.196618,203.0,3,0.1482539921110116,1,Normal
Normal,Heartbeat,49.63376356544445,45,0.0,2026-01-24 04:55:31.196618,196.0,2,0.19096391468412915,1,Normal
Normal,Authorize,292.6296055366872,108,0.0,2026-01-24 04:55:49.196618,18.0,0,0.045463663164503454,1,Normal
Normal,MeterValues,159.13872024407536,36,20.70492832302264,2026-01-24 04:57:36.196618,107.0,3,0.14281453369250252,1,Normal
Normal,Heartbeat,48.45737191613625,102,0.0,2026-01-24 05:01:50.196618,254.0,2,0.18217906704412706,1,Normal
Normal,StartTransaction,239.44014974524433,157,0.0,2026-01-24 05:05:54.196618,244.0,4,0.14049213186104748,1,Normal
Normal,Heartbeat,48.40191403304355,160,0.0,2026-01-24 05:06:48.196618,54.0,2,0.17561952145058035,1,Normal
Normal,MeterValues,191.5038953632463,76,16.33009160849435,2026-01-24 05:09:16.196618,148.0,3,0.17348315611820292,1,Normal
Normal,StopTransaction,264.34314767175886,21,0.0,2026-01-24 05:11:20.196618,124.0,5,0.1078320669305074,1,Normal
Normal,Heartbeat,51.21472070518284,175,0.0,2026-01-24 05:15:11.196618,231.0,2,0.16751533746360592,1,Normal
Normal,Heartbeat,51.75699703141139,29,0.0,2026-01-24 05:18:31.196618,200.0,2,0.15895217795652683,1,Normal
Normal,Heartbeat,50.62375295402512,194,0.0,2026-01-24 05:20:02.196618,91.0,2,0.15997989522752765,1,Normal
Normal,Heartbeat,50.655527997950195,194,0.0,2026-01-24 05:21:56.196618,114.0,2,0.1601039816199506,1,Normal
Normal,MeterValues,237.40781457161864,113,30.309302020280423,2026-01-24 05:26:17.196618,261.0,3,0.13654475787078968,1,Normal
Normal,Heartbeat,51.420323261308994,150,0.0,2026-01-24 05:28:14.196618,117.0,2,0.1897380131033165,1,Normal
Normal,Heartbeat,49.77470506615344,198,0.0,2026-01-24 05:30:22.196618,128.0,2,0.15879813100697165,1,Normal
Normal,Heartbeat,51.353978763668415,132,0.0,2026-01-24 05:31:07.196618,45.0,2,0.184914550769756,1,Normal
Normal,MeterValues,248.87369111556174,104,51.23208762696778,2026-01-24 05:35:32.196618,265.0,3,0.09780449582493433,1,Normal
Normal,Heartbeat,49.32920078204748,197,0.0,2026-01-24 05:35:51.196618,19.0,2,0.12335762783934723,1,Normal
Normal,MeterValues,219.10954148293288,119,25.050828938675092,2026-01-24 05:39:17.196618,206.0,3,0.16590197674732254,1,Normal
Normal,Heartbeat,48.079247517538604,94,0.0,2026-01-24 05:43:32.196618,255.0,2,0.17704884839022172,1,Normal
Normal,Heartbeat,48.23165266170562,68,0.0,2026-01-24 05:47:01.196618,209.0,2,0.1824718903785253,1,Normal
Normal,StartTransaction,317.53335338503524,113,0.0,2026-01-24 05:47:48.196618,47.0,4,0.13689038196622993,1,Normal
Normal,StartTransaction,348.9282379100674,109,0.0,2026-01-24 05:50:55.196618,187.0,4,0.12976713762477987,1,Normal
Normal,Heartbeat,51.38124306134404,149,0.0,2026-01-24 05:53:05.196618,130.0,2,0.19307869563247065,1,Normal
Normal,StopTransaction,367.46651357058926,142,0.0,2026-01-24 05:55:49.196618,164.0,5,0.10078796273021873,1,Normal
Normal,MeterValues,191.64387736769535,62,11.938222357427502,2026-01-24 05:56:30.196618,41.0,3,0.1702150200892753,1,Normal
Saldırı,BootNotification,1927.3381910547125,2687,0.0,2026-01-24 05:56:30.199618,0.003,1,-0.08221541938750221,-1,Saldırı
Normal,MeterValues,177.6910653920862,160,55.01309302973226,2026-01-24 06:00:15.199618,225.0,3,0.11126074586997547,1,Normal
Normal,StartTransaction,317.5457324948014,78,0.0,2026-01-24 06:02:02.199618,107.0,4,0.14130661783059012,1,Normal
Normal,StopTransaction,269.3617593916153,46,0.0,2026-01-24 06:06:56.199618,294.0,5,0.07285845624602716,1,Normal
Normal,MeterValues,186.38877190344454,35,47.14662077426138,2026-01-24 06:09:13.199618,137.0,3,0.1361929499523058,1,Normal
Saldırı,BootNotification,1874.242545867437,3507,0.0,2026-01-24 06:09:13.206618,0.007,1,-0.09219258489267756,-1,Saldırı
Normal,MeterValues,198.16818486233947,62,18.539692229721147,2026-01-24 06:10:07.206618,54.0,3,0.17285733925005914,1,Normal
Normal,Heartbeat,50.44181385400334,55,0.0,2026-01-24 06:10:33.206618,26.0,2,0.1729404212138954,1,Normal
Normal,StopTransaction,269.8782081873735,35,0.0,2026-01-24 06:12:39.206618,126.0,5,0.12671349634318435,1,Normal
Normal,MeterValues,218.28601481543365,35,40.891904298761865,2026-01-24 06:17:19.206618,280.0,3,0.1030471632594126,1,Normal
Normal,MeterValues,177.97797184524524,184,38.75866123574601,2026-01-24 06:18:36.206618,77.0,3,0.1292290527861304,1,Normal
Normal,Heartbeat,48.930152260571816,64,0.0,2026-01-24 06:22:02.206618,206.0,2,0.1934676998683607,1,Normal
Normal,StopTransaction,306.11518685768965,126,0.0,2026-01-24 06:23:37.206618,95.0,5,0.1302853238122439,1,Normal
Normal,BootNotification,284.76467442932466,154,0.0,2026-01-24 06:25:22.206618,105.0,1,0.12458054785275147,1,Normal
Saldırı,BootNotification,1755.3693575946281,4476,0.0,2026-01-24 06:25:22.209618,0.003,1,-0.11459616794758276,-1,Saldırı
Normal,StartTransaction,353.51833362585967,35,0.0,2026-01-24 06:28:17.209618,175.0,4,0.11129715950163871,1,Normal
Normal,BootNotification,394.67858642175855,140,0.0,2026-01-24 06:33:10.209618,293.0,1,0.051293361286968486,1,Normal
Normal,MeterValues,239.01474384238722,189,22.14010180957866,2026-01-24 06:36:09.209618,179.0,3,0.13546834260484875,1,Normal
Normal,Heartbeat,51.68958756844315,113,0.0,2026-01-24 06:37:18.209618,69.0,2,0.187267293266295,1,Normal
Normal,Authorize,284.1846688142698,175,0.0,2026-01-24 06:37:43.209618,25.0,0,0.03812546856730625,1,Normal
Normal,MeterValues,246.82757299494185,135,16.861195953521044,2026-01-24 06:37:53.209618,10.0,3,0.14118389685409777,1,Normal
Normal,StopTransaction,270.8105276460857,61,0.0,2026-01-24 06:38:33.209618,40.0,5,0.10243721571290737,1,Normal
Saldırı,MeterValues,228.0,144,1038.524258113785,2026-01-24 06:38:57.209618,24.0,3,-0.0419590515420557,-1,Saldırı
Normal,MeterValues,239.95914426269647,188,58.35279402829079,2026-01-24 06:39:35.209618,38.0,3,0.07983335220587262,1,Normal
Normal,Heartbeat,48.10658385338708,93,0.0,2026-01-24 06:42:51.209618,196.0,2,0.18657407610790105,1,Normal
Normal,Heartbeat,49.61045999323446,47,0.0,2026-01-24 06:44:17.209618,86.0,2,0.1954586679280999,1,Normal
Normal,Authorize,310.1919913571418,146,0.0,2026-01-24 06:48:48.209618,271.0,0,0.04716652758786011,1,Normal
Normal,Heartbeat,48.121224475283974,198,0.0,2026-01-24 06:49:18.209618,30.0,2,0.1337156436249804,1,Normal
Normal,StopTransaction,242.98697380887967,125,0.0,2026-01-24 06:54:05.209618,287.0,5,0.09222751910456695,1,Normal
Normal,Heartbeat,48.105865751236195,64,0.0,2026-01-24 06:56:21.209618,136.0,2,0.19054986647302485,1,Normal
Normal,Heartbeat,50.24653412853904,31,0.0,2026-01-24 06:57:33.209618,72.0,2,0.177896548839433,1,Normal
Normal,Heartbeat,50.820073868203515,195,0.0,2026-01-24 07:01:14.209618,221.0,2,0.14833747545499532,1,Normal
Normal,Heartbeat,48.27836561361787,59,0.0,2026-01-24 07:05:19.209618,245.0,2,0.17691335367653088,1,Normal
Normal,Heartbeat,51.774133878722594,158,0.0,2026-01-24 07:06:25.209618,66.0,2,0.17366111674570023,1,Normal
Normal,MeterValues,180.9849423154839,90,25.83603101363125,2026-01-24 07:10:15.209618,230.0,3,0.15190985489843406,1,Normal
Normal,StopTransaction,302.31946411365703,181,0.0,2026-01-24 07:10:32.209618,17.0,5,0.06789931772883606,1,Normal
Normal,StopTransaction,233.17522306032544,92,0.0,2026-01-24 07:13:26.209618,174.0,5,0.12148107250553702,1,Normal
Normal,MeterValues,194.86559304548,113,3.855433932923036,2026-01-24 07:16:47.209618,201.0,3,0.18176084777993873,1,Normal
Normal,StopTransaction,250.5779641843583,184,0.0,2026-01-24 07:21:02.209618,255.0,5,0.09195124383300457,1,Normal
Normal,Heartbeat,51.68600166953392,104,0.0,2026-01-24 07:24:05.209618,183.0,2,0.19077179087236684,1,Normal
Normal,MeterValues,165.11167797959013,110,22.528304248557433,2026-01-24 07:26:55.209618,170.0,3,0.16351858453621165,1,Normal
Normal,Heartbeat,50.41010655467031,153,0.0,2026-01-24 07:29:51.209618,176.0,2,0.18732442531786425,1,Normal
Normal,StartTransaction,345.5741843745547,69,0.0,2026-01-24 07:33:31.209618,220.0,4,0.12194396740236263,1,Normal
Normal,StartTransaction,223.28748303842335,118,0.0,2026-01-24 07:36:17.209618,166.0,4,0.1572806685869771,1,Normal
Normal,Heartbeat,48.79945815397738,89,0.0,2026-01-24 07:40:06.209618,229.0,2,0.18471800390064824,1,Normal
Normal,BootNotification,212.30850515732428,30,0.0,2026-01-24 07:44:29.209618,263.0,1,0.09281429207783864,1,Normal
Normal,Heartbeat,49.934836871001785,172,0.0,2026-01-24 07:47:16.209618,167.0,2,0.18530666423799758,1,Normal
Normal,MeterValues,234.0783792216469,44,45.9446292121965,2026-01-24 07:49:42.209618,146.0,3,0.1361170186478754,1,Normal
Normal,Heartbeat,51.83138021579407,177,0.0,2026-01-24 07:51:53.209618,131.0,2,0.16889011576477858,1,Normal
Normal,Heartbeat,48.39700967296928,118,0.0,2026-01-24 07:52:30.209618,37.0,2,0.1825790720039338,1,Normal
Normal,Authorize,213.06549534540702,189,0.0,2026-01-24 07:54:55.209618,145.0,0,0.05367424385100639,1,Normal
Normal,Heartbeat,51.285179516902744,181,0.0,2026-01-24 07:59:54.209618,299.0,2,0.11844470365093263,1,Normal
Normal,StartTransaction,373.36628667978306,28,0.0,2026-01-24 08:02:59.209618,185.0,4,0.09315266518040577,1,Normal
Normal,StartTransaction,374.995330753337,128,0.0,2026-01-24 08:03:33.209618,34.0,4,0.10698436966916303,1,Normal
Normal,MeterValues,171.67437151828068,182,25.06146773606631,2026-01-24 08:07:52.209618,259.0,3,0.12158609079147398,1,Normal
Normal,Heartbeat,48.808193571966,161,0.0,2026-01-24 08:10:58.209618,186.0,2,0.1827249766912431,1,Normal
Normal,Authorize,239.42994614465331,164,0.0,2026-01-24 08:11:36.209618,38.0,0,0.062188125818591455,1,Normal
Normal,StartTransaction,258.81568280758177,78,0.0,2026-01-24 08:15:08.209618,212.0,4,0.14993788908914923,1,Normal
Normal,Heartbeat,51.54853107711349,93,0.0,2026-01-24 08:16:56.209618,108.0,2,0.19652876930118623,1,Normal
Normal,Heartbeat,51.158582557755324,110,0.0,2026-01-24 08:20:05.209618,189.0,2,0.1965487613611211,1,Normal
Saldırı,BootNotification,2422.135425639456,3073,0.0,2026-01-24 08:20:05.211618,0.002,1,-0.1029518956747627,-1,Saldırı
Normal,Heartbeat,51.01588241258696,24,0.0,2026-01-24 08:24:07.211618,242.0,2,0.15810052395260388,1,Normal
Normal,MeterValues,162.06410616824232,191,34.859248456933905,2026-01-24 08:28:36.211618,269.0,3,0.08984832676684784,1,Normal
Normal,Heartbeat,48.95820417174491,187,0.0,2026-01-24 08:30:56.211618,140.0,2,0.16768199168159087,1,Normal
Normal,Heartbeat,48.9856537941972,88,0.0,2026-01-24 08:31:11.211618,15.0,2,0.16125469657344238,1,Normal
Normal,MeterValues,169.0283422525348,124,53.75867429200835,2026-01-24 08:34:36.211618,205.0,3,0.1275353483937554,1,Normal
Normal,BootNotification,285.57869806484837,122,0.0,2026-01-24 08:38:33.211618,237.0,1,0.11204811855006419,1,Normal
Normal,MeterValues,231.88282767559343,166,8.73376676458798,2026-01-24 08:40:41.211618,128.0,3,0.17444696859473674,1,Normal
Normal,BootNotification,376.4325019815225,92,0.0,2026-01-24 08:44:56.211618,255.0,1,0.0767440048771445,1,Normal
Normal,StartTransaction,339.85061517253286,156,0.0,2026-01-24 08:48:18.211618,202.0,4,0.12999190798975235,1,Normal
Normal,Heartbeat,51.937318522264775,189,0.0,2026-01-24 08:51:52.211618,214.0,2,0.1439873487926439,1,Normal
Normal,Heartbeat,49.79131077117269,28,0.0,2026-01-24 08:56:49.211618,297.0,2,0.13423976692881134,1,Normal
Normal,Heartbeat,48.385122732318685,104,0.0,2026-01-24 08:59:35.211618,166.0,2,0.19641579677956633,1,Normal
Normal,Heartbeat,50.31832684022406,76,0.0,2026-01-24 09:02:49.211618,194.0,2,0.1916192774795638,1,Normal
Normal,StartTransaction,280.2080357123508,161,0.0,2026-01-24 09:05:01.211618,132.0,4,0.15120496565040564,1,Normal
Normal,MeterValues,164.54829942953532,35,13.380443219344592,2026-01-24 09:05:32.211618,31.0,3,0.14338253885130653,1,Normal
Normal,Heartbeat,49.57815528067473,28,0.0,2026-01-24 09:06:45.211618,73.0,2,0.17531246358957753,1,Normal
Normal,MeterValues,191.73528615404848,138,23.7115529017888,2026-01-24 09:10:11.211618,206.0,3,0.16446764613484144,1,Normal
Normal,Authorize,205.31153673097182,41,0.0,2026-01-24 09:12:03.211618,112.0,0,0.06416816031647876,1,Normal
Normal,Heartbeat,50.9131024125486,75,0.0,2026-01-24 09:14:39.211618,156.0,2,0.19279778681455834,1,Normal
Normal,MeterValues,209.20777520696475,185,20.30347022747897,2026-01-24 09:19:07.211618,268.0,3,0.11787031722339109,1,Normal
Normal,StopTransaction,286.5047276824716,106,0.0,2026-01-24 09:21:09.211618,122.0,5,0.1351776716593337,1,Normal
Normal,BootNotification,328.115039249226,153,0.0,2026-01-24 09:21:47.211618,38.0,1,0.1160560798064113,1,Normal
Normal,MeterValues,155.39681672307867,125,58.117132870648256,2026-01-24 09:26:17.211618,270.0,3,0.07099561869696835,1,Normal
Normal,Heartbeat,51.318384253803174,52,0.0,2026-01-24 09:29:07.211618,170.0,2,0.19216640274514868,1,Normal
Normal,Heartbeat,48.88437010979837,134,0.0,2026-01-24 09:32:06.211618,179.0,2,0.18794424597296155,1,Normal
Normal,MeterValues,221.93836892190004,93,29.86854061532665,2026-01-24 09:32:24.211618,18.0,3,0.14800957192091763,1,Normal
Normal,StopTransaction,288.7450318390579,47,0.0,2026-01-24 09:35:44.211618,200.0,5,0.12118627285815953,1,Normal
Normal,MeterValues,249.91090481489204,96,34.94818841161838,2026-01-24 09:36:47.211618,63.0,3,0.15071993208311596,1,Normal
Normal,Heartbeat,50.03336951815277,40,0.0,2026-01-24 09:36:57.211618,10.0,2,0.15020541492447503,1,Normal
Normal,Heartbeat,51.993752744011694,39,0.0,2026-01-24 09:40:30.211618,213.0,2,0.17111028092040975,1,Normal
Normal,Heartbeat,50.219501871587,95,0.0,2026-01-24 09:45:23.211618,293.0,2,0.1624513365092501,1,Normal
Normal,Heartbeat,51.77218889592886,25,0.0,2026-01-24 09:50:15.211618,292.0,2,0.12615637029845544,1,Normal
Normal,Heartbeat,49.504642070118486,85,0.0,2026-01-24 09:53:11.211618,176.0,2,0.19690152605187922,1,Normal
Normal,StopTransaction,350.9397323174576,76,0.0,2026-01-24 09:54:15.211618,64.0,5,0.10858619920996232,1,Normal
Normal,MeterValues,152.74334913895967,29,24.60676095360544,2026-01-24 09:54:55.211618,40.0,3,0.12482088095183685,1,Normal
Normal,MeterValues,173.01261896941236,111,12.691319895223685,2026-01-24 09:56:01.211618,66.0,3,0.17704739619488602,1,Normal
Normal,MeterValues,200.21711407290925,87,44.67195358402678,2026-01-24 09:59:04.211618,183.0,3,0.1577549882710323,1,Normal
Normal,MeterValues,157.9348001190404,153,25.663903959422214,2026-01-24 10:03:09.211618,245.0,3,0.141299336481355,1,Normal
Normal,Heartbeat,51.47372275658363,107,0.0,2026-01-24 10:04:58.211618,109.0,2,0.19954130251167046,1,Normal
Normal,Heartbeat,49.55441950494315,69,0.0,2026-01-24 10:05:41.211618,43.0,2,0.18969686181499418,1,Normal
Normal,StopTransaction,329.9282669715948,113,0.0,2026-01-24 10:08:08.211618,147.0,5,0.12464696332770209,1,Normal
Normal,MeterValues,219.50761653831293,102,14.738936414263273,2026-01-24 10:11:54.211618,226.0,3,0.16146797127272883,1,Normal
Normal,MeterValues,186.37449515980364,82,7.521781812736254,2026-01-24 10:16:51.211618,297.0,3,0.12387181209264886,1,Normal
Normal,Heartbeat,50.42263437174231,92,0.0,2026-01-24 10:21:32.211618,281.0,2,0.17438047537023393,1,Normal
Normal,BootNotification,351.28653341574693,69,0.0,2026-01-24 10:23:46.211618,134.0,1,0.11254198374137375,1,Normal
Normal,MeterValues,170.62363728080507,116,24.239616556378394,2026-01-24 10:26:40.211618,174.0,3,0.16629344768777277,1,Normal
Normal,MeterValues,164.11773603394258,26,39.784843711177075,2026-01-24 10:29:26.211618,166.0,3,0.12574532733715788,1,Normal
Normal,MeterValues,170.31704566527895,86,33.43314644091468,2026-01-24 10:34:07.211618,281.0,3,0.12616216876476233,1,Normal
Normal,StopTransaction,224.2804382293442,86,0.0,2026-01-24 10:38:04.211618,237.0,5,0.10756228986581201,1,Normal
Normal,Authorize,363.5033998844255,85,0.0,2026-01-24 10:42:10.211618,246.0,0,0.037513335434043005,1,Normal
Normal,MeterValues,166.4099087836991,125,12.541496409013126,2026-01-24 10:43:21.211618,71.0,3,0.1689690137740122,1,Normal
Normal,Heartbeat,50.49976821556308,100,0.0,2026-01-24 10:44:01.211618,40.0,2,0.19118456738140654,1,Normal
Normal,MeterValues,153.64346045036055,111,57.00514489573458,2026-01-24 10:47:55.211618,234.0,3,0.10033112977280195,1,Normal
Normal,MeterValues,219.70051544675246,110,47.886413093854294,2026-01-24 10:52:45.211618,290.0,3,0.10719372071665101,1,Normal
Normal,MeterValues,188.0198615025598,118,26.598556961347544,2026-01-24 10:54:35.211618,110.0,3,0.1794038090071856,1,Normal
Normal,Heartbeat,50.02144222114261,76,0.0,2026-01-24 10:56:28.211618,113.0,2,0.20125114747569067,1,Normal
Normal,MeterValues,240.6672529436847,180,4.617164335655975,2026-01-24 11:00:28.211618,240.0,3,0.14453929956342787,1,Normal
Normal,Heartbeat,50.14292649118412,171,0.0,2026-01-24 11:03:20.211618,172.0,2,0.1840738768193701,1,Normal
Normal,Heartbeat,50.3006523178979,92,0.0,2026-01-24 11:07:46.211618,266.0,2,0.17990349084643442,1,Normal
Normal,Heartbeat,51.60622951144887,158,0.0,2026-01-24 11:10:37.211618,171.0,2,0.18280834171427146,1,Normal
Normal,Heartbeat,49.29020791746716,35,0.0,2026-01-24 11:15:31.211618,294.0,2,0.14084486251996703,1,Normal
Normal,MeterValues,163.29731121552106,45,18.013266421125543,2026-01-24 11:18:14.211618,163.0,3,0.15370609610540353,1,Normal
Normal,Heartbeat,51.55386226364165,182,0.0,2026-01-24 11:20:25.211618,131.0,2,0.16768422149909878,1,Normal
Saldırı,BootNotification,1920.2344754399937,3911,0.0,2026-01-24 11:20:25.213618,0.002,1,-0.09978388690383921,-1,Saldırı
Normal,Heartbeat,51.7313186350612,49,0.0,2026-01-24 11:23:44.213618,199.0,2,0.18123445512667757,1,Normal
Normal,Heartbeat,48.561249900180734,28,0.0,2026-01-24 11:25:02.213618,78.0,2,0.16626323323515807,1,Normal
Normal,Heartbeat,50.07808947108865,49,0.0,2026-01-24 11:26:53.213618,111.0,2,0.19885259726038523,1,Normal
Normal,MeterValues,149.47217199840742,37,24.89203418112488,2026-01-24 11:29:46.213618,173.0,3,0.13078408653328427,1,Normal
Normal,StopTransaction,209.0928453733207,25,0.0,2026-01-24 11:29:57.213618,11.0,5,0.056851505065173225,1,Normal
Normal,MeterValues,186.68343148317078,152,4.100320173037677,2026-01-24 11:33:39.213618,222.0,3,0.16653871259133146,1,Normal
Normal,MeterValues,210.0817015053449,161,1.912934828863302,2026-01-24 11:35:20.213618,101.0,3,0.18750850174835765,1,Normal
Normal,Heartbeat,49.62205969673173,63,0.0,2026-01-24 11:39:37.213618,257.0,2,0.18590805120158904,1,Normal
Normal,Heartbeat,48.985641591693046,61,0.0,2026-01-24 11:40:20.213618,43.0,2,0.1879939589653759,1,Normal
Normal,StartTransaction,364.5517570512927,131,0.0,2026-01-24 11:41:16.213618,56.0,4,0.12115385416570751,1,Normal
Normal,MeterValues,213.6807399840682,154,54.91452703205313,2026-01-24 11:45:45.213618,269.0,3,0.09759769526002365,1,Normal
Normal,Heartbeat,48.619479173431465,89,0.0,2026-01-24 11:49:38.213618,233.0,2,0.18165603782414952,1,Normal
Normal,MeterValues,184.41207870753638,65,55.328801796435414,2026-01-24 11:51:41.213618,123.0,3,0.1411877340413657,1,Normal
Normal,MeterValues,250.5758852553837,27,23.765659409735804,2026-01-24 11:53:16.213618,95.0,3,0.13636579320291592,1,Normal
Normal,StartTransaction,376.54984686032617,103,0.0,2026-01-24 11:55:36.213618,140.0,4,0.1298931993438791,1,Normal
Normal,BootNotification,236.52814364264358,88,0.0,2026-01-24 11:56:58.213618,82.0,1,0.13709678852393092,1,Normal
Normal,Authorize,373.5009747925108,104,0.0,2026-01-24 12:00:24.213618,206.0,0,0.043614809652497866,1,Normal
Normal,Heartbeat,51.94145873186388,163,0.0,2026-01-24 12:03:16.213618,172.0,2,0.17869146316410223,1,Normal
Normal,MeterValues,164.90328933247912,29,53.01868820722116,2026-01-24 12:07:49.213618,273.0,3,0.0633487428942493,1,Normal
Normal,MeterValues,172.4940108727496,55,5.57676174919997,2026-01-24 12:08:50.213618,61.0,3,0.1697825671021947,1,Normal
Normal,Heartbeat,51.551194972878655,104,0.0,2026-01-24 12:09:21.213618,31.0,2,0.18128555613794917,1,Normal
Normal,Heartbeat,48.438980873350886,82,0.0,2026-01-24 12:12:03.213618,162.0,2,0.19444830760376036,1,Normal
Normal,Authorize,251.68532069130177,93,0.0,2026-01-24 12:13:11.213618,68.0,0,0.08160268377195679,1,Normal
Normal,Heartbeat,51.075261025389445,179,0.0,2026-01-24 12:15:54.213618,163.0,2,0.16865056210775792,1,Normal
Normal,MeterValues,153.06856963927964,51,21.949859293194255,2026-01-24 12:19:46.213618,232.0,3,0.1331398817943069,1,Normal
Normal,MeterValues,181.0262164677184,107,39.741743154672555,2026-01-24 12:20:31.213618,45.0,3,0.16704924191525528,1,Normal
Normal,Heartbeat,48.882129010608736,127,0.0,2026-01-24 12:24:07.213618,216.0,2,0.1852112252732973,1,Normal
Normal,Heartbeat,48.81879038471861,184,0.0,2026-01-24 12:25:11.213618,64.0,2,0.15534808942650374,1,Normal
Normal,Heartbeat,49.377020991112595,84,0.0,2026-01-24 12:27:39.213618,148.0,2,0.19921245997735015,1,Normal
Normal,Authorize,249.8847992986984,71,0.0,2026-01-24 12:31:06.213618,207.0,0,0.06980976951309392,1,Normal
Normal,StartTransaction,351.61420974031836,138,0.0,2026-01-24 12:33:01.213618,115.0,4,0.13112853918650214,1,Normal
Normal,Heartbeat,50.7098995770136,29,0.0,2026-01-24 12:37:38.213618,277.0,2,0.15059204857708952,1,Normal
Normal,Heartbeat,51.68062764833112,56,0.0,2026-01-24 12:41:48.213618,250.0,2,0.17575032248148337,1,Normal
Normal,MeterValues,192.99240892679012,30,45.422435139923316,2026-01-24 12:45:32.213618,224.0,3,0.118243009170521,1,Normal
Normal,MeterValues,245.0468688901879,147,57.967368049701555,2026-01-24 12:46:29.213618,57.0,3,0.12307313887470489,1,Normal
Normal,MeterValues,206.32726424633086,130,36.23644911628306,2026-01-24 12:47:15.213618,46.0,3,0.17030534763037658,1,Normal
Normal,MeterValues,235.4543259514925,154,19.414029028832918,2026-01-24 12:51:58.213618,283.0,3,0.1375243670048094,1,Normal
Normal,MeterValues,179.85629315424103,58,50.38289578378021,2026-01-24 12:54:48.213618,170.0,3,0.14323852682609262,1,Normal
Normal,MeterValues,246.32096131140628,62,1.8994498855440223,2026-01-24 12:57:33.213618,165.0,3,0.1713552838127384,1,Normal
Normal,MeterValues,221.28617811311744,145,42.52216007990648,2026-01-24 12:58:34.213618,61.0,3,0.16014360038497388,1,Normal
Normal,MeterValues,195.01170935593592,69,1.4341639340310852,2026-01-24 13:00:13.213618,99.0,3,0.18367945537160396,1,Normal
Normal,Heartbeat,48.83292429006265,70,0.0,2026-01-24 13:02:28.213618,135.0,2,0.19855063888501157,1,Normal
Normal,Heartbeat,48.49882849974268,59,0.0,2026-01-24 13:02:57.213618,29.0,2,0.1702018086623226,1,Normal
Saldırı,MeterValues,247.0,65,1088.8993046581268,2026-01-24 13:03:33.213618,36.0,3,-0.04174553815139448,-1,Saldırı
Normal,Heartbeat,49.25679093786374,72,0.0,2026-01-24 13:04:04.213618,31.0,2,0.17799154516872928,1,Normal
Normal,BootNotification,233.17988395460887,66,0.0,2026-01-24 13:04:24.213618,20.0,1,0.11048350998823886,1,Normal
Normal,Heartbeat,49.52550977495969,103,0.0,2026-01-24 13:08:04.213618,220.0,2,0.19626138849360064,1,Normal
Normal,Heartbeat,50.12607245117319,111,0.0,2026-01-24 13:08:18.213618,14.0,2,0.16232446620062319,1,Normal
Normal,MeterValues,180.25517426070823,91,13.026246994317535,2026-01-24 13:09:11.213618,53.0,3,0.17620388995000247,1,Normal
Normal,Heartbeat,50.82254390105393,46,0.0,2026-01-24 13:11:28.213618,137.0,2,0.19475597774543968,1,Normal
Normal,Heartbeat,48.05416203028434,61,0.0,2026-01-24 13:14:32.213618,184.0,2,0.18447040662746894,1,Normal
Normal,MeterValues,230.17303142086936,195,12.27866035270964,2026-01-24 13:17:08.213618,156.0,3,0.14326186182222783,1,Normal
Saldırı,BootNotification,2192.811867597678,3953,0.0,2026-01-24 13:17:08.222618,0.009,1,-0.10913832913894539,-1,Saldırı
Saldırı,BootNotification,1922.739268186019,3964,0.0,2026-01-24 13:17:08.223618,0.001,1,-0.10674466949773642,-1,Saldırı
Normal,StartTransaction,301.2814688824057,180,0.0,2026-01-24 13:21:37.223618,269.0,4,0.11320733792159565,1,Normal
Normal,Heartbeat,50.804192958391894,68,0.0,2026-01-24 13:23:05.223618,88.0,2,0.19733471617878579,1,Normal
Normal,Heartbeat,49.548103011495016,200,0.0,2026-01-24 13:26:48.223618,223.0,2,0.1388429685684598,1,Normal
Normal,MeterValues,189.4682612700054,181,29.622363617200858,2026-01-24 13:28:34.223618,106.0,3,0.14975309266629555,1,Normal
Normal,MeterValues,220.2272974370842,48,40.61280590119093,2026-01-24 13:31:58.223618,204.0,3,0.14088008644458205,1,Normal
Normal,Heartbeat,50.616026132510065,91,0.0,2026-01-24 13:36:48.223618,290.0,2,0.16905290401672762,1,Normal
Normal,StartTransaction,300.0873268357754,69,0.0,2026-01-24 13:39:35.223618,167.0,4,0.14566526044175332,1,Normal
Normal,MeterValues,165.64767997900256,122,36.840329831444556,2026-01-24 13:40:06.223618,31.0,3,0.15307018983348397,1,Normal
Normal,StopTransaction,254.305348888873,162,0.0,2026-01-24 13:42:22.223618,136.0,5,0.1267920331521893,1,Normal
Normal,Heartbeat,50.58073029803749,185,0.0,2026-01-24 13:44:35.223618,133.0,2,0.173263865235101,1,Normal
Saldırı,BootNotification,2342.5300046753,4124,0.0,2026-01-24 13:44:35.231618,0.008,1,-0.11585209436051203,-1,Saldırı
Normal,StopTransaction,236.71208053873676,67,0.0,2026-01-24 13:49:31.231618,296.0,5,0.06986207656237275,1,Normal
Normal,Authorize,316.8665078078513,64,0.0,2026-01-24 13:50:09.231618,38.0,0,0.06057395703624524,1,Normal
Normal,BootNotification,385.2434539434144,123,0.0,2026-01-24 13:50:36.231618,27.0,1,0.08450208006685589,1,Normal
Normal,MeterValues,160.4738841913288,59,59.91682295795481,2026-01-24 13:50:51.231618,15.0,3,0.09770849159748007,1,Normal
Saldırı,MeterValues,242.0,110,834.093259429425,2026-01-24 13:51:40.231618,49.0,3,0.003188264348830794,1,Normal
Normal,StopTransaction,327.3781256385472,23,0.0,2026-01-24 13:56:22.231618,282.0,5,0.06037836161616117,1,Normal
Normal,Heartbeat,50.0503016612616,128,0.0,2026-01-24 13:59:36.231618,194.0,2,0.19617471523970842,1,Normal
Normal,BootNotification,327.1610899229022,121,0.0,2026-01-24 14:02:30.231618,174.0,1,0.12522755563352572,1,Normal
Normal,Heartbeat,50.855866061716334,103,0.0,2026-01-24 14:07:03.231618,273.0,2,0.17777591795118086,1,Normal
Normal,Heartbeat,50.39138747562989,51,0.0,2026-01-24 14:11:04.231618,241.0,2,0.17996886798694517,1,Normal
Normal,StartTransaction,216.25730235886311,154,0.0,2026-01-24 14:11:53.231618,49.0,4,0.12379699319577242,1,Normal
Normal,StopTransaction,258.3148778552772,91,0.0,2026-01-24 14:16:40.231618,287.0,5,0.08819561989359126,1,Normal
Normal,MeterValues,162.08781763411494,180,43.78922980681733,2026-01-24 14:17:20.231618,40.0,3,0.11445527979684478,1,Normal
Normal,Heartbeat,50.922297894630304,125,0.0,2026-01-24 14:18:41.231618,81.0,2,0.19335754906299146,1,Normal
Normal,StartTransaction,317.12491330615705,175,0.0,2026-01-24 14:23:01.231618,260.0,4,0.11010910489588388,1,Normal
Normal,StartTransaction,297.43863440032635,102,0.0,2026-01-24 14:23:40.231618,39.0,4,0.13690256257799033,1,Normal
Normal,Heartbeat,48.77888112528488,68,0.0,2026-01-24 14:25:41.231618,121.0,2,0.19437810560578717,1,Normal
Normal,StopTransaction,219.21248510357583,184,0.0,2026-01-24 14:29:36.231618,235.0,5,0.09230429663604078,1,Normal
Normal,Heartbeat,51.56603984097743,127,0.0,2026-01-24 14:34:14.231618,278.0,2,0.16701898398564957,1,Normal
Normal,BootNotification,213.50799077159195,153,0.0,2026-01-24 14:37:38.231618,204.0,1,0.11249493966170548,1,Normal
Normal,StartTransaction,208.43369233201815,52,0.0,2026-01-24 14:41:00.231618,202.0,4,0.14375864804812927,1,Normal
Normal,Heartbeat,50.67678986845017,52,0.0,2026-01-24 14:43:20.231618,140.0,2,0.19696781042104483,1,Normal
Normal,StartTransaction,199.4011061369149,20,0.0,2026-01-24 14:47:41.231618,261.0,4,0.10350656823269005,1,Normal
Normal,Heartbeat,48.3613710477049,80,0.0,2026-01-24 14:49:50.231618,129.0,2,0.19754914353171227,1,Normal
Normal,MeterValues,244.91918263963214,128,47.440380818148746,2026-01-24 14:50:08.231618,18.0,3,0.1282621040355993,1,Normal
Normal,Heartbeat,50.88111769475749,193,0.0,2026-01-24 14:54:20.231618,252.0,2,0.14299076259865345,1,Normal
Normal,StopTransaction,361.31889972842447,138,0.0,2026-01-24 14:56:39.231618,139.0,5,0.11334619391047485,1,Normal
Normal,MeterValues,151.94047393371756,23,9.636759497885334,2026-01-24 14:59:51.231618,192.0,3,0.1370147131783327,1,Normal
Normal,Heartbeat,51.41750046956621,138,0.0,2026-01-24 15:01:56.231618,125.0,2,0.1985970188593944,1,Normal
Normal,MeterValues,181.8315793880581,144,27.342313910356975,2026-01-24 15:04:44.231618,168.0,3,0.16682606953113355,1,Normal
Normal,Heartbeat,51.472829505341416,76,0.0,2026-01-24 15:09:08.231618,264.0,2,0.17477436340666253,1,Normal
Normal,StartTransaction,375.09728196369485,65,0.0,2026-01-24 15:14:06.231618,298.0,4,0.07043260495852233,1,Normal
Normal,Heartbeat,50.251311579465664,42,0.0,2026-01-24 15:16:23.231618,137.0,2,0.19695770696034542,1,Normal
Normal,Heartbeat,50.6392569174865,81,0.0,2026-01-24 15:16:35.231618,12.0,2,0.1609832207406226,1,Normal
Normal,MeterValues,201.31164451279156,156,11.155388657225647,2026-01-24 15:18:07.231618,92.0,3,0.1789140592905154,1,Normal
Normal,StopTransaction,304.7132260268759,180,0.0,2026-01-24 15:21:00.231618,173.0,5,0.10996286531903743,1,Normal
Normal,MeterValues,183.84780141688523,26,30.727192946440265,2026-01-24 15:22:05.231618,65.0,3,0.143837297374367,1,Normal
Normal,MeterValues,193.53744396690925,62,48.56906567701876,2026-01-24 15:25:55.231618,230.0,3,0.12304233662445652,1,Normal
Normal,BootNotification,332.2983924039648,61,0.0,2026-01-24 15:29:53.231618,238.0,1,0.09937883371264711,1,Normal
Normal,MeterValues,182.32823617679514,189,50.51407923360162,2026-01-24 15:31:58.231618,125.0,3,0.12998725234969394,1,Normal
Normal,StartTransaction,261.3480015440101,73,0.0,2026-01-24 15:34:19.231618,141.0,4,0.15733004886595958,1,Normal
Normal,MeterValues,186.8456240584367,144,58.939623925668656,2026-01-24 15:39:05.231618,286.0,3,0.07729270251243281,1,Normal
Normal,BootNotification,251.82709458871102,130,0.0,2026-01-24 15:40:37.231618,92.0,1,0.138362412726044,1,Normal
Normal,MeterValues,235.55263847988164,165,22.1245488000071,2026-01-24 15:42:31.231618,114.0,3,0.16137258983273084,1,Normal
Normal,Heartbeat,48.04783133077105,55,0.0,2026-01-24 15:44:30.231618,119.0,2,0.18504291765265268,1,Normal
Normal,MeterValues,221.8081266185824,113,47.81215519263485,2026-01-24 15:47:46.231618,196.0,3,0.15263379944667593,1,Normal
Normal,Heartbeat,50.10287633528349,125,0.0,2026-01-24 15:50:17.231618,151.0,2,0.1943695230599607,1,Normal
Normal,MeterValues,224.9035337118385,107,3.249201301085256,2026-01-24 15:51:59.231618,102.0,3,0.1918776327787185,1,Normal
Normal,MeterValues,202.45607206397727,69,5.145767912565436,2026-01-24 15:53:01.231618,62.0,3,0.17600209000994715,1,Normal
Normal,Authorize,274.05520044912925,73,0.0,2026-01-24 15:53:47.231618,46.0,0,0.0624451474535801,1,Normal
Normal,MeterValues,162.5706055143912,58,43.508092104836294,2026-01-24 15:56:47.231618,180.0,3,0.14052161344338915,1,Normal
Saldırı,MeterValues,166.0,108,1048.8484087303848,2026-01-24 15:57:00.231618,13.0,3,-0.038902816139567475,-1,Saldırı
Normal,Authorize,222.19361254794552,24,0.0,2026-01-24 15:58:44.231618,104.0,0,0.05307638240714818,1,Normal
Normal,MeterValues,168.95686847545184,100,43.312626692000975,2026-01-24 16:01:02.231618,138.0,3,0.16726509834259035,1,Normal
Normal,Heartbeat,50.521755236478135,162,0.0,2026-01-24 16:04:53.231618,231.0,2,0.18516180734931748,1,Normal
Normal,MeterValues,179.35249624148355,31,3.783912126692206,2026-01-24 16:05:56.231618,63.0,3,0.16358408346677383,1,Normal
Normal,Heartbeat,48.4115143702939,183,0.0,2026-01-24 16:06:21.231618,25.0,2,0.15116097652338445,1,Normal
Normal,Heartbeat,48.223194667719845,57,0.0,2026-01-24 16:08:00.231618,99.0,2,0.18291448095114698,1,Normal
Normal,StartTransaction,300.3128515776899,79,0.0,2026-01-24 16:10:41.231618,161.0,4,0.15014657884519134,1,Normal
Normal,Heartbeat,50.99590291523921,133,0.0,2026-01-24 16:14:28.231618,227.0,2,0.18902420276068954,1,Normal
Normal,StopTransaction,387.93666554614776,188,0.0,2026-01-24 16:15:08.231618,40.0,5,0.047263071669475964,1,Normal
Saldırı,MeterValues,218.0,133,1108.335698169516,2026-01-24 16:15:40.231618,32.0,3,-0.03804868332815159,-1,Saldırı
Normal,MeterValues,230.5486497131124,70,24.970337515906323,2026-01-24 16:17:45.231618,125.0,3,0.16761804516646428,1,Normal
Normal,MeterValues,180.3221592374662,74,40.50805540714575,2026-01-24 16:19:47.231618,122.0,3,0.16301462189737514,1,Normal
Normal,MeterValues,213.58984153429887,36,17.548528855959063,2026-01-24 16:21:30.231618,103.0,3,0.16615548626496318,1,Normal
Normal,MeterValues,206.47704981457474,162,53.88326484183927,2026-01-24 16:25:49.231618,259.0,3,0.10794699019505438,1,Normal
Normal,MeterValues,175.6100855616768,51,29.306329895704238,2026-01-24 16:28:08.231618,139.0,3,0.1700552824174149,1,Normal
Normal,Heartbeat,49.65649967688946,119,0.0,2026-01-24 16:31:49.231618,221.0,2,0.1879598868088359,1,Normal
Normal,Heartbeat,49.29799815431071,111,0.0,2026-01-24 16:32:06.231618,17.0,2,0.16510527008670206,1,Normal
Normal,MeterValues,170.62523867738497,50,24.682229520515968,2026-01-24 16:35:11.231618,185.0,3,0.15202488631367328,1,Normal
Normal,Heartbeat,50.050446002645884,150,0.0,2026-01-24 16:38:57.231618,226.0,2,0.18822221741603246,1,Normal
Normal,MeterValues,163.44704572933188,191,27.64136816326298,2026-01-24 16:41:05.231618,128.0,3,0.14099834540158052,1,Normal
Normal,MeterValues,177.65236365760273,171,3.6361188524355126,2026-01-24 16:42:05.231618,60.0,3,0.16908357283034003,1,Normal
Normal,StartTransaction,239.23588940032622,85,0.0,2026-01-24 16:44:47.231618,162.0,4,0.15370993634344798,1,Normal
Normal,MeterValues,187.83119061330325,156,3.233816621871821,2026-01-24 16:45:26.231618,39.0,3,0.17748706217132904,1,Normal
Normal,StartTransaction,371.3061388191935,70,0.0,2026-01-24 16:49:45.231618,259.0,4,0.1053296101859254,1,Normal
Normal,StopTransaction,362.208174722438,102,0.0,2026-01-24 16:54:00.231618,255.0,5,0.08278431986969526,1,Normal
Normal,MeterValues,210.01233067307615,92,35.093635935835934,2026-01-24 16:56:50.231618,170.0,3,0.1652221224568411,1,Normal
Normal,BootNotification,326.1895074481872,51,0.0,2026-01-24 16:58:01.231618,71.0,1,0.12103878281659519,1,Normal
Normal,BootNotification,387.6576438554736,39,0.0,2026-01-24 16:58:45.231618,44.0,1,0.07908877449825968,1,Normal
Normal,BootNotification,241.10500485660708,23,0.0,2026-01-24 16:59:18.231618,33.0,1,0.09415715020196902,1,Normal
Normal,Heartbeat,49.0435588848654,128,0.0,2026-01-24 17:03:46.231618,268.0,2,0.17641126041456429,1,Normal
Normal,MeterValues,179.19622083442883,190,54.85480918673708,2026-01-24 17:06:54.231618,188.0,3,0.09850783938842128,1,Normal
Normal,Authorize,231.24185181556277,101,0.0,2026-01-24 17:07:19.231618,25.0,0,0.06336696804578168,1,Normal
Normal,StopTransaction,278.9866682946023,176,0.0,2026-01-24 17:10:44.231618,205.0,5,0.10871015573120174,1,Normal
Normal,Heartbeat,50.369027345255475,195,0.0,2026-01-24 17:12:39.231618,115.0,2,0.16083991969778044,1,Normal
Normal,StopTransaction,294.7938555077899,61,0.0,2026-01-24 17:17:21.231618,282.0,5,0.08430584052016488,1,Normal
Normal,MeterValues,186.13380662977022,190,33.530147859479214,2026-01-24 17:19:26.231618,125.0,3,0.14613983130514246,1,Normal
Normal,BootNotification,215.24519841391503,170,0.0,2026-01-24 17:21:59.231618,153.0,1,0.12001198577512534,1,Normal
Normal,MeterValues,150.1438566704049,156,4.629340305657763,2026-01-24 17:22:27.231618,28.0,3,0.15847140392960885,1,Normal
Saldırı,MeterValues,178.0,95,1043.998106707538,2026-01-24 17:22:39.231618,12.0,3,-0.031569949368640104,-1,Saldırı
Normal,StartTransaction,392.3600264314338,142,0.0,2026-01-24 17:23:23.231618,44.0,4,0.09265024283264867,1,Normal
Normal,StartTransaction,219.3441323844282,70,0.0,2026-01-24 17:23:53.231618,30.0,4,0.12759122392028005,1,Normal
Normal,Heartbeat,49.36228024564624,112,0.0,2026-01-24 17:27:51.231618,238.0,2,0.1897419181332355,1,Normal
Normal,Heartbeat,51.029861342498464,104,0.0,2026-01-24 17:32:29.231618,278.0,2,0.17766505153197154,1,Normal
Normal,Heartbeat,50.630090611582474,102,0.0,2026-01-24 17:36:41.231618,252.0,2,0.18802452379657603,1,Normal
Normal,Heartbeat,48.304897774788756,55,0.0,2026-01-24 17:37:26.231618,45.0,2,0.1777513829331856,1,Normal
Normal,MeterValues,180.05955741408607,185,59.6310849556803,2026-01-24 17:39:50.231618,144.0,3,0.0969233594795958,1,Normal
Normal,StopTransaction,280.64018854065654,117,0.0,2026-01-24 17:42:16.231618,146.0,5,0.1370836165426797,1,Normal
Normal,Heartbeat,48.79849173085942,100,0.0,2026-01-24 17:42:46.231618,30.0,2,0.17908154949299765,1,Normal
Normal,MeterValues,239.4943249690744,43,56.314416162685035,2026-01-24 17:44:51.231618,125.0,3,0.11568870940782733,1,Normal
Normal,StopTransaction,342.9365498610139,128,0.0,2026-01-24 17:46:11.231618,80.0,5,0.11898918812953008,1,Normal
Normal,Heartbeat,48.796221640246145,34,0.0,2026-01-24 17:48:32.231618,141.0,2,0.18699073795514232,1,Normal
Normal,MeterValues,192.1267403497676,131,42.984772326819474,2026-01-24 17:51:19.231618,167.0,3,0.165569228946637,1,Normal
Normal,StopTransaction,369.78978060880524,142,0.0,2026-01-24 17:54:57.231618,218.0,5,0.09561521876343237,1,Normal
Normal,Heartbeat,51.51842131388344,188,0.0,2026-01-24 17:58:47.231618,230.0,2,0.14740810582131597,1,Normal
Normal,MeterValues,201.308749592616,80,18.96430486314785,2026-01-24 18:01:26.231618,159.0,3,0.16765938957163945,1,Normal
Normal,Authorize,214.73223609276943,191,0.0,2026-01-24 18:03:32.231618,126.0,0,0.04974926559552606,1,Normal
Saldırı,MeterValues,227.0,78,1009.4768659041335,2026-01-24 18:04:22.231618,50.0,3,-0.020419877321597113,-1,Saldırı
Normal,Heartbeat,48.59356482445581,56,0.0,2026-01-24 18:06:36.231618,134.0,2,0.19440499186622467,1,Normal
Normal,MeterValues,193.85880910338298,83,23.44681569072492,2026-01-24 18:11:07.231618,271.0,3,0.13719519047313944,1,Normal
Normal,StartTransaction,323.4051162721723,26,0.0,2026-01-24 18:12:42.231618,95.0,4,0.12455619803073187,1,Normal
Normal,BootNotification,381.80578423777183,192,0.0,2026-01-24 18:13:33.231618,51.0,1,0.07051846813859586,1,Normal
Normal,MeterValues,214.20617929125711,64,1.9708325125561754,2026-01-24 18:15:27.231618,114.0,3,0.18924755594358855,1,Normal
Normal,BootNotification,217.83458093927257,102,0.0,2026-01-24 18:17:54.231618,147.0,1,0.13559954845350508,1,Normal
Normal,MeterValues,235.82850471846587,55,0.09781251949545489,2026-01-24 18:19:17.231618,83.0,3,0.18424482094600186,1,Normal
Normal,Heartbeat,51.870163031527426,97,0.0,2026-01-24 18:20:17.231618,60.0,2,0.1768958705290039,1,Normal
Saldırı,BootNotification,2180.843626329075,2327,0.0,2026-01-24 18:20:17.239618,0.008,1,-0.0918885828179673,-1,Saldırı
Saldırı,BootNotification,2094.0455375869356,4839,0.0,2026-01-24 18:20:17.244618,0.005,1,-0.11015314034734935,-1,Saldırı
Normal,StartTransaction,371.19507501066755,94,0.0,2026-01-24 18:20:32.244618,15.0,4,0.09913202119925135,1,Normal
Normal,Heartbeat,51.17144778919382,111,0.0,2026-01-24 18:21:18.244618,46.0,2,0.1945670299462377,1,Normal
Normal,MeterValues,200.30760169929462,169,37.525367377156265,2026-01-24 18:22:02.244618,44.0,3,0.1493327891400365,1,Normal
Normal,StopTransaction,264.13221340358183,122,0.0,2026-01-24 18:25:53.244618,231.0,5,0.13015327842039992,1,Normal
Normal,Heartbeat,51.14823531901831,102,0.0,2026-01-24 18:26:35.244618,42.0,2,0.18993989550319973,1,Normal
Normal,MeterValues,211.54144344822583,198,26.151679203046683,2026-01-24 18:30:28.244618,233.0,3,0.11310297157983973,1,Normal
Normal,MeterValues,201.46965060725108,120,12.633031747491824,2026-01-24 18:34:01.244618,213.0,3,0.17487368773563355,1,Normal
Normal,Heartbeat,50.91544085862814,115,0.0,2026-01-24 18:38:19.244618,258.0,2,0.18463600872744446,1,Normal
Normal,BootNotification,248.9883468606943,53,0.0,2026-01-24 18:42:04.244618,225.0,1,0.10900360122753061,1,Normal
Normal,Heartbeat,48.55484494889068,95,0.0,2026-01-24 18:46:01.244618,237.0,2,0.18174064834031262,1,Normal
Normal,StopTransaction,233.9006707298411,119,0.0,2026-01-24 18:48:27.244618,146.0,5,0.1289049072393053,1,Normal
Normal,Heartbeat,50.15198232088488,109,0.0,2026-01-24 18:52:36.244618,249.0,2,0.19006991390379863,1,Normal
Normal,Heartbeat,48.89744168828084,87,0.0,2026-01-24 18:55:53.244618,197.0,2,0.1914757112358254,1,Normal
Normal,MeterValues,181.81353513728192,65,49.37814125350603,2026-01-24 18:56:45.244618,52.0,3,0.1517767396200283,1,Normal
Normal,MeterValues,212.27660393921562,41,3.217499867123852,2026-01-24 18:59:17.244618,152.0,3,0.17283287768671746,1,Normal
Normal,Heartbeat,51.672980997902044,21,0.0,2026-01-24 19:04:16.244618,299.0,2,0.10727547035599433,1,Normal
Normal,MeterValues,168.1899783602049,190,14.464622739260157,2026-01-24 19:04:57.244618,41.0,3,0.124442661506099,1,Normal
Normal,StopTransaction,370.5207150188323,36,0.0,2026-01-24 19:06:45.244618,108.0,5,0.09334431745548277,1,Normal
Normal,StartTransaction,392.84438621412005,55,0.0,2026-01-24 19:11:40.244618,295.0,4,0.05973084402033513,1,Normal
Normal,MeterValues,251.3307773285001,121,10.966776187701123,2026-01-24 19:12:55.244618,75.0,3,0.16978789561007585,1,Normal
Normal,MeterValues,173.9057190842697,120,27.81890898408306,2026-01-24 19:16:46.244618,231.0,3,0.15927940140354435,1,Normal
Normal,Heartbeat,49.962770207958094,151,0.0,2026-01-24 19:19:32.244618,166.0,2,0.18985014992895255,1,Normal
Normal,Authorize,253.88331086759177,77,0.0,2026-01-24 19:20:46.244618,74.0,0,0.07731524542494295,1,Normal
Normal,Heartbeat,51.41532096104964,139,0.0,2026-01-24 19:21:07.244618,21.0,2,0.16756879554222864,1,Normal
Normal,Heartbeat,51.89909748561767,84,0.0,2026-01-24 19:25:46.244618,279.0,2,0.1646090606436067,1,Normal
Normal,StopTransaction,397.14771010720045,151,0.0,2026-01-24 19:30:36.244618,290.0,5,0.04067842112611697,1,Normal
Normal,MeterValues,218.3656644160654,167,37.74222342270875,2026-01-24 19:35:09.244618,273.0,3,0.12363951376046467,1,Normal
Normal,MeterValues,202.4498939101721,61,23.222347705451696,2026-01-24 19:37:12.244618,123.0,3,0.1734587592106856,1,Normal
Normal,Heartbeat,49.59702958100937,200,0.0,2026-01-24 19:38:35.244618,83.0,2,0.1420581767713528,1,Normal
Normal,Heartbeat,51.13839866998579,143,0.0,2026-01-24 19:40:15.244618,100.0,2,0.19328236613003125,1,Normal
Normal,MeterValues,246.58587179745723,89,53.84262139680893,2026-01-24 19:44:02.244618,227.0,3,0.10458819780111928,1,Normal
Normal,Heartbeat,49.67065103607876,200,0.0,2026-01-24 19:46:07.244618,125.0,2,0.1544703948910801,1,Normal
Normal,MeterValues,219.57428452608602,105,42.75752362275355,2026-01-24 19:49:03.244618,176.0,3,0.16267206095008818,1,Normal
Normal,Heartbeat,51.12247248087486,25,0.0,2026-01-24 19:52:16.244618,193.0,2,0.16853938175263522,1,Normal
Normal,StartTransaction,267.5671759102813,40,0.0,2026-01-24 19:57:04.244618,288.0,4,0.11134310365819367,1,Normal
Normal,Heartbeat,50.1133394722275,178,0.0,2026-01-24 20:01:17.244618,253.0,2,0.1582508648832603,1,Normal
Normal,Heartbeat,49.99204010639261,114,0.0,2026-01-24 20:05:34.244618,257.0,2,0.19031238987685828,1,Normal
Normal,MeterValues,240.52403806538013,53,14.912252982019115,2026-01-24 20:05:58.244618,24.0,3,0.15331162184483754,1,Normal
Normal,Heartbeat,50.40225412282575,56,0.0,2026-01-24 20:08:02.244618,124.0,2,0.19910785734303432,1,Normal
Normal,Heartbeat,51.70694492220174,166,0.0,2026-01-24 20:11:30.244618,208.0,2,0.17900797153831421,1,Normal
Normal,Heartbeat,48.2548600658477,107,0.0,2026-01-24 20:15:06.244618,216.0,2,0.18656954460123287,1,Normal
Normal,Heartbeat,48.821047818450964,131,0.0,2026-01-24 20:17:41.244618,155.0,2,0.18944044270450022,1,Normal
Normal,Heartbeat,49.76411269503781,185,0.0,2026-01-24 20:20:42.244618,181.0,2,0.16697304299795623,1,Normal
Normal,Heartbeat,49.19460089368234,182,0.0,2026-01-24 20:22:30.244618,108.0,2,0.17426783763626524,1,Normal
Normal,Heartbeat,49.76308419061803,125,0.0,2026-01-24 20:25:23.244618,173.0,2,0.193121734243537,1,Normal
Normal,Heartbeat,51.819001815279314,103,0.0,2026-01-24 20:26:45.244618,82.0,2,0.1856180248841321,1,Normal
Normal,MeterValues,244.50261168867613,50,23.425116458071805,2026-01-24 20:27:03.244618,18.0,3,0.13654582210665778,1,Normal
Normal,Heartbeat,49.46529810786641,113,0.0,2026-01-24 20:29:49.244618,166.0,2,0.20145093545124892,1,Normal
Normal,Heartbeat,48.34633614289265,85,0.0,2026-01-24 20:30:21.244618,32.0,2,0.1768260651956028,1,Normal
Normal,StopTransaction,311.48374466758986,186,0.0,2026-01-24 20:30:58.244618,37.0,5,0.0814344045508466,1,Normal
Normal,StopTransaction,215.68272779579246,195,0.0,2026-01-24 20:35:14.244618,256.0,5,0.07819283015561651,1,Normal
Normal,Heartbeat,51.79816100161672,179,0.0,2026-01-24 20:36:32.244618,78.0,2,0.15356847066830098,1,Normal
Normal,Heartbeat,51.26561619887448,184,0.0,2026-01-24 20:37:33.244618,61.0,2,0.15555817072747385,1,Normal
Normal,MeterValues,221.8858141370645,194,19.822706487598452,2026-01-24 20:39:47.244618,134.0,3,0.14356438037637737,1,Normal
Normal,Heartbeat,49.01430929568103,97,0.0,2026-01-24 20:42:55.244618,188.0,2,0.18996212339986962,1,Normal
Normal,Authorize,234.42579333480958,112,0.0,2026-01-24 20:45:16.244618,141.0,0,0.0874738706311241,1,Normal
Normal,MeterValues,157.6500957609446,59,57.99799179774173,2026-01-24 20:49:46.244618,270.0,3,0.06748090667030426,1,Normal
Normal,StopTransaction,363.96843870075503,118,0.0,2026-01-24 20:53:55.244618,249.0,5,0.08529814261517676,1,Normal
Normal,Heartbeat,49.04407526401475,36,0.0,2026-01-24 20:58:01.244618,246.0,2,0.1723491007662965,1,Normal
Normal,BootNotification,259.22597348608474,141,0.0,2026-01-24 21:02:37.244618,276.0,1,0.1100412836976849,1,Normal
Normal,Heartbeat,50.39321662920136,193,0.0,2026-01-24 21:07:30.244618,293.0,2,0.12035627381613512,1,Normal
Normal,MeterValues,239.49712965466904,53,10.14871284920973,2026-01-24 21:08:04.244618,34.0,3,0.15714928786129279,1,Normal
Normal,MeterValues,240.10463618213342,196,4.149405901016494,2026-01-24 21:10:11.244618,127.0,3,0.1542977808136865,1,Normal
Normal,BootNotification,327.67679689791504,157,0.0,2026-01-24 21:12:46.244618,155.0,1,0.1246050575847375,1,Normal
Normal,Heartbeat,49.9952013113111,194,0.0,2026-01-24 21:14:52.244618,126.0,2,0.16255382319318057,1,Normal
Normal,StopTransaction,313.44246770304403,44,0.0,2026-01-24 21:17:41.244618,169.0,5,0.11722579816227435,1,Normal
Normal,StopTransaction,374.48090773715245,118,0.0,2026-01-24 21:21:04.244618,203.0,5,0.09984846347138249,1,Normal
Normal,Authorize,332.4238984954107,155,0.0,2026-01-24 21:22:29.244618,85.0,0,0.055762247258027364,1,Normal
Normal,StopTransaction,371.93648498305436,175,0.0,2026-01-24 21:22:40.244618,11.0,5,0.04218977163213855,1,Normal
Normal,MeterValues,200.12414922518045,130,24.270279846043742,2026-01-24 21:26:40.244618,240.0,3,0.15946591011704359,1,Normal
Normal,MeterValues,250.05652519159867,198,1.599183678569085,2026-01-24 21:27:29.244618,49.0,3,0.1306854223473125,1,Normal
Normal,Heartbeat,49.211253976851026,37,0.0,2026-01-24 21:29:53.244618,144.0,2,0.18988642349375168,1,Normal
Normal,Heartbeat,51.28448220367431,46,0.0,2026-01-24 21:32:13.244618,140.0,2,0.19628451902429322,1,Normal
Normal,StartTransaction,373.92291656289683,40,0.0,2026-01-24 21:36:56.244618,283.0,4,0.08222897734615908,1,Normal
Normal,Heartbeat,48.85847883023816,95,0.0,2026-01-24 21:40:43.244618,227.0,2,0.18517703582244283,1,Normal
Normal,Heartbeat,51.5796250646294,86,0.0,2026-01-24 21:42:33.244618,110.0,2,0.19328517450931954,1,Normal
Normal,Authorize,266.75964048317866,198,0.0,2026-01-24 21:47:19.244618,286.0,0,0.012762797311509977,1,Normal
Normal,Heartbeat,50.43015261281933,164,0.0,2026-01-24 21:48:21.244618,62.0,2,0.1789765038684129,1,Normal
Normal,StopTransaction,294.7098583331719,102,0.0,2026-01-24 21:49:04.244618,43.0,5,0.11234714374558852,1,Normal
Normal,Heartbeat,48.14155027874607,20,0.0,2026-01-24 21:52:20.244618,196.0,2,0.15003466084994227,1,Normal
Normal,MeterValues,233.15548422312384,139,11.7298944437925,2026-01-24 21:54:58.244618,158.0,3,0.17601387273863206,1,Normal
Normal,Heartbeat,51.81720465700833,68,0.0,2026-01-24 21:55:28.244618,30.0,2,0.16182541408054024,1,Normal
Normal,Authorize,373.9130781064747,101,0.0,2026-01-24 21:58:43.244618,195.0,0,0.045870055077574245,1,Normal
Normal,BootNotification,343.24885215905243,120,0.0,2026-01-24 21:59:21.244618,38.0,1,0.12016096463268072,1,Normal
Normal,BootNotification,258.2261769567507,68,0.0,2026-01-24 22:00:27.244618,66.0,1,0.13241476850165818,1,Normal
Normal,BootNotification,269.18552942236744,95,0.0,2026-01-24 22:04:43.244618,256.0,1,0.11104610256966158,1,Normal
Saldırı,MeterValues,238.0,73,1191.4247522092505,2026-01-24 22:05:15.244618,32.0,3,-0.05566193307732159,-1,Saldırı
Normal,BootNotification,244.15929660566349,180,0.0,2026-01-24 22:10:02.244618,287.0,1,0.0857360897431172,1,Normal
Normal,MeterValues,240.9389554623351,88,39.55441380761127,2026-01-24 22:14:16.244618,254.0,3,0.12292203858140505,1,Normal
Normal,StopTransaction,292.98786879516217,58,0.0,2026-01-24 22:18:12.244618,236.0,5,0.10488666063624741,1,Normal
Saldırı,MeterValues,208.0,54,799.4351107394112,2026-01-24 22:18:22.244618,10.0,3,-0.004184610607392281,-1,Saldırı
Normal,Heartbeat,51.80547597361195,139,0.0,2026-01-24 22:20:23.244618,121.0,2,0.18881343882061585,1,Normal
Normal,MeterValues,163.1046072459302,135,26.970394200242595,2026-01-24 22:24:42.244618,259.0,3,0.1408814415099458,1,Normal
Normal,BootNotification,256.7157406968699,21,0.0,2026-01-24 22:25:31.244618,49.0,1,0.0924369394011062,1,Normal
Normal,MeterValues,180.2019005535825,112,53.62212938297609,2026-01-24 22:27:17.244618,106.0,3,0.15718266919879853,1,Normal
Normal,StartTransaction,272.29396595960947,125,0.0,2026-01-24 22:28:18.244618,61.0,4,0.14440675930494373,1,Normal
Normal,Heartbeat,49.056575674662994,96,0.0,2026-01-24 22:33:14.244618,296.0,2,0.1546163444047754,1,Normal
Normal,StopTransaction,355.975415819154,152,0.0,2026-01-24 22:35:32.244618,138.0,5,0.10895070922992778,1,Normal
Normal,MeterValues,177.39737269455142,83,11.592051858865624,2026-01-24 22:36:14.244618,42.0,3,0.1722348084424647,1,Normal
Normal,Heartbeat,49.94224604208719,110,0.0,2026-01-24 22:40:32.244618,258.0,2,0.19101548707904903,1,Normal
Normal,StartTransaction,316.5109187060877,182,0.0,2026-01-24 22:44:14.244618,222.0,4,0.11382864231959383,1,Normal
Normal,Heartbeat,51.587947970950346,28,0.0,2026-01-24 22:48:38.244618,264.0,2,0.1512698794406237,1,Normal
Normal,StopTransaction,244.12418510865075,26,0.0,2026-01-24 22:50:51.244618,133.0,5,0.11562965116561041,1,Normal
Normal,MeterValues,240.75049937997866,25,16.963404288983128,2026-01-24 22:55:13.244618,262.0,3,0.10605811779580626,1,Normal
Normal,Heartbeat,48.58662130913504,42,0.0,2026-01-24 22:59:00.244618,227.0,2,0.17309591880200742,1,Normal
Normal,Heartbeat,49.07383236974545,116,0.0,2026-01-24 23:03:21.244618,261.0,2,0.17895397658985773,1,Normal
Normal,Authorize,263.5442396867272,199,0.0,2026-01-24 23:07:51.244618,270.0,0,0.020979156754551864,1,Normal
Normal,StartTransaction,245.8872181186068,106,0.0,2026-01-24 23:11:07.244618,196.0,4,0.15933300616928325,1,Normal
Normal,MeterValues,161.3086087045335,160,34.62027506330406,2026-01-24 23:14:02.244618,175.0,3,0.15144750299487914,1,Normal
Normal,Heartbeat,49.620631595864445,143,0.0,2026-01-24 23:14:31.244618,29.0,2,0.18223438254033553,1,Normal
Normal,Heartbeat,50.465247899593145,78,0.0,2026-01-24 23:16:26.244618,115.0,2,0.19975472023158403,1,Normal
Normal,Authorize,272.87806101200465,115,0.0,2026-01-24 23:17:41.244618,75.0,0,0.06916165477407088,1,Normal
Normal,StartTransaction,363.1883889127504,104,0.0,2026-01-24 23:20:05.244618,144.0,4,0.13519554189456962,1,Normal
Normal,MeterValues,191.8265489201886,187,17.26683017029022,2026-01-24 23:21:23.244618,78.0,3,0.14327809435219035,1,Normal
Normal,StopTransaction,271.25402193832576,55,0.0,2026-01-24 23:21:38.244618,15.0,5,0.08721487502490599,1,Normal
Normal,MeterValues,206.82292493212557,176,11.84406842621267,2026-01-24 23:23:47.244618,129.0,3,0.1691482617334642,1,Normal
Normal,StopTransaction,391.6247991241199,60,0.0,2026-01-24 23:25:53.244618,126.0,5,0.08731804450635194,1,Normal
Normal,Heartbeat,51.40037858407621,197,0.0,2026-01-24 23:27:34.244618,101.0,2,0.14588280226369,1,Normal
Normal,MeterValues,185.98381983021548,192,39.09186435594117,2026-01-24 23:31:57.244618,263.0,3,0.09926569213404268,1,Normal
Normal,Authorize,397.79053713535086,134,0.0,2026-01-24 23:35:41.244618,224.0,0,0.030421570488241123,1,Normal
Saldırı,MeterValues,177.0,127,816.1885675015875,2026-01-24 23:36:13.244618,32.0,3,0.009416001525850981,1,Normal
Normal,Heartbeat,51.23962269247434,71,0.0,2026-01-24 23:39:17.244618,184.0,2,0.19214760960515842,1,Normal
Normal,Heartbeat,48.3162529504081,134,0.0,2026-01-24 23:41:34.244618,137.0,2,0.19594139935813992,1,Normal
Normal,Heartbeat,50.86537522308808,187,0.0,2026-01-24 23:43:42.244618,128.0,2,0.16839865165095758,1,Normal
Normal,Heartbeat,51.14950068080141,185,0.0,2026-01-24 23:44:41.244618,59.0,2,0.15925114083706132,1,Normal
Normal,StopTransaction,225.39981513082486,197,0.0,2026-01-24 23:49:28.244618,287.0,5,0.06406448638067674,1,Normal
Normal,StopTransaction,390.0579573612188,86,0.0,2026-01-24 23:52:55.244618,207.0,5,0.0870669233984368,1,Normal
Normal,Heartbeat,51.90707048401205,73,0.0,2026-01-24 23:53:05.244618,10.0,2,0.14128611818117492,1,Normal
Saldırı,MeterValues,190.0,101,1057.126830313946,2026-01-24 23:53:38.244618,33.0,3,-0.022017720598590307,-1,Saldırı
Normal,Heartbeat,48.80417680555315,101,0.0,2026-01-24 23:54:59.244618,81.0,2,0.19457577141285237,1,Normal
Normal,Heartbeat,49.21727319989997,111,0.0,2026-01-24 23:58:44.244618,225.0,2,0.19017431380696687,1,Normal
Normal,StopTransaction,329.98741462733045,32,0.0,2026-01-25 00:02:02.244618,198.0,5,0.09762833524208986,1,Normal
Normal,Heartbeat,50.002967321665935,37,0.0,2026-01-25 00:06:59.244618,297.0,2,0.14267754463047227,1,Normal
Normal,StartTransaction,209.67958989097258,86,0.0,2026-01-25 00:07:40.244618,41.0,4,0.13044256489340356,1,Normal
Normal,Heartbeat,51.163066159640714,25,0.0,2026-01-25 00:11:32.244618,232.0,2,0.1656893089515405,1,Normal
Saldırı,MeterValues,189.0,90,812.2684119405646,2026-01-25 00:12:22.244618,50.0,3,0.011299934440182291,1,Normal
Normal,MeterValues,229.47073459824722,26,7.713385080620934,2026-01-25 00:14:26.244618,124.0,3,0.1615613309385447,1,Normal
Normal,StartTransaction,287.1955201963794,68,0.0,2026-01-25 00:15:30.244618,64.0,4,0.13938921071637483,1,Normal
Normal,StopTransaction,275.4311737684562,27,0.0,2026-01-25 00:20:11.244618,281.0,5,0.06836566902426677,1,Normal
Normal,MeterValues,176.2997806751319,139,15.910556451264506,2026-01-25 00:23:41.244618,210.0,3,0.16675832753514436,1,Normal
Normal,Heartbeat,51.64790071848201,193,0.0,2026-01-25 00:25:26.244618,105.0,2,0.1525098955699996,1,Normal
Normal,Heartbeat,48.18689756213854,149,0.0,2026-01-25 00:26:13.244618,47.0,2,0.17834630189623074,1,Normal
Normal,MeterValues,212.0199032544492,167,3.18976742380342,2026-01-25 00:29:55.244618,222.0,3,0.16781982411871954,1,Normal
Normal,Heartbeat,49.24502821438397,192,0.0,2026-01-25 00:31:09.244618,74.0,2,0.14867174360738322,1,Normal
Normal,MeterValues,234.9924060289675,136,53.44025669334208,2026-01-25 00:32:37.244618,88.0,3,0.14960499435296126,1,Normal
Normal,Heartbeat,48.00010631457276,118,0.0,2026-01-25 00:35:36.244618,179.0,2,0.1818194400074425,1,Normal
Normal,Heartbeat,48.18568420284085,188,0.0,2026-01-25 00:38:11.244618,155.0,2,0.15472770241176914,1,Normal
Normal,Heartbeat,49.76421025982339,171,0.0,2026-01-25 00:42:47.244618,276.0,2,0.16826244808145263,1,Normal
Normal,MeterValues,164.09755773696298,65,28.13648951439471,2026-01-25 00:44:40.244618,113.0,3,0.1622133712689136,1,Normal
Normal,Heartbeat,49.736944037183136,44,0.0,2026-01-25 00:47:40.244618,180.0,2,0.18999202531492004,1,Normal
Normal,BootNotification,217.11211356133265,76,0.0,2026-01-25 00:48:28.244618,48.0,1,0.12923038954781108,1,Normal
Saldırı,BootNotification,2030.3853227073928,3748,0.0,2026-01-25 00:48:28.246618,0.002,1,-0.09928529836918754,-1,Saldırı
Normal,MeterValues,176.6312338554989,185,21.154570116430474,2026-01-25 00:49:40.246618,72.0,3,0.1383402543833826,1,Normal
Normal,Heartbeat,51.67365091664155,132,0.0,2026-01-25 00:51:40.246618,120.0,2,0.19214722462595546,1,Normal
Normal,Heartbeat,50.37665990213847,50,0.0,2026-01-25 00:56:26.246618,286.0,2,0.1620101691604886,1,Normal
Normal,StopTransaction,318.43052944033377,115,0.0,2026-01-25 01:00:07.246618,221.0,5,0.1180505922656413,1,Normal
Normal,MeterValues,189.38089068215638,172,47.800820299897126,2026-01-25 01:01:44.246618,97.0,3,0.14823397798161536,1,Normal
Normal,StopTransaction,351.32730843778523,39,0.0,2026-01-25 01:02:19.246618,35.0,5,0.08565179636892073,1,Normal
Normal,StartTransaction,372.0028218102599,141,0.0,2026-01-25 01:03:37.246618,78.0,4,0.12234246597083265,1,Normal
Normal,StartTransaction,238.45529505964302,37,0.0,2026-01-25 01:06:39.246618,182.0,4,0.13947924482815188,1,Normal
Normal,Heartbeat,49.81598038743916,92,0.0,2026-01-25 01:10:17.246618,218.0,2,0.19543424652097136,1,Normal
Normal,Heartbeat,49.1562824608516,52,0.0,2026-01-25 01:13:05.246618,168.0,2,0.1948016614281175,1,Normal
Normal,StopTransaction,374.10993474771595,181,0.0,2026-01-25 01:13:28.246618,23.0,5,0.048396481515047385,1,Normal
Saldırı,MeterValues,159.0,66,1167.719649637646,2026-01-25 01:14:25.246618,57.0,3,-0.05325935738943821,-1,Saldırı
Normal,StartTransaction,324.43846139622593,36,0.0,2026-01-25 01:15:02.246618,37.0,4,0.11682948632943418,1,Normal
Normal,Heartbeat,50.57371282880212,158,0.0,2026-01-25 01:16:26.246618,84.0,2,0.19127436525913388,1,Normal
Normal,Heartbeat,50.50533058821147,130,0.0,2026-01-25 01:21:14.246618,288.0,2,0.1702525648141519,1,Normal
Normal,Heartbeat,51.17077313588008,100,0.0,2026-01-25 01:22:05.246618,51.0,2,0.18885024939579564,1,Normal
Normal,Heartbeat,51.362624723601485,167,0.0,2026-01-25 01:23:12.246618,67.0,2,0.1753042512108809,1,Normal
Normal,Heartbeat,50.22622668914147,94,0.0,2026-01-25 01:26:05.246618,173.0,2,0.19688083603093326,1,Normal
Normal,Heartbeat,50.03261825190597,101,0.0,2026-01-25 01:29:31.246618,206.0,2,0.19798045825028293,1,Normal
Normal,StopTransaction,332.29937837449495,35,0.0,2026-01-25 01:31:28.246618,117.0,5,0.11101816617534827,1,Normal
Normal,Heartbeat,50.846627530740875,150,0.0,2026-01-25 01:34:35.246618,187.0,2,0.18421675383918407,1,Normal
Normal,StopTransaction,246.80689935139773,25,0.0,2026-01-25 01:38:54.246618,259.0,5,0.0775125413278478,1,Normal
Normal,StopTransaction,276.78225872612734,61,0.0,2026-01-25 01:40:00.246618,66.0,5,0.12165667887428033,1,Normal
Normal,Heartbeat,49.509127983257834,74,0.0,2026-01-25 01:41:51.246618,111.0,2,0.2014397615558713,1,Normal
Normal,Heartbeat,51.69290253346011,150,0.0,2026-01-25 01:42:39.246618,48.0,2,0.17421513311376857,1,Normal
Normal,Heartbeat,49.84932625944683,113,0.0,2026-01-25 01:44:48.246618,129.0,2,0.2042716046899104,1,Normal
Normal,Heartbeat,51.13916688799211,121,0.0,2026-01-25 01:45:48.246618,60.0,2,0.18637651424029428,1,Normal
Normal,StartTransaction,301.40012415845985,166,0.0,2026-01-25 01:50:12.246618,264.0,4,0.12272040670425427,1,Normal
Normal,Authorize,250.9940864572498,45,0.0,2026-01-25 01:54:33.246618,261.0,0,0.04729792721155479,1,Normal
Normal,Heartbeat,49.59431051883378,93,0.0,2026-01-25 01:58:34.246618,241.0,2,0.1902612002245636,1,Normal
Normal,MeterValues,237.51122961865812,155,15.260983999469964,2026-01-25 02:00:48.246618,134.0,3,0.17309535666278164,1,Normal
Normal,BootNotification,335.48856319091436,101,0.0,2026-01-25 02:02:44.246618,116.0,1,0.12692623850459678,1,Normal
Normal,StartTransaction,374.34946518419974,22,0.0,2026-01-25 02:05:19.246618,155.0,4,0.09092312557559334,1,Normal
Normal,MeterValues,198.06479445766178,200,28.06461390716489,2026-01-25 02:06:03.246618,44.0,3,0.11482982237192924,1,Normal
Normal,StopTransaction,293.359428866982,73,0.0,2026-01-25 02:06:33.246618,30.0,5,0.1027238695345381,1,Normal
Normal,StopTransaction,282.8179385779833,120,0.0,2026-01-25 02:11:25.246618,292.0,5,0.09045183602794149,1,Normal
Normal,Heartbeat,48.368179684187055,20,0.0,2026-01-25 02:15:05.246618,220.0,2,0.1519644033590799,1,Normal
Normal,Heartbeat,50.17223134336689,39,0.0,2026-01-25 02:16:49.246618,104.0,2,0.19409530940140335,1,Normal
Saldırı,MeterValues,220.0,122,861.2652250984133,2026-01-25 02:17:44.246618,55.0,3,0.002172891323035664,1,Normal
Normal,Authorize,201.39979485103328,46,0.0,2026-01-25 02:19:05.246618,81.0,0,0.06018448286948486,1,Normal
Normal,MeterValues,215.75829244628991,21,42.87503552956988,2026-01-25 02:21:51.246618,166.0,3,0.12478028498184751,1,Normal
Normal,Authorize,282.0902950896402,124,0.0,2026-01-25 02:25:42.246618,231.0,0,0.06307417742190424,1,Normal
Normal,BootNotification,219.70565016537213,115,0.0,2026-01-25 02:25:58.246618,16.0,1,0.11311270850524774,1,Normal
Normal,Heartbeat,49.53302571479889,122,0.0,2026-01-25 02:27:44.246618,106.0,2,0.1946436195507466,1,Normal
Normal,BootNotification,263.33363282111935,187,0.0,2026-01-25 02:31:49.246618,245.0,1,0.09112811567407686,1,Normal
Normal,Heartbeat,49.80963800027808,96,0.0,2026-01-25 02:32:10.246618,21.0,2,0.17700126462683552,1,Normal
Normal,Heartbeat,50.56664154281727,73,0.0,2026-01-25 02:34:18.246618,128.0,2,0.2000633353833977,1,Normal
Normal,Heartbeat,49.24830227138435,45,0.0,2026-01-25 02:34:58.246618,40.0,2,0.1849996036127154,1,Normal
Normal,Heartbeat,48.88891430129851,181,0.0,2026-01-25 02:38:35.246618,217.0,2,0.1569988493471443,1,Normal
Normal,StopTransaction,365.7502435195321,192,0.0,2026-01-25 02:41:41.246618,186.0,5,0.07484109436585462,1,Normal
Normal,StopTransaction,279.6805560223643,110,0.0,2026-01-25 02:43:37.246618,116.0,5,0.13450411633945258,1,Normal
Normal,MeterValues,229.97674020554237,143,10.479343196099858,2026-01-25 02:43:53.246618,16.0,3,0.14512470956018597,1,Normal
Normal,Heartbeat,49.618965526985164,92,0.0,2026-01-25 02:45:15.246618,82.0,2,0.1984501906031016,1,Normal
Normal,Authorize,267.009949742562,153,0.0,2026-01-25 02:49:28.246618,253.0,0,0.06405345546939611,1,Normal
Normal,MeterValues,190.5646912452803,76,0.3847027737470343,2026-01-25 02:53:18.246618,230.0,3,0.170620516260595,1,Normal
Normal,Heartbeat,51.94313795756972,86,0.0,2026-01-25 02:53:50.246618,32.0,2,0.16515000605509833,1,Normal
Normal,StartTransaction,205.31144906475774,100,0.0,2026-01-25 02:55:59.246618,129.0,4,0.15924564935329033,1,Normal
Normal,StartTransaction,206.93051854766227,57,0.0,2026-01-25 02:59:29.246618,210.0,4,0.14224914953512557,1,Normal
Normal,Heartbeat,48.65243122858865,113,0.0,2026-01-25 03:03:31.246618,242.0,2,0.1818456408804347,1,Normal
Normal,StartTransaction,291.2610711888118,125,0.0,2026-01-25 03:07:40.246618,249.0,4,0.13860258841807466,1,Normal
Normal,Heartbeat,51.040674753167444,31,0.0,2026-01-25 03:09:40.246618,120.0,2,0.18563424553662433,1,Normal
Normal,MeterValues,245.43249793864953,67,26.297618057957187,2026-01-25 03:11:22.246618,102.0,3,0.1568505023184832,1,Normal
Normal,MeterValues,195.40674224923413,37,23.48438630433702,2026-01-25 03:16:02.246618,280.0,3,0.12018760627789427,1,Normal
Normal,Heartbeat,49.304998556994576,83,0.0,2026-01-25 03:18:55.246618,173.0,2,0.19897497136011166,1,Normal
Normal,Heartbeat,50.68912584620356,193,0.0,2026-01-25 03:23:01.246618,246.0,2,0.1443867502588248,1,Normal
Normal,MeterValues,194.0265680650584,32,52.81024470514074,2026-01-25 03:27:37.246618,276.0,3,0.07731333970766119,1,Normal
Normal,Heartbeat,50.30949953503609,34,0.0,2026-01-25 03:32:01.246618,264.0,2,0.16339205002938245,1,Normal
Normal,MeterValues,173.29016909499651,70,44.64347534991846,2026-01-25 03:35:04.246618,183.0,3,0.15150876303200722,1,Normal
Normal,MeterValues,191.6703869579114,65,16.074260446200228,2026-01-25 03:38:26.246618,202.0,3,0.16435462957380342,1,Normal
Normal,MeterValues,174.94112344240978,127,47.65612480319983,2026-01-25 03:43:01.246618,275.0,3,0.116837874451994,1,Normal
Normal,Heartbeat,51.02780755372612,22,0.0,2026-01-25 03:43:38.246618,37.0,2,0.1583140035496352,1,Normal
Normal,StartTransaction,320.7679356865676,173,0.0,2026-01-25 03:46:34.246618,176.0,4,0.1301547266208249,1,Normal
Normal,MeterValues,209.71956977469122,112,57.68896060867627,2026-01-25 03:48:16.246618,102.0,3,0.14345300311451475,1,Normal
Normal,Heartbeat,51.29893987533559,31,0.0,2026-01-25 03:50:05.246618,109.0,2,0.1857810719663729,1,Normal
Normal,MeterValues,236.52690975670453,28,11.01553994658726,2026-01-25 03:53:43.246618,218.0,3,0.14121751704825558,1,Normal
Normal,StartTransaction,299.27588465720186,109,0.0,2026-01-25 03:55:02.246618,79.0,4,0.15134869828112496,1,Normal
Normal,Heartbeat,51.44481069187158,149,0.0,2026-01-25 03:55:52.246618,50.0,2,0.18067762317345698,1,Normal
Normal,Heartbeat,48.62532378865978,184,0.0,2026-01-25 03:59:14.246618,202.0,2,0.15104386725711966,1,Normal
Normal,StopTransaction,348.131091954304,33,0.0,2026-01-25 04:04:03.246618,289.0,5,0.06183379317170823,1,Normal
Normal,BootNotification,263.1044889517456,62,0.0,2026-01-25 04:04:36.246618,33.0,1,0.11326364223716107,1,Normal
Saldırı,BootNotification,2136.959323981234,3510,0.0,2026-01-25 04:04:36.254618,0.008,1,-0.09744418324256476,-1,Saldırı
Normal,BootNotification,222.51857316831266,126,0.0,2026-01-25 04:04:49.254618,13.0,1,0.11145485079338352,1,Normal
Normal,MeterValues,150.58557771320366,115,59.293027603472986,2026-01-25 04:06:10.254618,81.0,3,0.11306551234813134,1,Normal
Normal,MeterValues,181.23984219723434,181,50.535959982870544,2026-01-25 04:07:49.254618,99.0,3,0.1289170867212207,1,Normal
Normal,Heartbeat,49.563785017342504,78,0.0,2026-01-25 04:12:22.254618,273.0,2,0.17700750147973193,1,Normal
Normal,MeterValues,199.2171315466257,130,32.065789337186004,2026-01-25 04:13:13.254618,51.0,3,0.1741334409583175,1,Normal
Normal,MeterValues,193.0138844596864,196,50.62820171223854,2026-01-25 04:18:00.254618,287.0,3,0.060625136052128825,1,Normal
Normal,MeterValues,217.97788887091843,181,40.93581877028905,2026-01-25 04:22:46.254618,286.0,3,0.09185743071093844,1,Normal
Normal,StopTransaction,372.7400848376075,44,0.0,2026-01-25 04:25:10.254618,144.0,5,0.09699187365379164,1,Normal
Normal,Heartbeat,50.184498181119494,42,0.0,2026-01-25 04:25:29.254618,19.0,2,0.15963866187980735,1,Normal
Normal,Heartbeat,51.45115454979432,125,0.0,2026-01-25 04:27:55.254618,146.0,2,0.19145537433537613,1,Normal
Normal,StartTransaction,344.2688767336905,33,0.0,2026-01-25 04:32:55.254618,300.0,4,0.0656754008528383,1,Normal
Normal,Heartbeat,48.14773359683424,63,0.0,2026-01-25 04:36:45.254618,230.0,2,0.18145762502545915,1,Normal
Normal,StartTransaction,214.37870865272373,117,0.0,2026-01-25 04:36:58.254618,13.0,4,0.11518258815902299,1,Normal
Normal,Heartbeat,50.14533035053652,125,0.0,2026-01-25 04:39:28.254618,150.0,2,0.1943695230599607,1,Normal
Normal,Heartbeat,51.2892029499222,172,0.0,2026-01-25 04:40:35.254618,67.0,2,0.17250311400039597,1,Normal
Normal,Heartbeat,49.16469996019486,67,0.0,2026-01-25 04:44:47.254618,252.0,2,0.18661569364360797,1,Normal
Normal,StartTransaction,241.68128739798027,145,0.0,2026-01-25 04:48:49.254618,242.0,4,0.14862858293539127,1,Normal
Normal,Heartbeat,51.554178841247506,164,0.0,2026-01-25 04:53:06.254618,257.0,2,0.1780613386490445,1,Normal
Normal,Authorize,294.44311663724875,169,0.0,2026-01-25 04:53:30.254618,24.0,0,0.04005776941190464,1,Normal
Normal,Heartbeat,51.86034513191469,85,0.0,2026-01-25 04:57:00.254618,210.0,2,0.1822380743500977,1,Normal
Normal,Heartbeat,48.8010052449518,94,0.0,2026-01-25 04:59:06.254618,126.0,2,0.19881952228791855,1,Normal
Normal,Heartbeat,50.2566492131655,138,0.0,2026-01-25 05:02:06.254618,180.0,2,0.1921148895865844,1,Normal
Saldırı,MeterValues,183.0,70,1058.8460149670384,2026-01-25 05:02:24.254618,18.0,3,-0.028704557806758735,-1,Saldırı
Normal,Heartbeat,51.54129272588173,117,0.0,2026-01-25 05:04:19.254618,115.0,2,0.18802164940405147,1,Normal
Normal,Heartbeat,49.96157052104617,48,0.0,2026-01-25 05:06:03.254618,104.0,2,0.19415351061873032,1,Normal
Normal,BootNotification,395.6956264977489,198,0.0,2026-01-25 05:07:42.254618,99.0,1,0.06109156598051513,1,Normal
Normal,Authorize,252.4748467195833,198,0.0,2026-01-25 05:11:24.254618,222.0,0,0.03222627155354807,1,Normal
Normal,StartTransaction,274.75580103373954,164,0.0,2026-01-25 05:14:03.254618,159.0,4,0.14815196795803015,1,Normal
Normal,MeterValues,226.35593620893403,129,44.40286660269165,2026-01-25 05:18:08.254618,245.0,3,0.1375741438579442,1,Normal
Normal,Heartbeat,50.28051729588117,192,0.0,2026-01-25 05:19:01.254618,53.0,2,0.1505400244222151,1,Normal
Normal,BootNotification,310.59696787965635,32,0.0,2026-01-25 05:22:59.254618,238.0,1,0.09066433022328846,1,Normal
Saldırı,BootNotification,1507.205301885586,2899,0.0,2026-01-25 05:22:59.256618,0.002,1,-0.07713590194134556,-1,Saldırı
Normal,Heartbeat,48.27442824520519,87,0.0,2026-01-25 05:24:23.256618,84.0,2,0.1862231831791864,1,Normal
Normal,StartTransaction,340.79776291545943,44,0.0,2026-01-25 05:26:12.256618,109.0,4,0.13477807305780165,1,Normal
Normal,Heartbeat,49.401738603891154,86,0.0,2026-01-25 05:26:50.256618,38.0,2,0.19109027661520833,1,Normal
Normal,Heartbeat,49.893883135161225,148,0.0,2026-01-25 05:31:01.256618,251.0,2,0.191113183092324,1,Normal
Saldırı,BootNotification,2488.4750603876937,2679,0.0,2026-01-25 05:31:01.258618,0.002,1,-0.10747256440854625,-1,Saldırı
Normal,Heartbeat,49.66500609868984,105,0.0,2026-01-25 05:33:05.258618,124.0,2,0.2035918478741805,1,Normal
Normal,Heartbeat,51.206274900378965,103,0.0,2026-01-25 05:37:21.258618,256.0,2,0.18874280257139836,1,Normal
Normal,Heartbeat,51.88960982403985,106,0.0,2026-01-25 05:38:27.258618,66.0,2,0.18239143025683668,1,Normal
Normal,MeterValues,219.62767180493978,196,9.506906088902273,2026-01-25 05:39:20.258618,53.0,3,0.1374475152841773,1,Normal
Normal,MeterValues,202.49886925260193,197,55.443191734863866,2026-01-25 05:43:13.258618,233.0,3,0.0699519351257969,1,Normal
Normal,Heartbeat,48.512535936141965,195,0.0,2026-01-25 05:45:53.258618,160.0,2,0.15233283165318373,1,Normal
Normal,StartTransaction,304.0726567875613,57,0.0,2026-01-25 05:50:38.258618,285.0,4,0.11005027631037545,1,Normal
Normal,StopTransaction,230.39891559398586,55,0.0,2026-01-25 05:52:47.258618,129.0,5,0.12914937061689952,1,Normal
Normal,Heartbeat,51.29010439819477,41,0.0,2026-01-25 05:52:59.258618,12.0,2,0.14862573327506245,1,Normal
Normal,Heartbeat,48.233813789371375,21,0.0,2026-01-25 05:53:56.258618,57.0,2,0.14319650762723646,1,Normal
Normal,Heartbeat,48.835078913918636,151,0.0,2026-01-25 05:54:11.258618,15.0,2,0.15169162074669357,1,Normal
Normal,BootNotification,239.420882055363,135,0.0,2026-01-25 05:55:18.258618,67.0,1,0.13398562101291428,1,Normal
Normal,StopTransaction,364.07530351152474,112,0.0,2026-01-25 05:58:17.258618,179.0,5,0.10142991517321248,1,Normal
Normal,MeterValues,200.97575053102895,171,31.795877629791264,2026-01-25 06:02:17.258618,240.0,3,0.1423962689362136,1,Normal
Normal,Heartbeat,48.42631904988311,38,0.0,2026-01-25 06:05:28.258618,191.0,2,0.17877553471335245,1,Normal
Saldırı,BootNotification,1661.322379337489,3735,0.0,2026-01-25 06:05:28.268618,0.01,1,-0.10158351293112944,-1,Saldırı
Normal,Heartbeat,48.14952574375887,72,0.0,2026-01-25 06:05:45.268618,17.0,2,0.15329359661300446,1,Normal
Normal,Heartbeat,50.63772928551542,64,0.0,2026-01-25 06:10:26.268618,281.0,2,0.17168621885653473,1,Normal
Saldırı,BootNotification,2125.7420995089747,4367,0.0,2026-01-25 06:10:26.273618,0.005,1,-0.10254680726289134,-1,Saldırı
Normal,Heartbeat,48.92595358178713,28,0.0,2026-01-25 06:14:28.273618,242.0,2,0.16290660225919823,1,Normal
Normal,MeterValues,229.5104202517514,146,40.74419370278566,2026-01-25 06:16:57.273618,149.0,3,0.15988374536316574,1,Normal
Normal,MeterValues,234.76085699821877,105,57.53917144859186,2026-01-25 06:21:49.273618,292.0,3,0.07699088741036031,1,Normal
Normal,MeterValues,163.26030574186098,34,21.622687155600218,2026-01-25 06:22:57.273618,68.0,3,0.14335220623093592,1,Normal
Normal,StartTransaction,203.72084809218805,79,0.0,2026-01-25 06:23:12.273618,15.0,4,0.11704529382498363,1,Normal
Normal,Heartbeat,49.32637040862966,184,0.0,2026-01-25 06:26:04.273618,172.0,2,0.16537909551220242,1,Normal
Normal,Heartbeat,51.415423939130555,21,0.0,2026-01-25 06:27:36.273618,92.0,2,0.16740355862445888,1,Normal
Saldırı,BootNotification,2430.218569472196,2346,0.0,2026-01-25 06:27:36.275618,0.002,1,-0.10075338601794526,-1,Saldırı
Normal,StopTransaction,203.0676972028382,180,0.0,2026-01-25 06:28:44.275618,68.0,5,0.08030604606808567,1,Normal
Normal,MeterValues,186.3058168819732,25,47.46142235096195,2026-01-25 06:33:38.275618,294.0,3,0.058005144068088765,1,Normal
Normal,MeterValues,175.91516272529032,104,7.591361725684456,2026-01-25 06:37:12.275618,214.0,3,0.17614489170289271,1,Normal
Normal,Heartbeat,51.34234188050612,191,0.0,2026-01-25 06:38:46.275618,94.0,2,0.1559431823383967,1,Normal
Saldırı,MeterValues,202.0,125,915.5542065353626,2026-01-25 06:39:03.275618,17.0,3,-0.010931760335235463,-1,Saldırı
Normal,Heartbeat,50.825627446431405,186,0.0,2026-01-25 06:41:36.275618,153.0,2,0.16297069383898527,1,Normal
Normal,MeterValues,154.38171421102012,53,10.202049814096917,2026-01-25 06:44:37.275618,181.0,3,0.1569588127513844,1,Normal
Normal,StopTransaction,239.62508798139478,73,0.0,2026-01-25 06:46:52.275618,135.0,5,0.13239160006366674,1,Normal
Normal,Heartbeat,51.32867056704041,136,0.0,2026-01-25 06:51:20.275618,268.0,2,0.18024126931114148,1,Normal
Normal,Heartbeat,51.77699750669331,85,0.0,2026-01-25 06:53:30.275618,130.0,2,0.18907632881271014,1,Normal
Normal,Heartbeat,48.48724547129423,45,0.0,2026-01-25 06:58:30.275618,300.0,2,0.12781478571411387,1,Normal
Normal,MeterValues,162.25095592956654,59,37.54020052504107,2026-01-25 07:00:41.275618,131.0,3,0.15555480248929987,1,Normal
Normal,MeterValues,161.88717672541583,140,21.85251777382075,2026-01-25 07:04:46.275618,245.0,3,0.14779355378081732,1,Normal
Normal,MeterValues,242.6574821213875,100,25.283837779456835,2026-01-25 07:06:24.275618,98.0,3,0.16756532054473333,1,Normal
Normal,StartTransaction,300.9180947863397,86,0.0,2026-01-25 07:08:27.275618,123.0,4,0.15724925555520386,1,Normal
Normal,BootNotification,353.8948179124618,177,0.0,2026-01-25 07:08:46.275618,19.0,1,0.07278095522559869,1,Normal
Normal,StopTransaction,295.1390050232077,168,0.0,2026-01-25 07:11:09.275618,143.0,5,0.12129126642663768,1,Normal
Normal,MeterValues,241.14784700746938,147,2.3481691762656776,2026-01-25 07:16:09.275618,300.0,3,0.12428275860927562,1,Normal
Normal,Heartbeat,49.25760298698926,152,0.0,2026-01-25 07:17:44.275618,95.0,2,0.19647159332556835,1,Normal
Normal,Heartbeat,48.10979053937256,133,0.0,2026-01-25 07:20:08.275618,144.0,2,0.18810834542251847,1,Normal
Normal,StartTransaction,389.90462152005557,70,0.0,2026-01-25 07:22:22.275618,134.0,4,0.1095138570029458,1,Normal
Normal,Authorize,203.3875369976861,193,0.0,2026-01-25 07:26:09.275618,227.0,0,0.026937774378855917,1,Normal
Normal,Heartbeat,48.411339068401,176,0.0,2026-01-25 07:28:41.275618,152.0,2,0.17605524051433036,1,Normal
Normal,MeterValues,203.83160791140673,192,7.1487565870429615,2026-01-25 07:32:11.275618,210.0,3,0.1363466854961511,1,Normal
Normal,Authorize,205.95390654854506,161,0.0,2026-01-25 07:34:15.275618,124.0,0,0.06691744378960485,1,Normal
Normal,Heartbeat,51.29084112868404,196,0.0,2026-01-25 07:35:15.275618,60.0,2,0.1416964842359148,1,Normal
Normal,Heartbeat,50.63522251580295,132,0.0,2026-01-25 07:35:43.275618,28.0,2,0.18207383171090447,1,Normal
Normal,StartTransaction,219.29155276785326,106,0.0,2026-01-25 07:39:19.275618,216.0,4,0.15458044873390325,1,Normal
Normal,BootNotification,285.19631720402623,72,0.0,2026-01-25 07:43:19.275618,240.0,1,0.10670680142466538,1,Normal
Normal,BootNotification,312.8386703703426,186,0.0,2026-01-25 07:44:57.275618,98.0,1,0.10336971489876079,1,Normal
Saldırı,BootNotification,1932.6664798887666,2397,0.0,2026-01-25 07:44:57.281618,0.006,1,-0.08440725842765795,-1,Saldırı
Normal,Heartbeat,48.120826863738074,170,0.0,2026-01-25 07:46:18.281618,81.0,2,0.17655354528044842,1,Normal
Normal,Heartbeat,48.3196059022575,172,0.0,2026-01-25 07:48:14.281618,116.0,2,0.18217312474764658,1,Normal
Normal,Heartbeat,48.99449584271387,114,0.0,2026-01-25 07:50:24.281618,130.0,2,0.20204155268576635,1,Normal
Normal,Heartbeat,51.63104492563095,34,0.0,2026-01-25 07:54:41.281618,257.0,2,0.16251501417196318,1,Normal
Normal,MeterValues,229.9375299648836,22,39.00435372921332,2026-01-25 07:56:53.281618,132.0,3,0.13356046354824036,1,Normal
Saldırı,MeterValues,204.0,127,908.9886112059808,2026-01-25 07:57:12.281618,19.0,3,-0.007843725648485567,-1,Saldırı
Normal,MeterValues,208.2132183894983,86,36.18559855052541,2026-01-25 07:59:11.281618,119.0,3,0.1716140820826525,1,Normal
Normal,MeterValues,207.77794809657678,53,52.70411659254002,2026-01-25 07:59:58.281618,47.0,3,0.14233357127495355,1,Normal
Normal,BootNotification,206.21943736391728,138,0.0,2026-01-25 08:00:53.281618,55.0,1,0.13244245126349846,1,Normal
Normal,Heartbeat,49.6136738193194,143,0.0,2026-01-25 08:05:48.281618,295.0,2,0.15299914929906583,1,Normal
Normal,Heartbeat,48.44725764932279,21,0.0,2026-01-25 08:09:04.281618,196.0,2,0.15420349663378813,1,Normal
Normal,Heartbeat,50.40788033624816,39,0.0,2026-01-25 08:09:57.281618,53.0,2,0.1861540610150449,1,Normal
Normal,MeterValues,157.0807073532166,170,0.1044110373054341,2026-01-25 08:12:25.281618,148.0,3,0.16821442639415024,1,Normal
Normal,MeterValues,167.02803327217134,125,50.060093251873575,2026-01-25 08:16:25.281618,240.0,3,0.12233972218489386,1,Normal
Normal,StartTransaction,230.33775439108493,33,0.0,2026-01-25 08:18:48.281618,143.0,4,0.14336983186492513,1,Normal
Normal,Heartbeat,51.35543744536646,125,0.0,2026-01-25 08:19:59.281618,71.0,2,0.18796596859387837,1,Normal
Normal,Heartbeat,50.482327725874754,93,0.0,2026-01-25 08:20:20.281618,21.0,2,0.17487074934419639,1,Normal
Normal,MeterValues,241.03728032420318,71,12.95225687047337,2026-01-25 08:22:32.281618,132.0,3,0.1728661530639189,1,Normal
Normal,Heartbeat,48.82873252200052,70,0.0,2026-01-25 08:24:01.281618,89.0,2,0.1944990102746823,1,Normal
Normal,MeterValues,226.14303925433316,81,41.11292903896376,2026-01-25 08:25:05.281618,64.0,3,0.15737997273520926,1,Normal
Normal,Heartbeat,51.366933350899316,133,0.0,2026-01-25 08:27:05.281618,120.0,2,0.19800480771565981,1,Normal
Saldırı,MeterValues,152.0,142,992.699901943496,2026-01-25 08:27:24.281618,19.0,3,-0.044142318004354975,-1,Saldırı
Normal,StartTransaction,276.9082434344382,178,0.0,2026-01-25 08:30:04.281618,160.0,4,0.1361980029265467,1,Normal
Normal,Heartbeat,50.72747845284154,153,0.0,2026-01-25 08:32:34.281618,150.0,2,0.18800772239170382,1,Normal
Normal,Heartbeat,48.19886239270608,177,0.0,2026-01-25 08:34:58.281618,144.0,2,0.17034148220308648,1,Normal
Normal,Heartbeat,50.81218704538282,162,0.0,2026-01-25 08:37:34.281618,156.0,2,0.18459371563278731,1,Normal
Normal,StartTransaction,282.79808954611525,104,0.0,2026-01-25 08:37:55.281618,21.0,4,0.12308321507904862,1,Normal
Normal,Heartbeat,51.16095630730961,185,0.0,2026-01-25 08:39:49.281618,114.0,2,0.1684091773069431,1,Normal
Normal,Heartbeat,49.87633145169325,83,0.0,2026-01-25 08:42:44.281618,175.0,2,0.19843183575079038,1,Normal
Normal,Authorize,319.4871092884931,62,0.0,2026-01-25 08:47:43.281618,299.0,0,0.011800167034753284,1,Normal
Normal,Heartbeat,50.21631270773305,184,0.0,2026-01-25 08:49:08.281618,85.0,2,0.16605107076425596,1,Normal
Normal,MeterValues,245.22712846996058,161,26.108640883524824,2026-01-25 08:50:29.281618,81.0,3,0.1593320853711544,1,Normal
Normal,MeterValues,242.2085557858986,72,1.4342494027775987,2026-01-25 08:53:49.281618,200.0,3,0.16620997453609448,1,Normal
Normal,Heartbeat,51.72476952182385,38,0.0,2026-01-25 08:55:43.281618,114.0,2,0.18399806383472578,1,Normal
Normal,MeterValues,228.21594691611915,130,23.100219166579578,2026-01-25 08:57:56.281618,133.0,3,0.17778737042032988,1,Normal
Normal,Heartbeat,50.45400582744309,23,0.0,2026-01-25 09:02:55.281618,299.0,2,0.12269804356282465,1,Normal
Normal,Authorize,208.23934603991728,127,0.0,2026-01-25 09:05:43.281618,168.0,0,0.07551420017016897,1,Normal
Normal,Heartbeat,50.273288457675264,89,0.0,2026-01-25 09:07:27.281618,104.0,2,0.19828871019934075,1,Normal
Normal,MeterValues,245.87824265960134,124,28.524707163636638,2026-01-25 09:09:25.281618,118.0,3,0.1670957121759724,1,Normal
Normal,StartTransaction,338.35503937126657,74,0.0,2026-01-25 09:10:07.281618,42.0,4,0.12449064792768721,1,Normal
Normal,MeterValues,180.24076619529552,164,58.965367726721844,2026-01-25 09:10:22.281618,15.0,3,0.10444069412854307,1,Normal
Normal,StartTransaction,215.69182235181094,99,0.0,2026-01-25 09:11:33.281618,71.0,4,0.14774040108237474,1,Normal
Normal,Heartbeat,51.56612196944828,52,0.0,2026-01-25 09:11:43.281618,10.0,2,0.1468636246966925,1,Normal
Normal,StopTransaction,270.3981360275279,50,0.0,2026-01-25 09:16:26.281618,283.0,5,0.08842041082126906,1,Normal
Normal,Heartbeat,48.078857197270075,141,0.0,2026-01-25 09:19:20.281618,174.0,2,0.18580888478744395,1,Normal
Normal,MeterValues,154.56718135023786,142,28.238132630075096,2026-01-25 09:22:18.281618,178.0,3,0.15657556643990422,1,Normal
Normal,StartTransaction,217.31650156925414,182,0.0,2026-01-25 09:24:15.281618,117.0,4,0.13299992459222904,1,Normal
Normal,StopTransaction,362.1788511807546,173,0.0,2026-01-25 09:28:10.281618,235.0,5,0.07164987791548239,1,Normal
Normal,Heartbeat,50.87575160789947,73,0.0,2026-01-25 09:28:28.281618,18.0,2,0.1641479117223662,1,Normal
Normal,Heartbeat,50.64002025460575,75,0.0,2026-01-25 09:29:15.281618,47.0,2,0.19075958304776264,1,Normal
Normal,Heartbeat,48.51945568361412,200,0.0,2026-01-25 09:32:37.281618,202.0,2,0.1385081776882529,1,Normal
Normal,Heartbeat,49.696002529247714,62,0.0,2026-01-25 09:36:50.281618,253.0,2,0.18968613292103892,1,Normal
Normal,BootNotification,336.99114037552044,124,0.0,2026-01-25 09:38:32.281618,102.0,1,0.12466665176205188,1,Normal
Normal,StopTransaction,320.61879913334144,138,0.0,2026-01-25 09:41:51.281618,199.0,5,0.1168742805961761,1,Normal
Normal,Heartbeat,51.30664659147454,42,0.0,2026-01-25 09:45:19.281618,208.0,2,0.18274084316458378,1,Normal
Normal,BootNotification,307.06922198334445,133,0.0,2026-01-25 09:49:04.281618,225.0,1,0.11679128643576636,1,Normal
Normal,MeterValues,197.45946281737653,115,19.596160107614107,2026-01-25 09:50:34.281618,90.0,3,0.17820622838818617,1,Normal
Normal,MeterValues,205.2013904764253,161,50.9726446465613,2026-01-25 09:54:01.281618,207.0,3,0.13241415566292453,1,Normal
Normal,StopTransaction,226.84107109367523,51,0.0,2026-01-25 09:56:54.281618,173.0,5,0.12011278990211827,1,Normal
Normal,Authorize,226.45842186970464,142,0.0,2026-01-25 10:00:43.281618,229.0,0,0.07353578209530853,1,Normal
Saldırı,MeterValues,209.0,63,1116.1797536539912,2026-01-25 10:01:08.281618,25.0,3,-0.036365148983764306,-1,Saldırı
Normal,MeterValues,176.16398377987144,97,11.213611090906214,2026-01-25 10:04:10.281618,182.0,3,0.17193701387716676,1,Normal
Normal,Heartbeat,51.75131682516333,136,0.0,2026-01-25 10:04:26.281618,16.0,2,0.14568883663000193,1,Normal
Normal,Heartbeat,50.685987774012254,172,0.0,2026-01-25 10:08:03.281618,217.0,2,0.17471867676092584,1,Normal
Normal,Heartbeat,49.117232780249395,31,0.0,2026-01-25 10:09:24.281618,81.0,2,0.18134799547357305,1,Normal
Normal,StartTransaction,282.280029190806,54,0.0,2026-01-25 10:12:43.281618,199.0,4,0.14191249347913532,1,Normal
Normal,MeterValues,174.893883274128,153,57.26642644780398,2026-01-25 10:16:25.281618,222.0,3,0.11246837640236418,1,Normal
Normal,MeterValues,193.30778193821956,64,2.8239897867733044,2026-01-25 10:20:16.281618,231.0,3,0.16442496225826386,1,Normal
Normal,Heartbeat,49.81185279724672,157,0.0,2026-01-25 10:20:43.281618,27.0,2,0.17972287465088466,1,Normal
Normal,Heartbeat,49.91742569633588,81,0.0,2026-01-25 10:24:26.281618,223.0,2,0.1954979458897927,1,Normal
Saldırı,MeterValues,202.0,68,1079.3068801035838,2026-01-25 10:25:13.281618,47.0,3,-0.02440509265259938,-1,Saldırı
Normal,BootNotification,393.4836944138676,177,0.0,2026-01-25 10:28:26.281618,193.0,1,0.05818258255177078,1,Normal
Normal,Authorize,274.34364885720476,198,0.0,2026-01-25 10:31:50.281618,204.0,0,0.029985146919470185,1,Normal
Normal,StopTransaction,382.60280073413765,166,0.0,2026-01-25 10:36:44.281618,294.0,5,0.038898089013159276,1,Normal
Normal,Heartbeat,49.45085921160458,34,0.0,2026-01-25 10:37:15.281618,31.0,2,0.16382403340116153,1,Normal
Normal,MeterValues,208.60363770646862,63,46.95099031712213,2026-01-25 10:38:09.281618,54.0,3,0.15521803056353,1,Normal
Normal,MeterValues,181.52129078321315,72,42.9311465663158,2026-01-25 10:40:47.281618,158.0,3,0.15387300232133322,1,Normal
Normal,Heartbeat,49.10476737320227,64,0.0,2026-01-25 10:41:18.281618,31.0,2,0.1772614534710662,1,Normal
Normal,MeterValues,204.9427989675947,172,53.48028206224228,2026-01-25 10:43:00.281618,102.0,3,0.13795920240161175,1,Normal
Normal,MeterValues,215.35903521948146,91,17.802860994441506,2026-01-25 10:47:06.281618,246.0,3,0.15334683849062558,1,Normal
Saldırı,MeterValues,165.0,103,995.1516653471741,2026-01-25 10:47:46.281618,40.0,3,-0.016197726791400857,-1,Saldırı
Normal,StartTransaction,321.32841281505273,176,0.0,2026-01-25 10:50:14.281618,148.0,4,0.13446417339710615,1,Normal
Normal,BootNotification,319.81629671875635,156,0.0,2026-01-25 10:53:04.281618,170.0,1,0.11794881018287579,1,Normal
Saldırı,BootNotification,1744.338133500961,2502,0.0,2026-01-25 10:53:04.287618,0.006,1,-0.08385089923586175,-1,Saldırı
Normal,MeterValues,199.4347238761381,134,33.058310136444085,2026-01-25 10:56:47.287618,223.0,3,0.15237880155948713,1,Normal
Normal,Heartbeat,50.1543911420121,33,0.0,2026-01-25 11:01:16.287618,269.0,2,0.16387643599426577,1,Normal
Normal,MeterValues,185.96232993702645,37,1.1014485747811653,2026-01-25 11:04:36.287618,200.0,3,0.16492881944654225,1,Normal
Normal,MeterValues,249.99774363456882,44,28.850761972914466,2026-01-25 11:05:10.287618,34.0,3,0.12741145483698701,1,Normal
Normal,MeterValues,227.00791776940372,117,47.97762322023219,2026-01-25 11:06:58.287618,108.0,3,0.1605658027663024,1,Normal
Normal,Heartbeat,51.94401155994246,50,0.0,2026-01-25 11:09:55.287618,177.0,2,0.17312465447819603,1,Normal
Normal,Heartbeat,50.7128768158834,95,0.0,2026-01-25 11:14:42.287618,287.0,2,0.17052438662633795,1,Normal
Normal,Heartbeat,50.20955471639144,72,0.0,2026-01-25 11:14:57.287618,15.0,2,0.15977144294550777,1,Normal
Normal,MeterValues,236.8037524246466,90,3.319558904353539,2026-01-25 11:16:58.287618,121.0,3,0.18738213162660222,1,Normal
Normal,StopTransaction,206.01390219100452,184,0.0,2026-01-25 11:19:47.287618,169.0,5,0.1030768689568809,1,Normal
Saldırı,BootNotification,2024.6662244782706,2542,0.0,2026-01-25 11:19:47.289618,0.002,1,-0.08428404228653452,-1,Saldırı
Saldırı,BootNotification,2468.692519330192,2382,0.0,2026-01-25 11:19:47.296618,0.007,1,-0.10289354685976793,-1,Saldırı
Saldırı,MeterValues,220.0,130,898.9837204677358,2026-01-25 11:20:34.296618,47.0,3,-0.0015580684457925376,-1,Saldırı
Normal,Heartbeat,49.649349317425084,175,0.0,2026-01-25 11:23:38.296618,184.0,2,0.1830383611794863,1,Normal
Normal,Heartbeat,50.440099777280345,149,0.0,2026-01-25 11:24:34.296618,56.0,2,0.18612129801645594,1,Normal
Saldırı,BootNotification,2376.913195741223,4900,0.0,2026-01-25 11:24:34.303618,0.007,1,-0.12749881070489433,-1,Saldırı
Normal,Heartbeat,49.08834698293373,66,0.0,2026-01-25 11:29:26.303618,292.0,2,0.15892020092241982,1,Normal
Normal,StopTransaction,341.42682439013714,55,0.0,2026-01-25 11:30:49.303618,83.0,5,0.11699953249222622,1,Normal
Normal,MeterValues,210.4240603542362,92,4.342783392030394,2026-01-25 11:32:58.303618,129.0,3,0.18907713926973035,1,Normal
Normal,BootNotification,234.240559746346,111,0.0,2026-01-25 11:36:31.303618,213.0,1,0.12926831481417816,1,Normal
Normal,MeterValues,159.52023302244365,21,46.20281873646391,2026-01-25 11:38:09.303618,98.0,3,0.10682216972509989,1,Normal
Normal,Heartbeat,50.989988823271304,170,0.0,2026-01-25 11:39:42.303618,93.0,2,0.1873572589662919,1,Normal
Saldırı,MeterValues,197.0,102,1174.0576727896398,2026-01-25 11:40:18.303618,36.0,3,-0.04037345288030514,-1,Saldırı
Normal,BootNotification,326.58593791149605,168,0.0,2026-01-25 11:44:31.303618,253.0,1,0.094589394720627,1,Normal
Normal,Heartbeat,48.8500674676921,185,0.0,2026-01-25 11:48:05.303618,214.0,2,0.15106461974732083,1,Normal
Normal,StartTransaction,395.36980048963136,41,0.0,2026-01-25 11:48:22.303618,17.0,4,0.07504576607867264,1,Normal
Normal,MeterValues,192.02826314444513,128,19.591817598613826,2026-01-25 11:49:13.303618,51.0,3,0.17652672786155732,1,Normal
Normal,MeterValues,190.1561814638021,48,27.429486542127744,2026-01-25 11:49:58.303618,45.0,3,0.15696989057030686,1,Normal
Saldırı,BootNotification,1657.5299264739556,3829,0.0,2026-01-25 11:49:58.312618,0.009,1,-0.10158351293112944,-1,Saldırı
Normal,MeterValues,209.21881885792453,30,19.867735128406192,2026-01-25 11:52:12.312618,134.0,3,0.16316999910118363,1,Normal
Normal,Heartbeat,48.09337110786055,55,0.0,2026-01-25 11:52:24.312618,12.0,2,0.14326108624650463,1,Normal
Normal,Heartbeat,50.37344199846443,152,0.0,2026-01-25 11:52:53.312618,29.0,2,0.1794362448643645,1,Normal
Normal,MeterValues,171.1058756313251,87,42.09095025377992,2026-01-25 11:53:27.312618,34.0,3,0.14706622963978416,1,Normal
Normal,StopTransaction,391.38778906505013,49,0.0,2026-01-25 11:54:26.312618,59.0,5,0.07040423953674113,1,Normal
Normal,Heartbeat,51.61827828744938,29,0.0,2026-01-25 11:58:55.312618,269.0,2,0.1485568924386863,1,Normal
Normal,Heartbeat,50.171527949611125,20,0.0,2026-01-25 12:02:29.312618,214.0,2,0.15787962756834817,1,Normal
Normal,Heartbeat,51.92934052630524,198,0.0,2026-01-25 12:03:35.312618,66.0,2,0.12936787873806016,1,Normal
Normal,MeterValues,189.90414450036724,157,34.75626222456666,2026-01-25 12:04:09.312618,34.0,3,0.1571294169782711,1,Normal
Normal,MeterValues,177.4140423783962,77,13.646080570805697,2026-01-25 12:05:47.312618,98.0,3,0.17595832584926718,1,Normal
Normal,Heartbeat,50.99415471272559,150,0.0,2026-01-25 12:10:10.312618,263.0,2,0.17937069591641042,1,Normal
Normal,MeterValues,195.67669188798442,32,40.08403557238658,2026-01-25 12:12:55.312618,165.0,3,0.1468362427316846,1,Normal
Normal,Authorize,296.6923928697437,106,0.0,2026-01-25 12:15:09.312618,134.0,0,0.07207960938957125,1,Normal
Normal,Heartbeat,48.60576063725256,195,0.0,2026-01-25 12:16:37.312618,88.0,2,0.15264440973125976,1,Normal
Normal,StopTransaction,216.80359430035895,55,0.0,2026-01-25 12:20:28.312618,231.0,5,0.10231039571220174,1,Normal
Normal,MeterValues,149.40894250545554,74,43.498669696639396,2026-01-25 12:23:53.312618,205.0,3,0.12698940223724503,1,Normal
Normal,StartTransaction,204.42933107208992,75,0.0,2026-01-25 12:28:00.312618,247.0,4,0.13952488997090234,1,Normal
Normal,Heartbeat,51.4700731062345,193,0.0,2026-01-25 12:31:15.312618,195.0,2,0.14853897590333137,1,Normal
Normal,MeterValues,180.22246899985691,140,10.476276510616243,2026-01-25 12:33:16.312618,121.0,3,0.18014990342469667,1,Normal
Normal,MeterValues,153.15495499908056,67,44.17458865652269,2026-01-25 12:34:14.312618,58.0,3,0.13140142457891563,1,Normal
Normal,Heartbeat,48.605267126488464,28,0.0,2026-01-25 12:38:39.312618,265.0,2,0.15386244011458972,1,Normal
Normal,MeterValues,240.66614044164868,198,32.98777670331287,2026-01-25 12:39:29.312618,50.0,3,0.10618485074001516,1,Normal
Normal,MeterValues,243.83075183078185,116,38.2812561432979,2026-01-25 12:44:21.312618,292.0,3,0.10793809441229663,1,Normal
Normal,Heartbeat,48.31633536483162,141,0.0,2026-01-25 12:44:46.312618,25.0,2,0.17371113365187635,1,Normal
Normal,MeterValues,191.20224391890926,194,50.55969190285696,2026-01-25 12:46:44.312618,118.0,3,0.11879010388381395,1,Normal
Saldırı,MeterValues,178.0,91,1038.431435130411,2026-01-25 12:47:02.312618,18.0,3,-0.027944210007156522,-1,Saldırı
Normal,Heartbeat,51.50810323249515,123,0.0,2026-01-25 12:48:05.312618,63.0,2,0.1860129128423884,1,Normal
Normal,MeterValues,182.3034670056787,151,25.465023918786716,2026-01-25 12:50:12.312618,127.0,3,0.17385531080780042,1,Normal
Saldırı,MeterValues,176.0,145,961.1764533674993,2026-01-25 12:51:08.312618,56.0,3,-0.02782581471984702,-1,Saldırı
Normal,StopTransaction,256.80621814987467,161,0.0,2026-01-25 12:55:24.312618,256.0,5,0.10283397122351218,1,Normal
Normal,Heartbeat,48.49179660801632,62,0.0,2026-01-25 12:58:10.312618,166.0,2,0.19433576679896403,1,Normal
Normal,MeterValues,172.8584895676659,190,51.54990423721296,2026-01-25 13:00:51.312618,161.0,3,0.11701498313881903,1,Normal
Normal,StopTransaction,320.3234805261597,132,0.0,2026-01-25 13:01:06.312618,15.0,5,0.08494137490070064,1,Normal
Normal,StopTransaction,364.9112844763125,30,0.0,2026-01-25 13:03:22.312618,136.0,5,0.09562261756293988,1,Normal
Normal,Heartbeat,49.93051578527145,52,0.0,2026-01-25 13:03:51.312618,29.0,2,0.1762918685910247,1,Normal
Normal,Heartbeat,50.73891391793912,173,0.0,2026-01-25 13:07:34.312618,223.0,2,0.1704111358589704,1,Normal
Normal,Heartbeat,50.696092292658555,62,0.0,2026-01-25 13:10:41.312618,187.0,2,0.19281601643423807,1,Normal
Normal,StopTransaction,348.55642757624065,50,0.0,2026-01-25 13:11:24.312618,43.0,5,0.09550408651140563,1,Normal
Normal,Heartbeat,48.95744802425428,107,0.0,2026-01-25 13:14:26.312618,182.0,2,0.19500782547102208,1,Normal
Normal,StopTransaction,286.1886737363361,66,0.0,2026-01-25 13:15:13.312618,47.0,5,0.10170846040888715,1,Normal
Normal,Heartbeat,48.5198548918784,75,0.0,2026-01-25 13:17:46.312618,153.0,2,0.1890059735058514,1,Normal
Saldırı,MeterValues,201.0,105,843.9799113204537,2026-01-25 13:18:40.312618,54.0,3,0.008946360840416334,1,Normal
Normal,Heartbeat,51.80622713533567,195,0.0,2026-01-25 13:19:42.312618,62.0,2,0.13629280277489492,1,Normal
Normal,Heartbeat,50.56417172801049,88,0.0,2026-01-25 13:20:51.312618,69.0,2,0.1928708751312052,1,Normal
Normal,StopTransaction,305.72133492328993,123,0.0,2026-01-25 13:23:39.312618,168.0,5,0.13228093086308257,1,Normal
Normal,Heartbeat,48.82968458282145,91,0.0,2026-01-25 13:24:55.312618,76.0,2,0.19204611063716492,1,Normal
Normal,MeterValues,215.69152923122272,52,11.68710409483934,2026-01-25 13:28:21.312618,206.0,3,0.16497849395145925,1,Normal
Normal,StartTransaction,389.5730989449147,40,0.0,2026-01-25 13:31:17.312618,176.0,4,0.09407283546244127,1,Normal
Normal,Heartbeat,48.30690035339943,186,0.0,2026-01-25 13:32:17.312618,60.0,2,0.1482160977480515,1,Normal
Normal,Heartbeat,48.493765850305984,120,0.0,2026-01-25 13:32:35.312618,18.0,2,0.15931647969748353,1,Normal
Normal,Heartbeat,51.47240674918099,35,0.0,2026-01-25 13:36:19.312618,224.0,2,0.1775466538634835,1,Normal
Normal,StopTransaction,257.8888221486121,76,0.0,2026-01-25 13:36:57.312618,38.0,5,0.10248375439078689,1,Normal
Normal,Heartbeat,51.70491385363199,110,0.0,2026-01-25 13:40:56.312618,239.0,2,0.18613856046522753,1,Normal
Normal,MeterValues,183.39847671757855,59,47.6024328470548,2026-01-25 13:45:23.312618,267.0,3,0.10329338770112045,1,Normal
Saldırı,MeterValues,156.0,88,995.4292990695457,2026-01-25 13:45:54.312618,31.0,3,-0.023820954072242273,-1,Saldırı
Normal,Heartbeat,51.101827228749634,39,0.0,2026-01-25 13:48:14.312618,140.0,2,0.19583804806581467,1,Normal
Normal,Heartbeat,51.919452520328335,195,0.0,2026-01-25 13:49:46.312618,92.0,2,0.14760948186405287,1,Normal
Normal,Heartbeat,48.435800708545045,145,0.0,2026-01-25 13:52:51.312618,185.0,2,0.1831547393592003,1,Normal
Normal,MeterValues,178.64044636923956,58,37.06009236328888,2026-01-25 13:56:03.312618,192.0,3,0.1568541077810396,1,Normal
Saldırı,BootNotification,2038.7217325292218,3227,0.0,2026-01-25 13:56:03.315618,0.003,1,-0.07934015363080205,-1,Saldırı
Normal,Heartbeat,51.17186940015852,141,0.0,2026-01-25 14:01:03.315618,300.0,2,0.14308314246891662,1,Normal
Normal,Heartbeat,50.98011915615635,171,0.0,2026-01-25 14:04:32.315618,209.0,2,0.17469599309906053,1,Normal
Normal,Heartbeat,49.20497598079187,33,0.0,2026-01-25 14:08:55.315618,263.0,2,0.16583726834634593,1,Normal
Normal,MeterValues,231.85451894885375,34,28.80473986593513,2026-01-25 14:09:08.315618,13.0,3,0.12093784943670671,1,Normal
Normal,Authorize,361.5365398603144,32,0.0,2026-01-25 14:12:27.315618,199.0,0,0.03057840416690627,1,Normal
Normal,MeterValues,193.87012042580156,128,18.360860995344176,2026-01-25 14:14:57.315618,150.0,3,0.18147202584040922,1,Normal
Normal,Heartbeat,50.528813141364154,66,0.0,2026-01-25 14:16:10.315618,73.0,2,0.19597614202659197,1,Normal
Normal,MeterValues,185.45763503555398,64,57.75647793511582,2026-01-25 14:17:01.315618,51.0,3,0.1317138394441863,1,Normal
Normal,Heartbeat,50.6435872002856,188,0.0,2026-01-25 14:20:03.315618,182.0,2,0.16172264495440852,1,Normal
Normal,Heartbeat,49.51067367666563,52,0.0,2026-01-25 14:23:06.315618,183.0,2,0.19200530299357954,1,Normal
Normal,MeterValues,159.9207651596231,75,59.88289917169651,2026-01-25 14:25:57.315618,171.0,3,0.10297333089584265,1,Normal
Normal,MeterValues,251.7327481923243,124,24.60375421194835,2026-01-25 14:30:03.315618,246.0,3,0.141187386051582,1,Normal
Normal,StopTransaction,257.3462929877957,62,0.0,2026-01-25 14:33:01.315618,178.0,5,0.11761730137800763,1,Normal
Normal,Heartbeat,48.60727278303092,139,0.0,2026-01-25 14:34:36.315618,95.0,2,0.19547789728567572,1,Normal
Normal,Heartbeat,49.98684690736506,65,0.0,2026-01-25 14:38:41.315618,245.0,2,0.1911153871603553,1,Normal
Normal,BootNotification,291.9201549218014,63,0.0,2026-01-25 14:43:38.315618,297.0,1,0.07124372896179987,1,Normal
Normal,Heartbeat,50.616114408522655,181,0.0,2026-01-25 14:46:20.315618,162.0,2,0.16908560719623394,1,Normal
Normal,Heartbeat,49.03047687318014,88,0.0,2026-01-25 14:48:48.315618,148.0,2,0.19876952903814338,1,Normal
Normal,MeterValues,217.0988866344561,23,31.212856407640796,2026-01-25 14:52:32.315618,224.0,3,0.12326532902451859,1,Normal
Normal,MeterValues,207.5987801385897,130,4.543316221153755,2026-01-25 14:57:24.315618,292.0,3,0.14268248163332842,1,Normal
Normal,Heartbeat,51.033160799508636,175,0.0,2026-01-25 15:01:02.315618,218.0,2,0.16963998537572195,1,Normal
Normal,MeterValues,186.94123942944822,24,52.13855098183517,2026-01-25 15:03:08.315618,126.0,3,0.12230700837585584,1,Normal
Normal,StartTransaction,362.05536239721135,43,0.0,2026-01-25 15:04:54.315618,106.0,4,0.12650539153978801,1,Normal
Normal,Heartbeat,49.43043465636028,46,0.0,2026-01-25 15:05:25.315618,31.0,2,0.17504404890600522,1,Normal
Normal,Heartbeat,50.28542553027569,128,0.0,2026-01-25 15:09:30.315618,245.0,2,0.18562965212930305,1,Normal
Normal,MeterValues,184.47589071553944,30,46.629769696141864,2026-01-25 15:11:30.315618,120.0,3,0.13354192134276405,1,Normal
Normal,MeterValues,202.19075648326066,95,7.5652851144613,2026-01-25 15:12:16.315618,46.0,3,0.1800077672656798,1,Normal
Normal,Authorize,282.4834720079031,169,0.0,2026-01-25 15:12:28.315618,12.0,0,0.026891443735360343,1,Normal
Normal,StartTransaction,320.27765257115885,97,0.0,2026-01-25 15:16:14.315618,226.0,4,0.13265367717408977,1,Normal
Normal,MeterValues,234.9658826773309,39,8.639121948715786,2026-01-25 15:19:11.315618,177.0,3,0.16518961827005685,1,Normal
Normal,MeterValues,240.07110665611089,73,30.03222519343582,2026-01-25 15:21:58.315618,167.0,3,0.15619375368013838,1,Normal
Normal,Heartbeat,50.770208971681825,135,0.0,2026-01-25 15:24:51.315618,173.0,2,0.19023132261656756,1,Normal
Normal,StopTransaction,392.03835271911765,101,0.0,2026-01-25 15:27:38.315618,167.0,5,0.0885108762123551,1,Normal
Normal,Authorize,379.6985629883415,31,0.0,2026-01-25 15:31:36.315618,238.0,0,0.005027360587598229,1,Normal
Normal,Heartbeat,49.43253134112242,79,0.0,2026-01-25 15:34:36.315618,180.0,2,0.19359189556870404,1,Normal
Normal,Heartbeat,49.051283532583156,142,0.0,2026-01-25 15:37:36.315618,180.0,2,0.19038078540680797,1,Normal
Normal,MeterValues,180.98058123042563,48,19.276587940844532,2026-01-25 15:41:22.315618,226.0,3,0.14805610273730124,1,Normal
Normal,MeterValues,159.26981554055664,50,0.0497580653338936,2026-01-25 15:43:29.315618,127.0,3,0.1752744397894756,1,Normal
Normal,Heartbeat,48.64357102638023,101,0.0,2026-01-25 15:47:37.315618,248.0,2,0.1824777912767665,1,Normal
Normal,MeterValues,239.43839629674844,71,8.77631978502955,2026-01-25 15:49:17.315618,100.0,3,0.1721381486787521,1,Normal
Normal,Heartbeat,49.05490791703956,117,0.0,2026-01-25 15:52:35.315618,198.0,2,0.18900736646038435,1,Normal
Normal,Heartbeat,49.27222703822017,122,0.0,2026-01-25 15:55:01.315618,146.0,2,0.19583332853617502,1,Normal
Normal,MeterValues,177.07142960886574,135,45.33270237365103,2026-01-25 15:58:10.315618,189.0,3,0.15701544087590996,1,Normal
Normal,MeterValues,206.419256780124,113,5.757123810698959,2026-01-25 16:00:02.315618,112.0,3,0.1931924471934363,1,Normal
Normal,Heartbeat,51.69827764413055,157,0.0,2026-01-25 16:03:15.315618,193.0,2,0.18383326349153395,1,Normal
Normal,Heartbeat,48.116571723363684,189,0.0,2026-01-25 16:07:19.315618,244.0,2,0.13666504850178973,1,Normal
Normal,MeterValues,155.06350399103485,186,41.56000761450763,2026-01-25 16:12:12.315618,293.0,3,0.06193808819214097,1,Normal
Normal,StopTransaction,272.084605737027,48,0.0,2026-01-25 16:16:02.315618,230.0,5,0.11303960932648016,1,Normal
Normal,BootNotification,332.00673354297356,39,0.0,2026-01-25 16:17:21.315618,79.0,1,0.11478591575081581,1,Normal
Normal,MeterValues,207.27673779730515,125,23.362450464622015,2026-01-25 16:21:31.315618,250.0,3,0.15408990081286522,1,Normal
Normal,Heartbeat,50.24847325366349,112,0.0,2026-01-25 16:23:18.315618,107.0,2,0.20190287504855686,1,Normal
Normal,MeterValues,225.67941708414043,192,11.499203981483797,2026-01-25 16:23:58.315618,40.0,3,0.13080153629105257,1,Normal
Normal,Heartbeat,49.43763694947383,161,0.0,2026-01-25 16:27:32.315618,214.0,2,0.18526497424413574,1,Normal
Normal,MeterValues,162.55961258414575,142,37.09428129796283,2026-01-25 16:32:03.315618,271.0,3,0.12431477850342637,1,Normal
Normal,StartTransaction,324.8859358933183,57,0.0,2026-01-25 16:34:25.315618,142.0,4,0.14592043697836626,1,Normal
Normal,MeterValues,176.04833983920895,92,33.37260053636546,2026-01-25 16:36:09.315618,104.0,3,0.17338198491119905,1,Normal
Normal,Heartbeat,48.07934145784157,66,0.0,2026-01-25 16:40:17.315618,248.0,2,0.1759314740777998,1,Normal
Normal,StopTransaction,336.2918593723731,122,0.0,2026-01-25 16:41:50.315618,93.0,5,0.12465279410298336,1,Normal
Normal,StartTransaction,289.37575533587324,55,0.0,2026-01-25 16:43:02.315618,72.0,4,0.1442773935702591,1,Normal
Normal,MeterValues,160.65125472041763,94,25.348259808846457,2026-01-25 16:45:59.315618,177.0,3,0.15748979464399182,1,Normal
Normal,Heartbeat,51.11096473293968,109,0.0,2026-01-25 16:50:54.315618,295.0,2,0.15811472234381346,1,Normal
Normal,Heartbeat,48.71448761855612,21,0.0,2026-01-25 16:53:23.315618,149.0,2,0.15781750278777146,1,Normal
Normal,Heartbeat,49.26044498923178,101,0.0,2026-01-25 16:54:18.315618,55.0,2,0.19343553238885974,1,Normal
Normal,Authorize,359.4541914473031,134,0.0,2026-01-25 16:57:45.315618,207.0,0,0.050522385831651806,1,Normal
Normal,Authorize,323.4451710666765,114,0.0,2026-01-25 16:58:48.315618,63.0,0,0.06353773689454811,1,Normal
Normal,Authorize,212.3631417318524,195,0.0,2026-01-25 17:01:10.315618,142.0,0,0.052529253333942094,1,Normal
Saldırı,BootNotification,2359.060664459799,2993,0.0,2026-01-25 17:01:10.318618,0.003,1,-0.09495524917551668,-1,Saldırı
Normal,Heartbeat,49.87175384702093,33,0.0,2026-01-25 17:02:01.318618,51.0,2,0.17864564658871546,1,Normal
Normal,MeterValues,165.0466688727608,151,3.9379473426484335,2026-01-25 17:07:01.318618,300.0,3,0.11379140184184078,1,Normal
Normal,StopTransaction,292.49962480171365,57,0.0,2026-01-25 17:10:31.318618,210.0,5,0.11349096950853621,1,Normal
Normal,StopTransaction,370.239586490773,30,0.0,2026-01-25 17:13:04.318618,153.0,5,0.07701928913721057,1,Normal
Normal,MeterValues,168.5510724061728,170,6.959662780332376,2026-01-25 17:16:09.318618,185.0,3,0.15652121496018168,1,Normal
Normal,StopTransaction,383.1907877436147,101,0.0,2026-01-25 17:16:30.318618,21.0,5,0.062267401490769037,1,Normal
Saldırı,BootNotification,2086.177393502574,2522,0.0,2026-01-25 17:16:30.322618,0.004,1,-0.07822951348428553,-1,Saldırı
Normal,StartTransaction,361.2817596345701,72,0.0,2026-01-25 17:19:29.322618,179.0,4,0.11657300887398253,1,Normal
Normal,BootNotification,230.7638261123271,153,0.0,2026-01-25 17:23:44.322618,255.0,1,0.11511371679187238,1,Normal
Normal,Heartbeat,50.70595118886593,173,0.0,2026-01-25 17:24:26.322618,42.0,2,0.16689904178730758,1,Normal
Normal,Heartbeat,49.30549943741605,159,0.0,2026-01-25 17:24:58.322618,32.0,2,0.17585210189568207,1,Normal
Normal,Heartbeat,48.9396455953934,184,0.0,2026-01-25 17:29:38.322618,280.0,2,0.13811130897521573,1,Normal
Normal,Heartbeat,50.4633694174315,117,0.0,2026-01-25 17:30:10.322618,32.0,2,0.18427585366097693,1,Normal
Saldırı,MeterValues,188.0,133,838.4687433483327,2026-01-25 17:31:00.322618,50.0,3,0.007461117875623868,1,Normal
Normal,StopTransaction,238.16792501459582,186,0.0,2026-01-25 17:33:56.322618,176.0,5,0.10550329959521543,1,Normal
Normal,Heartbeat,48.88683420868218,198,0.0,2026-01-25 17:34:20.322618,24.0,2,0.13170437898585347,1,Normal
Normal,Heartbeat,51.78418849848625,79,0.0,2026-01-25 17:39:09.322618,289.0,2,0.1572537250633274,1,Normal
Normal,Heartbeat,50.29231140617645,49,0.0,2026-01-25 17:43:03.322618,234.0,2,0.1795520742355317,1,Normal
Normal,Heartbeat,51.20388427210506,124,0.0,2026-01-25 17:46:12.322618,189.0,2,0.18800614370748386,1,Normal
Normal,MeterValues,236.0811943677431,71,26.133168132891434,2026-01-25 17:49:19.322618,187.0,3,0.1547107519756699,1,Normal
Normal,Heartbeat,49.8739298370727,23,0.0,2026-01-25 17:49:43.322618,24.0,2,0.14627609913819223,1,Normal
Normal,StartTransaction,219.5579263270643,81,0.0,2026-01-25 17:52:40.322618,177.0,4,0.15141176916061205,1,Normal
Normal,Heartbeat,51.90843596889285,135,0.0,2026-01-25 17:54:46.322618,126.0,2,0.18671020084337475,1,Normal
Normal,StopTransaction,308.8149582727922,166,0.0,2026-01-25 17:58:44.322618,238.0,5,0.09976681591719361,1,Normal
Normal,Authorize,242.50949367302576,114,0.0,2026-01-25 18:01:38.322618,174.0,0,0.08580216339767321,1,Normal
Normal,BootNotification,278.7657356424338,29,0.0,2026-01-25 18:06:14.322618,276.0,1,0.07202289211530077,1,Normal
Normal,Heartbeat,48.03204626812341,76,0.0,2026-01-25 18:08:43.322618,149.0,2,0.18420384903759385,1,Normal
Normal,MeterValues,245.06925761523894,90,41.86099625641853,2026-01-25 18:11:22.322618,159.0,3,0.14547358270474242,1,Normal
Normal,MeterValues,152.3284099859484,200,15.602023118747915,2026-01-25 18:13:34.322618,132.0,3,0.13299835193482074,1,Normal
Normal,MeterValues,167.58684858513155,166,2.6646393607387853,2026-01-25 18:15:51.322618,137.0,3,0.17357233198746086,1,Normal
Normal,Heartbeat,49.198089903071704,148,0.0,2026-01-25 18:18:46.322618,175.0,2,0.18845799015603965,1,Normal
Normal,StartTransaction,227.24691906100804,109,0.0,2026-01-25 18:20:04.322618,78.0,4,0.15618447907887417,1,Normal
Normal,MeterValues,223.9141947935075,191,16.539609894157955,2026-01-25 18:21:28.322618,84.0,3,0.1383062472648482,1,Normal
Normal,MeterValues,213.95851878298575,185,26.266649123947147,2026-01-25 18:25:05.322618,217.0,3,0.13284425200356925,1,Normal
Normal,MeterValues,213.56618577548542,189,18.081982308938624,2026-01-25 18:26:02.322618,57.0,3,0.131797254881394,1,Normal
Normal,MeterValues,226.36307136695612,111,15.375769148060193,2026-01-25 18:27:08.322618,66.0,3,0.17857837468098298,1,Normal
Normal,MeterValues,215.75423275545057,175,5.743001938857248,2026-01-25 18:29:09.322618,121.0,3,0.1774922549730314,1,Normal
Normal,MeterValues,224.2357184504014,111,3.7942571539969117,2026-01-25 18:32:40.322618,211.0,3,0.17995301966614208,1,Normal
Normal,Heartbeat,51.610992227996896,149,0.0,2026-01-25 18:33:48.322618,68.0,2,0.181443680748253,1,Normal
Saldırı,MeterValues,223.0,73,1152.0084124775728,2026-01-25 18:34:35.322618,47.0,3,-0.0443051046433236,-1,Saldırı
Normal,Authorize,388.1748728939005,82,0.0,2026-01-25 18:39:22.322618,287.0,0,-0.0004618472783052274,-1,Saldırı
Normal,Heartbeat,51.633606762585046,186,0.0,2026-01-25 18:41:43.322618,141.0,2,0.16459732674087207,1,Normal
Normal,Heartbeat,48.996728562260344,148,0.0,2026-01-25 18:44:23.322618,160.0,2,0.18818046498177327,1,Normal
Normal,MeterValues,232.23755022524097,74,32.10797737474165,2026-01-25 18:48:41.322618,258.0,3,0.13235337681540144,1,Normal
Normal,Heartbeat,50.9703227708114,112,0.0,2026-01-25 18:50:18.322618,97.0,2,0.19908849920011884,1,Normal
Normal,MeterValues,155.7193647788038,65,15.813650334426107,2026-01-25 18:53:26.322618,188.0,3,0.1559633918722203,1,Normal
Normal,Heartbeat,51.675231096645085,165,0.0,2026-01-25 18:56:48.322618,202.0,2,0.1814618860113123,1,Normal
Normal,MeterValues,216.7456593261808,87,56.73378454865394,2026-01-25 19:00:43.322618,235.0,3,0.1018073665160989,1,Normal
Normal,Heartbeat,50.95148698376621,140,0.0,2026-01-25 19:01:32.322618,49.0,2,0.18789822809230056,1,Normal
Normal,BootNotification,279.4477492677796,126,0.0,2026-01-25 19:04:49.322618,197.0,1,0.12321276423906419,1,Normal
Normal,BootNotification,228.84947157942,111,0.0,2026-01-25 19:09:09.322618,260.0,1,0.11292758704056294,1,Normal
Normal,Heartbeat,48.65787624510998,113,0.0,2026-01-25 19:10:57.322618,108.0,2,0.19653766890877927,1,Normal
Normal,Heartbeat,49.74276184411421,135,0.0,2026-01-25 19:15:38.322618,281.0,2,0.1770309912312789,1,Normal
Normal,MeterValues,247.8154387783944,160,15.938612532525358,2026-01-25 19:19:56.322618,258.0,3,0.1390220971204903,1,Normal
Normal,Heartbeat,49.50506765647522,44,0.0,2026-01-25 19:21:35.322618,99.0,2,0.19588785262728048,1,Normal
Normal,StopTransaction,382.86968207955954,183,0.0,2026-01-25 19:23:43.322618,128.0,5,0.08055047676926808,1,Normal
Normal,Heartbeat,51.022374677828005,124,0.0,2026-01-25 19:26:07.322618,144.0,2,0.1914201440641941,1,Normal
Normal,Heartbeat,48.33423274267851,96,0.0,2026-01-25 19:30:54.322618,287.0,2,0.164452581246528,1,Normal
Normal,MeterValues,250.34626869975253,46,13.257545395574915,2026-01-25 19:32:34.322618,100.0,3,0.15978576181057397,1,Normal
Normal,Authorize,370.42784890448144,155,0.0,2026-01-25 19:37:15.322618,281.0,0,0.018117950656039494,1,Normal
Normal,MeterValues,171.41841067644356,128,59.65279060686768,2026-01-25 19:41:32.322618,257.0,3,0.08702000824110656,1,Normal
Normal,Authorize,276.28240110279296,173,0.0,2026-01-25 19:44:01.322618,149.0,0,0.06618915351169674,1,Normal
Normal,Heartbeat,49.56456495962226,198,0.0,2026-01-25 19:48:48.322618,287.0,2,0.12105676099780827,1,Normal
Normal,Heartbeat,49.41417191901347,24,0.0,2026-01-25 19:50:45.322618,117.0,2,0.17800644914875458,1,Normal
Normal,MeterValues,166.30465461861357,82,35.86143939095864,2026-01-25 19:54:51.322618,246.0,3,0.14063691562363678,1,Normal
Normal,MeterValues,223.63109204765274,153,6.937785912062351,2026-01-25 19:59:08.322618,257.0,3,0.16053294536382579,1,Normal
Normal,StartTransaction,237.08724354304834,154,0.0,2026-01-25 20:00:20.322618,72.0,4,0.14318313050585818,1,Normal
Normal,MeterValues,215.0288636553652,124,52.11887687414828,2026-01-25 20:02:20.322618,120.0,3,0.1584674247361088,1,Normal
Normal,Heartbeat,48.963850410907064,107,0.0,2026-01-25 20:06:01.322618,221.0,2,0.1925699179063814,1,Normal
Normal,Heartbeat,48.62880884243552,162,0.0,2026-01-25 20:08:20.322618,139.0,2,0.19076361514314544,1,Normal
Saldırı,BootNotification,1684.4826631037697,3707,0.0,2026-01-25 20:08:20.330618,0.008,1,-0.09959971013016677,-1,Saldırı
Normal,StartTransaction,336.0503671165219,60,0.0,2026-01-25 20:09:47.330618,87.0,4,0.14341077899505222,1,Normal
Normal,Heartbeat,49.674632328145385,182,0.0,2026-01-25 20:13:48.330618,241.0,2,0.1574506154174995,1,Normal
Normal,Authorize,375.72951197035593,105,0.0,2026-01-25 20:18:10.330618,262.0,0,0.020251185689442397,1,Normal
Normal,Heartbeat,50.43567165861548,69,0.0,2026-01-25 20:18:44.330618,34.0,2,0.17947119759941732,1,Normal
Normal,Heartbeat,48.14525725461699,56,0.0,2026-01-25 20:18:55.330618,11.0,2,0.1447342434985472,1,Normal
Normal,Heartbeat,48.93230331695477,101,0.0,2026-01-25 20:21:58.330618,183.0,2,0.1928461702221092,1,Normal
Normal,StopTransaction,276.36368652485646,195,0.0,2026-01-25 20:26:51.330618,293.0,5,0.05614679378002041,1,Normal
Normal,Heartbeat,49.547064874522,118,0.0,2026-01-25 20:29:57.330618,186.0,2,0.19186301187295668,1,Normal
Normal,StopTransaction,378.40409019138406,42,0.0,2026-01-25 20:31:57.330618,120.0,5,0.09992038615210985,1,Normal
Normal,MeterValues,194.81560664529565,106,51.82375720221925,2026-01-25 20:34:22.330618,145.0,3,0.163394707112538,1,Normal
Normal,Heartbeat,48.00065716506837,126,0.0,2026-01-25 20:37:12.330618,170.0,2,0.18584792665809574,1,Normal
Normal,MeterValues,228.77159722905841,100,58.32207570714034,2026-01-25 20:38:56.330618,104.0,3,0.13310616930008445,1,Normal
Normal,Heartbeat,50.968662561647974,51,0.0,2026-01-25 20:40:21.330618,85.0,2,0.19408070850575027,1,Normal
Normal,Heartbeat,49.23335460410538,54,0.0,2026-01-25 20:44:29.330618,248.0,2,0.18087321357420189,1,Normal
Normal,Heartbeat,48.48528658631263,60,0.0,2026-01-25 20:48:00.330618,211.0,2,0.18755260820081276,1,Normal
Normal,StopTransaction,322.25447307986644,175,0.0,2026-01-25 20:52:43.330618,283.0,5,0.06719528223129978,1,Normal
Normal,Heartbeat,50.08875840491362,190,0.0,2026-01-25 20:57:04.330618,261.0,2,0.14754599573433197,1,Normal
Normal,MeterValues,207.0448062355248,72,48.708084533313816,2026-01-25 21:01:34.330618,270.0,3,0.10724097019428175,1,Normal
Normal,Heartbeat,50.47395141558605,103,0.0,2026-01-25 21:02:16.330618,42.0,2,0.19224228930769277,1,Normal
Normal,Heartbeat,51.86674801320992,80,0.0,2026-01-25 21:04:53.330618,157.0,2,0.18039714702086151,1,Normal
Normal,StartTransaction,276.7627379343602,117,0.0,2026-01-25 21:08:06.330618,193.0,4,0.1547581205413976,1,Normal
Normal,StartTransaction,375.2664553833074,130,0.0,2026-01-25 21:10:54.330618,168.0,4,0.12311086712275893,1,Normal
Normal,BootNotification,384.41903799473175,88,0.0,2026-01-25 21:11:09.330618,15.0,1,0.06910189084597784,1,Normal
Normal,MeterValues,242.27271560462992,117,5.5122285071442985,2026-01-25 21:11:28.330618,19.0,3,0.156209978402433,1,Normal
Normal,BootNotification,263.4156783107559,31,0.0,2026-01-25 21:13:38.330618,130.0,1,0.12163072753054877,1,Normal
Normal,BootNotification,211.0549012122417,126,0.0,2026-01-25 21:15:40.330618,122.0,1,0.13719858724809386,1,Normal
Saldırı,BootNotification,1528.307356101982,3399,0.0,2026-01-25 21:15:40.333618,0.003,1,-0.07962620892711059,-1,Saldırı
Normal,Heartbeat,51.731971550770986,192,0.0,2026-01-25 21:19:17.333618,217.0,2,0.14324542466716228,1,Normal
Normal,Heartbeat,51.5918367690001,134,0.0,2026-01-25 21:21:24.333618,127.0,2,0.19460721272034193,1,Normal
Normal,MeterValues,224.9580162222289,188,27.817479495316434,2026-01-25 21:26:05.333618,281.0,3,0.10608196174838647,1,Normal
Normal,Heartbeat,49.2334556671,20,0.0,2026-01-25 21:27:48.333618,103.0,2,0.1651601024185967,1,Normal
Normal,BootNotification,384.595701354675,39,0.0,2026-01-25 21:32:09.333618,261.0,1,0.04713078224619405,1,Normal
Normal,MeterValues,206.6660183935873,45,14.807531941731325,2026-01-25 21:33:31.333618,82.0,3,0.16996964109645502,1,Normal
Normal,MeterValues,216.32884892721154,158,11.102644944812525,2026-01-25 21:38:02.333618,271.0,3,0.14756449669407745,1,Normal
Normal,StartTransaction,215.87409327702304,146,0.0,2026-01-25 21:41:23.333618,201.0,4,0.14796100023444692,1,Normal
Normal,Heartbeat,51.76454669219037,78,0.0,2026-01-25 21:45:32.333618,249.0,2,0.17942570124401153,1,Normal
Normal,Authorize,260.1527615921755,78,0.0,2026-01-25 21:45:47.333618,15.0,0,0.04872802335272808,1,Normal
Normal,StopTransaction,386.0845298060478,123,0.0,2026-01-25 21:47:53.333618,126.0,5,0.09796548338526989,1,Normal
Normal,Heartbeat,50.7129528139968,116,0.0,2026-01-25 21:48:36.333618,43.0,2,0.18828252351515667,1,Normal
Saldırı,MeterValues,150.0,50,1024.2429878759517,2026-01-25 21:49:09.333618,33.0,3,-0.038275893458497245,-1,Saldırı
Normal,Heartbeat,51.96318310091333,70,0.0,2026-01-25 21:51:12.333618,123.0,2,0.18619888910317461,1,Normal
Normal,MeterValues,189.58793114251355,92,25.41020363150002,2026-01-25 21:53:28.333618,136.0,3,0.174152997670447,1,Normal
Normal,Heartbeat,48.536835359261886,132,0.0,2026-01-25 21:55:24.333618,116.0,2,0.19471322815324477,1,Normal
Normal,BootNotification,254.805989599693,150,0.0,2026-01-25 21:55:36.333618,12.0,1,0.09977830338732041,1,Normal
Normal,StartTransaction,341.5335617743308,107,0.0,2026-01-25 21:59:25.333618,229.0,4,0.13085413063379303,1,Normal
Normal,Heartbeat,48.0962369389283,147,0.0,2026-01-25 21:59:42.333618,17.0,2,0.15256352344016844,1,Normal
Normal,MeterValues,155.63354917481035,126,30.86059087955433,2026-01-25 21:59:57.333618,15.0,3,0.14171629617456977,1,Normal
Normal,Heartbeat,50.75479435761921,163,0.0,2026-01-25 22:03:47.333618,230.0,2,0.18413897623012476,1,Normal
Normal,BootNotification,303.5649943932981,95,0.0,2026-01-25 22:08:40.333618,293.0,1,0.08620742812794835,1,Normal
Normal,MeterValues,180.0438736515085,153,4.483906749381772,2026-01-25 22:12:03.333618,203.0,3,0.17157909616515604,1,Normal
Normal,MeterValues,182.85698984999,80,11.760550841177622,2026-01-25 22:13:01.333618,58.0,3,0.16998426412906836,1,Normal
Normal,MeterValues,158.0450368741161,148,30.933113073296617,2026-01-25 22:16:54.333618,233.0,3,0.14563232831878037,1,Normal
Normal,MeterValues,182.38938611338202,129,40.77668232650823,2026-01-25 22:18:09.333618,75.0,3,0.16804662011026245,1,Normal
Normal,Heartbeat,50.52766941163094,90,0.0,2026-01-25 22:21:50.333618,221.0,2,0.1913393960959308,1,Normal
Normal,Heartbeat,51.8858217522288,24,0.0,2026-01-25 22:24:22.333618,152.0,2,0.15559702567949418,1,Normal
Normal,StopTransaction,283.378970681351,33,0.0,2026-01-25 22:27:49.333618,207.0,5,0.10555231051048258,1,Normal
Saldırı,BootNotification,2149.580532110265,4929,0.0,2026-01-25 22:27:49.338618,0.005,1,-0.11254705544378041,-1,Saldırı
Normal,StartTransaction,382.4476273056026,176,0.0,2026-01-25 22:29:10.338618,81.0,4,0.11159368924898977,1,Normal
Normal,Heartbeat,48.71859407542408,146,0.0,2026-01-25 22:32:35.338618,205.0,2,0.18412049595771712,1,Normal
Normal,BootNotification,397.10207024955224,89,0.0,2026-01-25 22:36:35.338618,240.0,1,0.07032009003942952,1,Normal
Normal,StopTransaction,289.7733755775645,40,0.0,2026-01-25 22:38:39.338618,124.0,5,0.13051650302915507,1,Normal
Normal,MeterValues,234.49578905779296,86,4.175872642460052,2026-01-25 22:41:20.338618,161.0,3,0.17853309613511886,1,Normal
Normal,MeterValues,166.19793360952585,79,42.179245758907356,2026-01-25 22:42:35.338618,75.0,3,0.15034430459959525,1,Normal
Normal,Heartbeat,51.578187164788275,33,0.0,2026-01-25 22:45:55.338618,200.0,2,0.17388824072204379,1,Normal
Normal,Heartbeat,49.843766036535385,149,0.0,2026-01-25 22:46:42.338618,47.0,2,0.19023867027201796,1,Normal
Normal,Heartbeat,51.48699792920668,147,0.0,2026-01-25 22:47:49.338618,67.0,2,0.1840696161766756,1,Normal
Normal,BootNotification,322.45150757175315,104,0.0,2026-01-25 22:49:25.338618,96.0,1,0.1276766457781472,1,Normal
Normal,Heartbeat,48.53109520406592,126,0.0,2026-01-25 22:52:35.338618,190.0,2,0.1848919874165586,1,Normal
Normal,Heartbeat,51.17670818669782,186,0.0,2026-01-25 22:53:21.338618,46.0,2,0.15477049243857166,1,Normal
Normal,Authorize,325.7846617393804,178,0.0,2026-01-25 22:55:00.338618,99.0,0,0.04799357707763385,1,Normal
Normal,StartTransaction,288.25408784137835,74,0.0,2026-01-25 22:56:45.338618,105.0,4,0.14777379024086312,1,Normal
Normal,Heartbeat,51.40765776856195,83,0.0,2026-01-25 22:58:36.338618,111.0,2,0.20009113809589962,1,Normal
Normal,StartTransaction,304.09872534195824,125,0.0,2026-01-25 23:01:56.338618,200.0,4,0.15046564627787357,1,Normal
Normal,Heartbeat,51.537851144214216,92,0.0,2026-01-25 23:03:20.338618,84.0,2,0.19190426669635652,1,Normal
Normal,StartTransaction,256.089262621925,89,0.0,2026-01-25 23:07:51.338618,271.0,4,0.13234044727944166,1,Normal
Normal,Heartbeat,50.35542156129623,61,0.0,2026-01-25 23:12:30.338618,279.0,2,0.1712862906612958,1,Normal
Normal,MeterValues,193.24350947169356,120,50.15569330868209,2026-01-25 23:14:37.338618,127.0,3,0.17042339044075672,1,Normal
Saldırı,MeterValues,169.0,61,1028.0943681139836,2026-01-25 23:15:05.338618,28.0,3,-0.019260390156493057,-1,Saldırı
Normal,Heartbeat,49.03161523454508,43,0.0,2026-01-25 23:17:53.338618,168.0,2,0.19216004252009816,1,Normal
Normal,Authorize,328.75216076379184,57,0.0,2026-01-25 23:18:33.338618,40.0,0,0.05431505327046193,1,Normal
Normal,Heartbeat,49.191284223254264,114,0.0,2026-01-25 23:22:55.338618,262.0,2,0.1812861325456112,1,Normal
Normal,StartTransaction,361.88753018303095,165,0.0,2026-01-25 23:26:04.338618,189.0,4,0.11062799271947321,1,Normal
Normal,Heartbeat,51.119801267973244,174,0.0,2026-01-25 23:29:44.338618,220.0,2,0.16734137050816927,1,Normal
Normal,Heartbeat,48.048463075661196,101,0.0,2026-01-25 23:31:29.338618,105.0,2,0.18806794998809323,1,Normal
Saldırı,MeterValues,193.0,112,1018.6635505144488,2026-01-25 23:32:10.338618,41.0,3,-0.013729013034737614,-1,Saldırı
Normal,BootNotification,398.44069923344523,113,0.0,2026-01-25 23:32:23.338618,13.0,1,0.06701556456683266,1,Normal
Normal,Heartbeat,49.87439339820637,138,0.0,2026-01-25 23:37:07.338618,284.0,2,0.17732422835055783,1,Normal
Normal,BootNotification,232.0124974651266,76,0.0,2026-01-25 23:40:29.338618,202.0,1,0.12510716390279486,1,Normal
Normal,Heartbeat,51.29720276417895,165,0.0,2026-01-25 23:45:07.338618,278.0,2,0.1664227471439158,1,Normal
Normal,Heartbeat,49.30847326182221,166,0.0,2026-01-25 23:46:02.338618,55.0,2,0.17634347545182388,1,Normal
Normal,MeterValues,182.1691775295251,104,36.47847741154141,2026-01-25 23:48:15.338618,133.0,3,0.17873561198065724,1,Normal
Normal,Heartbeat,51.50535232945689,168,0.0,2026-01-25 23:50:35.338618,140.0,2,0.18857656061913347,1,Normal
Normal,MeterValues,152.26881268633798,82,54.850578004972434,2026-01-25 23:52:47.338618,132.0,3,0.12769017977784658,1,Normal
Normal,Heartbeat,49.948599072268394,106,0.0,2026-01-25 23:55:54.338618,187.0,2,0.19790024199735634,1,Normal
Normal,BootNotification,367.88718955146584,166,0.0,2026-01-25 23:57:29.338618,95.0,1,0.09614965991040525,1,Normal
Normal,MeterValues,222.21503656897298,96,44.14033603838304,2026-01-26 00:00:08.338618,159.0,3,0.15807241939282302,1,Normal
Normal,Heartbeat,51.553004101663696,25,0.0,2026-01-26 00:03:52.338618,224.0,2,0.16285530453501512,1,Normal
Normal,Heartbeat,49.75979023576576,68,0.0,2026-01-26 00:06:01.338618,129.0,2,0.20230371985907475,1,Normal
Saldırı,MeterValues,196.0,124,987.6501909681973,2026-01-26 00:06:11.338618,10.0,3,-0.022745825554831067,-1,Saldırı
Normal,Heartbeat,50.896422466963244,103,0.0,2026-01-26 00:07:32.338618,81.0,2,0.19767853232110305,1,Normal
Normal,Authorize,225.2038803791359,36,0.0,2026-01-26 00:09:06.338618,94.0,0,0.06256386472138897,1,Normal
Normal,Heartbeat,50.04869091732668,135,0.0,2026-01-26 00:10:48.338618,102.0,2,0.19962826757713692,1,Normal
Normal,MeterValues,206.91767519229657,73,6.557736739137021,2026-01-26 00:14:35.338618,227.0,3,0.16094210305482365,1,Normal
Normal,Heartbeat,49.08342053338403,178,0.0,2026-01-26 00:17:54.338618,199.0,2,0.1672776869896419,1,Normal
Normal,MeterValues,171.75635997726837,101,56.37489643815529,2026-01-26 00:22:47.338618,293.0,3,0.08030832946815725,1,Normal
Normal,MeterValues,246.82832076725924,121,26.252462397161572,2026-01-26 00:24:22.338618,95.0,3,0.16392447574598418,1,Normal
Normal,Heartbeat,51.43723017578265,76,0.0,2026-01-26 00:29:10.338618,288.0,2,0.16785978675342111,1,Normal
Saldırı,BootNotification,2223.491680244914,2798,0.0,2026-01-26 00:29:10.342618,0.004,1,-0.08643679062123732,-1,Saldırı
Normal,MeterValues,153.74228913366952,151,27.643887251895368,2026-01-26 00:29:26.342618,16.0,3,0.12913481344180872,1,Normal
Normal,Heartbeat,48.3206904366324,101,0.0,2026-01-26 00:30:21.342618,55.0,2,0.18655065562977563,1,Normal
Normal,Heartbeat,51.607590938493125,21,0.0,2026-01-26 00:31:32.342618,71.0,2,0.15641339118743536,1,Normal
Normal,BootNotification,212.23608466554847,111,0.0,2026-01-26 00:35:16.342618,224.0,1,0.11751797417822418,1,Normal
Normal,StopTransaction,268.97976817730597,24,0.0,2026-01-26 00:37:12.342618,116.0,5,0.10988923090598107,1,Normal
Normal,Heartbeat,50.285223615707054,175,0.0,2026-01-26 00:38:57.342618,105.0,2,0.18414746732779275,1,Normal
Normal,MeterValues,224.6127508070889,63,6.651590684749666,2026-01-26 00:40:56.342618,119.0,3,0.18639332977141865,1,Normal
Normal,StartTransaction,209.79748659607787,141,0.0,2026-01-26 00:44:35.342618,219.0,4,0.14718337844314516,1,Normal
Normal,Heartbeat,51.558933590021105,82,0.0,2026-01-26 00:47:22.342618,167.0,2,0.19363809250722164,1,Normal
Normal,Heartbeat,48.32130854537689,46,0.0,2026-01-26 00:50:37.342618,195.0,2,0.1809518379701155,1,Normal
Normal,StopTransaction,207.0587951763172,32,0.0,2026-01-26 00:54:02.342618,205.0,5,0.101246646056038,1,Normal
Normal,StartTransaction,257.955885985224,50,0.0,2026-01-26 00:56:48.342618,166.0,4,0.1496920257957582,1,Normal
Normal,MeterValues,219.62612818994552,153,58.9150595338504,2026-01-26 00:59:23.342618,155.0,3,0.12138221498558621,1,Normal
Normal,Heartbeat,50.53665129078134,186,0.0,2026-01-26 00:59:51.342618,28.0,2,0.15280984421478272,1,Normal
Normal,Heartbeat,48.80247912463301,189,0.0,2026-01-26 01:02:12.342618,141.0,2,0.16343923051732429,1,Normal
Normal,StopTransaction,361.65394342178666,54,0.0,2026-01-26 01:07:00.342618,288.0,5,0.06011035837030021,1,Normal
Normal,Heartbeat,50.52454514293929,120,0.0,2026-01-26 01:10:14.342618,194.0,2,0.19616953061229936,1,Normal
Normal,MeterValues,183.99101405794127,34,27.63880070058146,2026-01-26 01:11:40.342618,86.0,3,0.14822208881546944,1,Normal
Normal,MeterValues,190.77280456980375,193,0.6347390611721049,2026-01-26 01:16:34.342618,294.0,3,0.10605812289047839,1,Normal
Normal,MeterValues,190.9368244924749,198,30.73491153669796,2026-01-26 01:19:47.342618,193.0,3,0.12342826447711591,1,Normal
Normal,MeterValues,231.74279818420882,199,5.579980819074317,2026-01-26 01:24:46.342618,299.0,3,0.09090374114564614,1,Normal
Normal,Heartbeat,51.10407104438995,141,0.0,2026-01-26 01:26:53.342618,127.0,2,0.1970948285529056,1,Normal
Normal,StartTransaction,372.1015000001342,38,0.0,2026-01-26 01:27:45.342618,52.0,4,0.10255123810504813,1,Normal
Normal,BootNotification,297.3243177560646,99,0.0,2026-01-26 01:28:06.342618,21.0,1,0.10543274911279743,1,Normal
Normal,Heartbeat,50.20646955088322,165,0.0,2026-01-26 01:31:36.342618,210.0,2,0.18217774365919642,1,Normal
Normal,MeterValues,207.75298751052816,109,49.84735242121787,2026-01-26 01:35:24.342618,228.0,3,0.13447306777153106,1,Normal
Normal,StopTransaction,301.41464018101215,22,0.0,2026-01-26 01:38:59.342618,215.0,5,0.09199549816770236,1,Normal
Normal,Heartbeat,48.08497956127309,160,0.0,2026-01-26 01:40:30.342618,91.0,2,0.18289116920616444,1,Normal
Normal,Heartbeat,48.86285585925347,118,0.0,2026-01-26 01:45:10.342618,280.0,2,0.16742430397570002,1,Normal
Normal,Heartbeat,49.34075515184072,196,0.0,2026-01-26 01:48:53.342618,223.0,2,0.14434146923857222,1,Normal
Saldırı,BootNotification,1910.2777326529576,2738,0.0,2026-01-26 01:48:53.349618,0.007,1,-0.08638693995534175,-1,Saldırı
Normal,BootNotification,273.14835021906595,115,0.0,2026-01-26 01:53:13.349618,260.0,1,0.106500731255467,1,Normal
Normal,MeterValues,248.86298956026468,64,27.438497205126748,2026-01-26 01:56:36.349618,203.0,3,0.132450813488652,1,Normal
Normal,StopTransaction,325.16069713336464,55,0.0,2026-01-26 02:00:44.349618,248.0,5,0.09447810044000493,1,Normal
Normal,MeterValues,180.80213080567157,25,7.474392369936204,2026-01-26 02:03:49.349618,185.0,3,0.14475893207555662,1,Normal
Normal,Heartbeat,49.92032985448134,189,0.0,2026-01-26 02:06:59.349618,190.0,2,0.1600562129011392,1,Normal
Normal,Heartbeat,51.36246986884084,178,0.0,2026-01-26 02:07:51.349618,52.0,2,0.16324092555890352,1,Normal
Normal,Heartbeat,50.873114077083244,197,0.0,2026-01-26 02:11:19.349618,208.0,2,0.14206508157143627,1,Normal
Normal,Heartbeat,48.66886248400235,168,0.0,2026-01-26 02:15:21.349618,242.0,2,0.1698378414238429,1,Normal
Normal,MeterValues,206.798336815254,163,8.44869676657943,2026-01-26 02:16:31.349618,70.0,3,0.17127626218004088,1,Normal
Normal,StartTransaction,220.13818616683653,82,0.0,2026-01-26 02:18:25.349618,114.0,4,0.15636089098287576,1,Normal
Normal,StopTransaction,335.7261259406164,65,0.0,2026-01-26 02:19:52.349618,87.0,5,0.11942094885376048,1,Normal
Normal,Heartbeat,48.690579353220734,185,0.0,2026-01-26 02:20:04.349618,12.0,2,0.12933853279743907,1,Normal
Normal,Heartbeat,49.4656337908268,84,0.0,2026-01-26 02:22:09.349618,125.0,2,0.20193995481553223,1,Normal
Normal,MeterValues,153.93523327528933,96,31.68097264136932,2026-01-26 02:24:24.349618,135.0,3,0.16356866090310979,1,Normal
Normal,Heartbeat,51.989775232111434,180,0.0,2026-01-26 02:25:59.349618,95.0,2,0.16385035222904182,1,Normal
Saldırı,BootNotification,2475.5942107116343,2780,0.0,2026-01-26 02:25:59.356618,0.007,1,-0.10360332444084797,-1,Saldırı
Normal,MeterValues,242.50515390956764,177,47.89119992385893,2026-01-26 02:30:29.356618,270.0,3,0.07624066942937213,1,Normal
Normal,Heartbeat,50.668758793100366,82,0.0,2026-01-26 02:34:58.356618,269.0,2,0.17996668648800035,1,Normal
Normal,StopTransaction,306.9602205087089,33,0.0,2026-01-26 02:36:02.356618,64.0,5,0.10942123697415423,1,Normal
Normal,Heartbeat,51.017434974721105,87,0.0,2026-01-26 02:37:30.356618,88.0,2,0.19878735661126912,1,Normal
Normal,Heartbeat,48.83330407856531,193,0.0,2026-01-26 02:41:44.356618,254.0,2,0.13676285302926178,1,Normal
Normal,MeterValues,158.86220194642763,27,0.5696304878851977,2026-01-26 02:44:00.356618,136.0,3,0.16079187402512268,1,Normal
Normal,Heartbeat,48.30578119664943,67,0.0,2026-01-26 02:48:01.356618,241.0,2,0.1783496927423041,1,Normal
Normal,BootNotification,278.16388336203045,181,0.0,2026-01-26 02:48:25.356618,24.0,1,0.08697900756334698,1,Normal
Normal,StartTransaction,393.5669514903788,197,0.0,2026-01-26 02:52:55.356618,270.0,4,0.06815888603565734,1,Normal
Normal,Authorize,306.40904821982747,52,0.0,2026-01-26 02:54:34.356618,99.0,0,0.06736043717041829,1,Normal
Normal,Heartbeat,48.50483309626613,39,0.0,2026-01-26 02:59:29.356618,295.0,2,0.1358791691510945,1,Normal
Normal,Heartbeat,48.363625398072635,88,0.0,2026-01-26 03:03:15.356618,226.0,2,0.1824804384340637,1,Normal
Normal,Heartbeat,50.5088240182109,109,0.0,2026-01-26 03:03:43.356618,28.0,2,0.18805307995613224,1,Normal
Normal,Heartbeat,48.99128568425611,132,0.0,2026-01-26 03:07:46.356618,243.0,2,0.18328997166705335,1,Normal
Normal,Heartbeat,51.56159354380595,114,0.0,2026-01-26 03:11:08.356618,202.0,2,0.1909556167099581,1,Normal
Normal,StartTransaction,365.50532782994003,109,0.0,2026-01-26 03:13:17.356618,129.0,4,0.13525022850361795,1,Normal
Normal,MeterValues,178.56715328706704,136,33.5454174804019,2026-01-26 03:15:15.356618,118.0,3,0.17895061901947856,1,Normal
Normal,Heartbeat,48.7823872814206,141,0.0,2026-01-26 03:19:08.356618,233.0,2,0.18476229116685516,1,Normal
Normal,StopTransaction,374.3221785725303,163,0.0,2026-01-26 03:22:50.356618,222.0,5,0.08148374796282443,1,Normal
Normal,Heartbeat,51.74141960554633,137,0.0,2026-01-26 03:24:13.356618,83.0,2,0.18764181776190708,1,Normal
Normal,MeterValues,218.55333132552607,33,50.44861588765377,2026-01-26 03:27:19.356618,186.0,3,0.12530694638837153,1,Normal
Normal,Heartbeat,50.98637882077548,94,0.0,2026-01-26 03:31:04.356618,225.0,2,0.19037752491048943,1,Normal
Normal,Authorize,243.62259156534992,148,0.0,2026-01-26 03:33:17.356618,133.0,0,0.07732588446351274,1,Normal
Normal,MeterValues,208.56008815754606,38,43.239085912662944,2026-01-26 03:37:40.356618,263.0,3,0.11198515341379578,1,Normal
Normal,Heartbeat,51.31054318534668,23,0.0,2026-01-26 03:40:02.356618,142.0,2,0.17827134307120435,1,Normal
Normal,Heartbeat,50.74841700458963,141,0.0,2026-01-26 03:44:36.356618,274.0,2,0.18069773505169018,1,Normal
Normal,Heartbeat,50.87639298899109,155,0.0,2026-01-26 03:47:57.356618,201.0,2,0.18542935627533463,1,Normal
Normal,Heartbeat,50.319621048843814,153,0.0,2026-01-26 03:49:31.356618,94.0,2,0.19503512004064222,1,Normal
Normal,MeterValues,236.5315113394935,132,12.480605817064339,2026-01-26 03:54:01.356618,270.0,3,0.14615050240773542,1,Normal
Normal,MeterValues,201.84691094132032,152,34.17842345274115,2026-01-26 03:55:27.356618,86.0,3,0.171418020653188,1,Normal
Normal,MeterValues,188.69963727163216,172,9.81823830675153,2026-01-26 03:55:57.356618,30.0,3,0.15587240256780105,1,Normal
Normal,Heartbeat,50.05714475210479,21,0.0,2026-01-26 03:58:13.356618,136.0,2,0.17246645341105732,1,Normal
Normal,Heartbeat,48.586531805267555,86,0.0,2026-01-26 04:00:58.356618,165.0,2,0.19544716942390378,1,Normal
Normal,StopTransaction,263.93078239979684,195,0.0,2026-01-26 04:01:43.356618,45.0,5,0.0820032262368291,1,Normal
Normal,MeterValues,166.44806679850842,144,5.976558258452453,2026-01-26 04:02:02.356618,19.0,3,0.14393625399644666,1,Normal
Normal,Heartbeat,51.04953243507371,199,0.0,2026-01-26 04:04:32.356618,150.0,2,0.1528154581613443,1,Normal
Normal,Heartbeat,49.50625230401764,92,0.0,2026-01-26 04:05:12.356618,40.0,2,0.1921422741095482,1,Normal
Normal,MeterValues,239.5166592034283,155,56.2439000583574,2026-01-26 04:09:02.356618,230.0,3,0.0923589202873959,1,Normal
Normal,BootNotification,321.04023901284927,93,0.0,2026-01-26 04:11:34.356618,152.0,1,0.13194731850432956,1,Normal
Normal,MeterValues,240.78008631992614,86,23.449456829752833,2026-01-26 04:14:46.356618,192.0,3,0.154513085364531,1,Normal
Normal,StartTransaction,286.7630718068674,42,0.0,2026-01-26 04:17:05.356618,139.0,4,0.1536666800470795,1,Normal
Normal,Heartbeat,51.84581559981743,77,0.0,2026-01-26 04:20:36.356618,211.0,2,0.1810947615556106,1,Normal
Normal,MeterValues,164.90585857602466,158,7.975239948343768,2026-01-26 04:25:20.356618,284.0,3,0.13308574332161555,1,Normal
Normal,MeterValues,229.4359043625924,193,8.088149004425627,2026-01-26 04:28:13.356618,173.0,3,0.15119748774473724,1,Normal
Normal,StopTransaction,327.30097123897616,51,0.0,2026-01-26 04:29:33.356618,80.0,5,0.11830172400683586,1,Normal
Normal,Heartbeat,51.607881291077604,83,0.0,2026-01-26 04:34:33.356618,300.0,2,0.1414065848958408,1,Normal
Normal,Heartbeat,51.685608487644856,165,0.0,2026-01-26 04:36:43.356618,130.0,2,0.18438006791794098,1,Normal
Normal,MeterValues,156.3689544043286,36,50.85468004525183,2026-01-26 04:38:40.356618,117.0,3,0.11528702378306349,1,Normal
Normal,Heartbeat,48.74798184337586,128,0.0,2026-01-26 04:41:22.356618,162.0,2,0.19014220939004467,1,Normal
Normal,Heartbeat,49.91200525946888,64,0.0,2026-01-26 04:41:59.356618,37.0,2,0.18849602436893476,1,Normal
Normal,Heartbeat,51.47245622885833,193,0.0,2026-01-26 04:45:11.356618,192.0,2,0.14853897590333137,1,Normal
Normal,Heartbeat,49.903993838420234,36,0.0,2026-01-26 04:50:04.356618,293.0,2,0.1474278537862968,1,Normal
Normal,Heartbeat,49.5793306943578,144,0.0,2026-01-26 04:54:02.356618,238.0,2,0.19135238488154316,1,Normal
Normal,Heartbeat,48.95465460661884,145,0.0,2026-01-26 04:55:51.356618,109.0,2,0.19648538515555375,1,Normal
Normal,StartTransaction,292.1992224115243,85,0.0,2026-01-26 04:59:27.356618,216.0,4,0.1439576132631084,1,Normal
Saldırı,MeterValues,190.0,116,927.3332974780272,2026-01-26 04:59:59.356618,32.0,3,2.43077514897605e-05,1,Normal
Saldırı,BootNotification,1756.8391255362083,4870,0.0,2026-01-26 04:59:59.363618,0.007,1,-0.1153590333821286,-1,Saldırı
Normal,StartTransaction,286.0720081962214,98,0.0,2026-01-26 05:03:29.363618,210.0,4,0.15061340584051652,1,Normal
Normal,StartTransaction,351.43818015952877,21,0.0,2026-01-26 05:05:46.363618,137.0,4,0.10295543848247846,1,Normal
Normal,StopTransaction,205.9084049825266,172,0.0,2026-01-26 05:09:08.363618,202.0,5,0.10251607714565408,1,Normal
Normal,StartTransaction,385.81473591431785,128,0.0,2026-01-26 05:10:41.363618,93.0,4,0.12302132994933568,1,Normal
Normal,Heartbeat,50.04823589909934,99,0.0,2026-01-26 05:12:08.363618,87.0,2,0.20139266038598053,1,Normal
Normal,StartTransaction,240.37955465572625,46,0.0,2026-01-26 05:13:33.363618,85.0,4,0.15010467219017565,1,Normal
Normal,Heartbeat,48.86532016055247,148,0.0,2026-01-26 05:18:27.363618,294.0,2,0.14928196590646814,1,Normal
Normal,StartTransaction,366.9180433430225,47,0.0,2026-01-26 05:19:04.363618,37.0,4,0.11503658971595654,1,Normal
Normal,Heartbeat,49.45742464438116,62,0.0,2026-01-26 05:20:36.363618,92.0,2,0.20196420380605717,1,Normal
Normal,Authorize,336.97431828205595,88,0.0,2026-01-26 05:22:10.363618,94.0,0,0.05725753507552389,1,Normal
Normal,StartTransaction,390.34886354268605,112,0.0,2026-01-26 05:24:59.363618,169.0,4,0.11337135054584635,1,Normal
Normal,Heartbeat,48.577856035516305,85,0.0,2026-01-26 05:27:23.363618,144.0,2,0.19436739552772442,1,Normal
Normal,StopTransaction,347.4635677562185,152,0.0,2026-01-26 05:27:43.363618,20.0,5,0.0745157720366254,1,Normal
Normal,Heartbeat,48.70223978011972,37,0.0,2026-01-26 05:30:56.363618,193.0,2,0.1782561660835767,1,Normal
Normal,StartTransaction,307.6604288586956,182,0.0,2026-01-26 05:31:17.363618,21.0,4,0.09814639162588895,1,Normal
Normal,Heartbeat,50.66497655757893,21,0.0,2026-01-26 05:34:56.363618,219.0,2,0.16108453099496184,1,Normal
Normal,StopTransaction,225.76211525737475,98,0.0,2026-01-26 05:37:37.363618,161.0,5,0.1270781464618042,1,Normal
Normal,MeterValues,201.35723711255838,97,38.92422984795573,2026-01-26 05:37:47.363618,10.0,3,0.13588334707396427,1,Normal
Normal,MeterValues,248.37520422915597,89,20.636488682596514,2026-01-26 05:41:55.363618,248.0,3,0.13654270001270763,1,Normal
Normal,StopTransaction,218.20824444520377,182,0.0,2026-01-26 05:45:33.363618,218.0,5,0.09662834261750014,1,Normal
Normal,MeterValues,165.44742956500193,177,53.12838908164569,2026-01-26 05:50:30.363618,297.0,3,0.047296053102929836,1,Normal
Normal,Heartbeat,48.994057705548954,145,0.0,2026-01-26 05:52:19.363618,109.0,2,0.19648538515555375,1,Normal
Normal,Heartbeat,50.22156103767104,191,0.0,2026-01-26 05:53:18.363618,59.0,2,0.15248323862690133,1,Normal
Normal,Heartbeat,51.07675939024812,72,0.0,2026-01-26 05:55:24.363618,126.0,2,0.19788662132879092,1,Normal
Normal,Heartbeat,51.24457446523768,199,0.0,2026-01-26 05:59:37.363618,253.0,2,0.13554704010836272,1,Normal
Normal,MeterValues,183.67818642617064,124,55.43085626731072,2026-01-26 06:02:38.363618,181.0,3,0.14147384116116768,1,Normal
Normal,StopTransaction,268.25219550065816,29,0.0,2026-01-26 06:03:45.363618,67.0,5,0.10208556941660546,1,Normal
Normal,Heartbeat,49.81560722231618,75,0.0,2026-01-26 06:05:31.363618,106.0,2,0.19848852683783158,1,Normal
Normal,Heartbeat,49.35310857672017,88,0.0,2026-01-26 06:07:30.363618,119.0,2,0.19961005624430228,1,Normal
Normal,MeterValues,187.5905779800898,40,8.417350259838566,2026-01-26 06:09:46.363618,136.0,3,0.17141480890143268,1,Normal
Normal,StopTransaction,392.0766626541757,23,0.0,2026-01-26 06:13:06.363618,200.0,5,0.054898405204506284,1,Normal
Normal,MeterValues,208.70669095369118,167,11.754903159435157,2026-01-26 06:13:24.363618,18.0,3,0.14392801796643356,1,Normal
Normal,StartTransaction,231.81476697359534,183,0.0,2026-01-26 06:16:03.363618,159.0,4,0.13026137600051285,1,Normal
Saldırı,MeterValues,244.0,149,977.9766398045521,2026-01-26 06:16:53.363618,50.0,3,-0.036134608115660716,-1,Saldırı
Normal,Heartbeat,48.902015576864684,103,0.0,2026-01-26 06:21:09.363618,256.0,2,0.18709043359937538,1,Normal
Normal,MeterValues,211.00306740966192,99,4.9480700673546,2026-01-26 06:21:27.363618,18.0,3,0.16454363723949822,1,Normal
Normal,Heartbeat,49.683442888652586,139,0.0,2026-01-26 06:22:46.363618,79.0,2,0.19919493204864663,1,Normal
Normal,StopTransaction,295.6267212050333,73,0.0,2026-01-26 06:26:26.363618,220.0,5,0.11635213704519681,1,Normal
Normal,Heartbeat,50.37857266288689,174,0.0,2026-01-26 06:30:47.363618,261.0,2,0.1651560189689843,1,Normal
Normal,MeterValues,159.05581025482144,179,10.588852685053132,2026-01-26 06:32:55.363618,128.0,3,0.14641165721091337,1,Normal
Normal,StartTransaction,385.1792209566086,178,0.0,2026-01-26 06:37:35.363618,280.0,4,0.08419915347840112,1,Normal
Normal,MeterValues,239.47020373580636,179,50.83645357662964,2026-01-26 06:40:15.363618,160.0,3,0.11525552936708067,1,Normal
Normal,BootNotification,214.07040129758408,60,0.0,2026-01-26 06:43:03.363618,168.0,1,0.1324170799641069,1,Normal
Normal,MeterValues,181.72056990631518,176,32.00953144197542,2026-01-26 06:46:39.363618,216.0,3,0.14048565137250124,1,Normal
Normal,Heartbeat,50.929838914894084,197,0.0,2026-01-26 06:49:34.363618,175.0,2,0.1543958342630502,1,Normal
Normal,MeterValues,228.41725429665271,66,9.791453425985832,2026-01-26 06:50:33.363618,59.0,3,0.16954196192302973,1,Normal
Normal,Heartbeat,50.51336316479484,187,0.0,2026-01-26 06:55:27.363618,294.0,2,0.1210936898235902,1,Normal
Normal,StopTransaction,281.76731247163343,146,0.0,2026-01-26 07:00:09.363618,282.0,5,0.09646267101103145,1,Normal
Normal,MeterValues,181.78773295689956,21,54.47438167401466,2026-01-26 07:05:08.363618,299.0,3,0.03642851632115862,1,Normal
Normal,MeterValues,248.81264449677087,139,27.483644534137138,2026-01-26 07:07:40.363618,152.0,3,0.15291335297395203,1,Normal
Normal,Authorize,335.444404753573,85,0.0,2026-01-26 07:09:49.363618,129.0,0,0.06414272642059426,1,Normal
Normal,StartTransaction,326.3679231684654,149,0.0,2026-01-26 07:11:34.363618,105.0,4,0.1409788171652654,1,Normal
Normal,MeterValues,159.7212616345332,70,42.65376160667074,2026-01-26 07:15:02.363618,208.0,3,0.12741718321117157,1,Normal
Normal,MeterValues,242.6773810654298,173,6.860073906808923,2026-01-26 07:19:34.363618,272.0,3,0.13857772831610443,1,Normal
Normal,MeterValues,244.80669006566535,194,28.439553498268744,2026-01-26 07:21:02.363618,88.0,3,0.11953600003141363,1,Normal
Normal,Heartbeat,51.365326235308714,123,0.0,2026-01-26 07:25:01.363618,239.0,2,0.1838697740667471,1,Normal
Normal,Heartbeat,51.19348011741886,63,0.0,2026-01-26 07:27:00.363618,119.0,2,0.19896686992699159,1,Normal
Normal,Heartbeat,48.662978096995275,32,0.0,2026-01-26 07:28:48.363618,108.0,2,0.18039463882788448,1,Normal
Normal,BootNotification,304.1758671596656,97,0.0,2026-01-26 07:33:36.363618,288.0,1,0.08888040916649886,1,Normal
Normal,MeterValues,165.35221452751432,180,59.962353218428085,2026-01-26 07:36:35.363618,179.0,3,0.08508794619838211,1,Normal
Normal,Heartbeat,48.100585696375425,194,0.0,2026-01-26 07:37:06.363618,31.0,2,0.13905135984639277,1,Normal
Normal,Heartbeat,48.73260828821889,184,0.0,2026-01-26 07:38:29.363618,83.0,2,0.15557154554587305,1,Normal
Normal,StartTransaction,309.9201618416367,27,0.0,2026-01-26 07:40:04.363618,95.0,4,0.12472767536605006,1,Normal
Normal,MeterValues,210.10287006981332,131,52.65483839136126,2026-01-26 07:43:24.363618,200.0,3,0.1360134148784229,1,Normal
Normal,BootNotification,381.7508854559544,81,0.0,2026-01-26 07:47:05.363618,221.0,1,0.08659769893749636,1,Normal
Normal,Heartbeat,50.47536552246559,46,0.0,2026-01-26 07:47:23.363618,18.0,2,0.15943978493861083,1,Normal
Normal,BootNotification,265.8077532628384,64,0.0,2026-01-26 07:49:34.363618,131.0,1,0.13274701415732382,1,Normal
Normal,Authorize,298.96500856259763,120,0.0,2026-01-26 07:52:48.363618,194.0,0,0.0701659254168977,1,Normal
Normal,Heartbeat,48.921522882022934,30,0.0,2026-01-26 07:54:15.363618,87.0,2,0.17936365230931994,1,Normal
Normal,Heartbeat,51.57250796650351,86,0.0,2026-01-26 07:55:52.363618,97.0,2,0.19461120277771832,1,Normal
Normal,StopTransaction,225.217096026512,47,0.0,2026-01-26 07:56:31.363618,39.0,5,0.10003010125178624,1,Normal
Normal,Heartbeat,48.971882892560366,194,0.0,2026-01-26 07:56:44.363618,13.0,2,0.12436654212366388,1,Normal
Normal,StartTransaction,248.0907626011503,183,0.0,2026-01-26 08:00:12.363618,208.0,4,0.13016385832693217,1,Normal
Normal,MeterValues,186.61817143482904,70,4.730545060107554,2026-01-26 08:03:13.363618,181.0,3,0.17054489597180617,1,Normal
Normal,MeterValues,165.64796370152231,92,3.8240469549816813,2026-01-26 08:06:33.363618,200.0,3,0.1703321821786129,1,Normal
Normal,StopTransaction,353.00167884160066,179,0.0,2026-01-26 08:11:08.363618,275.0,5,0.05973661475585945,1,Normal
Normal,MeterValues,164.1480852156937,28,37.50944627353543,2026-01-26 08:14:29.363618,201.0,3,0.1250393064538688,1,Normal
Saldırı,BootNotification,2413.7802662914823,3937,0.0,2026-01-26 08:14:29.368618,0.005,1,-0.10705349116294627,-1,Saldırı
Normal,Heartbeat,50.99237418549714,76,0.0,2026-01-26 08:15:40.368618,71.0,2,0.19210888321192204,1,Normal
Saldırı,BootNotification,1674.287482934017,3700,0.0,2026-01-26 08:15:40.375618,0.007,1,-0.09723841667173805,-1,Saldırı
Normal,StopTransaction,317.85649645660385,61,0.0,2026-01-26 08:15:56.375618,16.0,5,0.09067782027458593,1,Normal
Normal,MeterValues,176.07821616426554,122,29.96464152578942,2026-01-26 08:18:11.375618,135.0,3,0.18091228888010125,1,Normal
Normal,Heartbeat,49.28613659102378,61,0.0,2026-01-26 08:18:36.375618,25.0,2,0.17514901615968542,1,Normal
Normal,MeterValues,153.73170724690988,166,21.100065858585324,2026-01-26 08:20:28.375618,112.0,3,0.14971488633651486,1,Normal
Normal,StartTransaction,207.77233578133553,49,0.0,2026-01-26 08:21:05.375618,37.0,4,0.125553526389393,1,Normal
Normal,Heartbeat,49.55972269306588,29,0.0,2026-01-26 08:23:09.375618,124.0,2,0.18339200873480188,1,Normal
Normal,Heartbeat,50.27931558382662,115,0.0,2026-01-26 08:24:41.375618,92.0,2,0.20026147383231113,1,Normal
Normal,StartTransaction,313.11897351343805,134,0.0,2026-01-26 08:28:34.375618,233.0,4,0.13514339289829141,1,Normal
Normal,Authorize,261.2114558788759,136,0.0,2026-01-26 08:28:59.375618,25.0,0,0.059460435900899555,1,Normal
Normal,MeterValues,243.1601666709076,180,5.742690679464941,2026-01-26 08:29:12.375618,13.0,3,0.13206902314962427,1,Normal
Normal,BootNotification,291.25700894446413,66,0.0,2026-01-26 08:31:18.375618,126.0,1,0.12898643154327494,1,Normal
Normal,Heartbeat,50.205235701150016,40,0.0,2026-01-26 08:35:34.375618,256.0,2,0.17329687450934733,1,Normal
Normal,Heartbeat,50.59420790282362,200,0.0,2026-01-26 08:39:17.375618,223.0,2,0.14325939479942257,1,Normal
Normal,StartTransaction,347.24715514891733,184,0.0,2026-01-26 08:39:57.375618,40.0,4,0.10090348363504564,1,Normal
Saldırı,MeterValues,165.0,90,819.2635030520169,2026-01-26 08:40:07.375618,10.0,3,-0.01219364008223267,-1,Saldırı
Normal,Heartbeat,51.425651413985555,128,0.0,2026-01-26 08:40:30.375618,23.0,2,0.1709964920495305,1,Normal
Normal,StopTransaction,270.84143325295366,42,0.0,2026-01-26 08:41:43.375618,73.0,5,0.11774888462525746,1,Normal
Normal,StopTransaction,358.3879989895655,192,0.0,2026-01-26 08:44:09.375618,146.0,5,0.0887356969453108,1,Normal
Normal,Heartbeat,48.82684557477681,147,0.0,2026-01-26 08:49:06.375618,297.0,2,0.1455644657252106,1,Normal
Normal,Heartbeat,51.44623657393297,61,0.0,2026-01-26 08:49:23.375618,17.0,2,0.1606739313856848,1,Normal
Normal,Heartbeat,51.789503011638864,30,0.0,2026-01-26 08:52:37.375618,194.0,2,0.1638963716215202,1,Normal
Normal,Heartbeat,51.34706321596242,139,0.0,2026-01-26 08:53:15.375618,38.0,2,0.18581478868869256,1,Normal
Normal,StopTransaction,242.99674149649033,134,0.0,2026-01-26 08:54:39.375618,84.0,5,0.12317236112209423,1,Normal
Normal,Heartbeat,50.51559190547149,182,0.0,2026-01-26 08:58:54.375618,255.0,2,0.1550647393384877,1,Normal
Saldırı,BootNotification,1670.6001864996765,2813,0.0,2026-01-26 08:58:54.382618,0.007,1,-0.08159332498216387,-1,Saldırı
Normal,Authorize,323.29618164750343,173,0.0,2026-01-26 09:00:52.382618,118.0,0,0.052340380245981644,1,Normal
Normal,Heartbeat,50.94110710586194,66,0.0,2026-01-26 09:05:25.382618,273.0,2,0.1699861512355177,1,Normal
Normal,Heartbeat,49.66728349480662,62,0.0,2026-01-26 09:09:05.382618,220.0,2,0.19499619044347088,1,Normal
Normal,Heartbeat,50.15736609913389,102,0.0,2026-01-26 09:11:15.382618,130.0,2,0.20398149676080096,1,Normal
Normal,MeterValues,208.5397563009637,190,2.757977881241711,2026-01-26 09:15:12.382618,237.0,3,0.14697539191812292,1,Normal
Normal,StartTransaction,221.06337442503738,72,0.0,2026-01-26 09:16:13.382618,61.0,4,0.1386578698520055,1,Normal
Normal,Heartbeat,50.04321938720932,34,0.0,2026-01-26 09:17:34.382618,81.0,2,0.18560331151421833,1,Normal
Normal,MeterValues,199.44713096972134,195,37.15448820187448,2026-01-26 09:20:44.382618,190.0,3,0.12240679717522152,1,Normal
Normal,Authorize,220.31966387972741,69,0.0,2026-01-26 09:24:49.382618,245.0,0,0.06548374652422773,1,Normal
Normal,Authorize,201.79344736721532,62,0.0,2026-01-26 09:25:54.382618,65.0,0,0.0699747780371841,1,Normal
Normal,MeterValues,151.40085017394912,92,20.273925712771565,2026-01-26 09:26:33.382618,39.0,3,0.15558618465341595,1,Normal
Normal,Heartbeat,48.71746595059299,138,0.0,2026-01-26 09:28:47.382618,134.0,2,0.19807076271728902,1,Normal
Normal,Heartbeat,48.019141361473025,49,0.0,2026-01-26 09:31:03.382618,136.0,2,0.1864659597758737,1,Normal
Normal,MeterValues,174.2509262940927,127,43.123908817492904,2026-01-26 09:32:25.382618,82.0,3,0.16925333708399104,1,Normal
Normal,Heartbeat,51.90523655849516,67,0.0,2026-01-26 09:33:15.382618,50.0,2,0.17647043659285988,1,Normal
Normal,Heartbeat,50.22651082989361,59,0.0,2026-01-26 09:36:03.382618,168.0,2,0.19819021236276757,1,Normal
Normal,Heartbeat,48.77587274418376,154,0.0,2026-01-26 09:38:20.382618,137.0,2,0.18998039275785145,1,Normal
Normal,Heartbeat,50.67048420023586,150,0.0,2026-01-26 09:41:34.382618,194.0,2,0.18947440774373275,1,Normal
Normal,Heartbeat,49.68572099382689,70,0.0,2026-01-26 09:43:05.382618,91.0,2,0.20054302297447596,1,Normal
Normal,MeterValues,192.41445279669074,165,48.39247298861326,2026-01-26 09:44:45.382618,100.0,3,0.15244601368729632,1,Normal
Normal,MeterValues,236.02914216390255,118,56.86628470831363,2026-01-26 09:48:19.382618,214.0,3,0.1099587640044824,1,Normal
Normal,MeterValues,238.94572776411974,191,44.289939681487276,2026-01-26 09:50:10.382618,111.0,3,0.1170527396806777,1,Normal
Normal,Heartbeat,50.509365891290344,69,0.0,2026-01-26 09:53:28.382618,198.0,2,0.19577057318662444,1,Normal
Normal,StopTransaction,343.7874579741317,30,0.0,2026-01-26 09:54:09.382618,41.0,5,0.08597651297430964,1,Normal
Normal,StopTransaction,301.6746320590953,153,0.0,2026-01-26 09:57:45.382618,216.0,5,0.11780737105727268,1,Normal
Normal,Heartbeat,50.676844042681395,100,0.0,2026-01-26 10:00:33.382618,168.0,2,0.19821433764711,1,Normal
Normal,MeterValues,163.49640725491116,79,23.7995896631724,2026-01-26 10:01:23.382618,50.0,3,0.1568831996746809,1,Normal
Normal,StopTransaction,287.9198606812857,170,0.0,2026-01-26 10:05:10.382618,227.0,5,0.10787934111858555,1,Normal
Normal,StartTransaction,218.75676280882846,120,0.0,2026-01-26 10:06:07.382618,57.0,4,0.1376887784852328,1,Normal
Saldırı,MeterValues,210.0,109,1081.8230818976483,2026-01-26 10:06:17.382618,10.0,3,-0.03838357842974216,-1,Saldırı
Normal,Heartbeat,51.10333880379215,156,0.0,2026-01-26 10:08:57.382618,160.0,2,0.18457584814598715,1,Normal
Normal,StartTransaction,273.00613839968673,138,0.0,2026-01-26 10:12:53.382618,236.0,4,0.14771084435783371,1,Normal
Normal,MeterValues,228.27028331461818,160,49.60445175625749,2026-01-26 10:14:27.382618,94.0,3,0.15226559815753216,1,Normal
Normal,Heartbeat,51.56698653102198,122,0.0,2026-01-26 10:19:09.382618,282.0,2,0.16679275090713475,1,Normal
Normal,StopTransaction,319.6385924218137,185,0.0,2026-01-26 10:23:03.382618,234.0,5,0.08516537414074699,1,Normal
Normal,StartTransaction,205.0705361337717,147,0.0,2026-01-26 10:27:19.382618,256.0,4,0.13979122891243856,1,Normal
Normal,Heartbeat,51.62821660146519,71,0.0,2026-01-26 10:29:08.382618,109.0,2,0.19257076824271208,1,Normal
Saldırı,MeterValues,184.0,89,1117.5199444342222,2026-01-26 10:29:37.382618,29.0,3,-0.03834823126678688,-1,Saldırı
Normal,StopTransaction,228.83080130281627,48,0.0,2026-01-26 10:33:35.382618,238.0,5,0.10141835616421652,1,Normal
Normal,MeterValues,224.34115605613337,26,6.046577679876122,2026-01-26 10:36:32.382618,177.0,3,0.1524434862467079,1,Normal
Saldırı,BootNotification,1924.0051661133061,4268,0.0,2026-01-26 10:36:32.384618,0.002,1,-0.11257537516286087,-1,Saldırı
Normal,Heartbeat,49.69442491117044,98,0.0,2026-01-26 10:39:06.384618,154.0,2,0.19891026866468126,1,Normal
Saldırı,BootNotification,1627.2899790608676,4676,0.0,2026-01-26 10:39:06.390618,0.006,1,-0.11690505643387594,-1,Saldırı
Normal,BootNotification,272.3433547695302,137,0.0,2026-01-26 10:43:49.390618,283.0,1,0.10541978760471665,1,Normal
Normal,Heartbeat,48.83141463511911,84,0.0,2026-01-26 10:48:48.390618,299.0,2,0.1495764410033813,1,Normal
Normal,MeterValues,161.5397169938933,140,2.2995557598702976,2026-01-26 10:50:16.390618,88.0,3,0.1837777845658104,1,Normal
Normal,StopTransaction,223.11808659097363,162,0.0,2026-01-26 10:52:23.390618,127.0,5,0.11921624653876567,1,Normal
Normal,Heartbeat,50.700259667882705,112,0.0,2026-01-26 10:55:57.390618,214.0,2,0.19506525607305902,1,Normal
Normal,MeterValues,167.6483742874154,199,11.451456227665124,2026-01-26 11:00:13.390618,256.0,3,0.11145890461686453,1,Normal
Saldırı,BootNotification,1838.884788183838,2637,0.0,2026-01-26 11:00:13.392618,0.002,1,-0.07891476627093852,-1,Saldırı
Normal,MeterValues,229.07579398308164,123,19.31728919463078,2026-01-26 11:03:54.392618,221.0,3,0.1623171728470592,1,Normal
Normal,Heartbeat,51.28872265386913,163,0.0,2026-01-26 11:05:36.392618,102.0,2,0.18713344646511915,1,Normal
Normal,Heartbeat,48.38505123845252,152,0.0,2026-01-26 11:07:48.392618,132.0,2,0.19081111852857363,1,Normal
Normal,Heartbeat,51.58802361627199,176,0.0,2026-01-26 11:08:17.392618,29.0,2,0.16431287208506995,1,Normal
Normal,MeterValues,194.24809444141326,75,20.24824322843849,2026-01-26 11:11:31.392618,194.0,3,0.16440158187672843,1,Normal
Normal,StopTransaction,209.60783652959674,184,0.0,2026-01-26 11:12:46.392618,75.0,5,0.08938308372334891,1,Normal
Normal,MeterValues,162.41060188367626,119,18.219931375142288,2026-01-26 11:15:53.392618,187.0,3,0.16498654128218349,1,Normal
Normal,MeterValues,187.38364101097378,115,1.9608031537737847,2026-01-26 11:19:38.392618,225.0,3,0.1755062298862563,1,Normal
Normal,Heartbeat,48.455897976831366,113,0.0,2026-01-26 11:22:27.392618,169.0,2,0.19582304705823916,1,Normal
Normal,StopTransaction,386.8948810188686,76,0.0,2026-01-26 11:24:54.392618,147.0,5,0.09251507863064856,1,Normal
Normal,MeterValues,165.70587158723234,112,40.60795744037176,2026-01-26 11:29:18.392618,264.0,3,0.12873270082574684,1,Normal
Normal,Heartbeat,48.56806553748321,22,0.0,2026-01-26 11:34:17.392618,299.0,2,0.1158246854234034,1,Normal
Normal,StopTransaction,331.7404708727129,108,0.0,2026-01-26 11:34:39.392618,22.0,5,0.09275611712203669,1,Normal
Normal,Heartbeat,49.25249914220233,72,0.0,2026-01-26 11:38:55.392618,256.0,2,0.18566324957742053,1,Normal
Normal,StopTransaction,282.72861040809823,175,0.0,2026-01-26 11:41:35.392618,160.0,5,0.11750431324597455,1,Normal
Normal,Heartbeat,48.70241691077758,21,0.0,2026-01-26 11:44:54.392618,199.0,2,0.15480082113046117,1,Normal
Normal,Heartbeat,48.40016167570523,97,0.0,2026-01-26 11:49:48.392618,294.0,2,0.1494869114024735,1,Normal
Normal,MeterValues,167.35710451883787,96,41.52102005851852,2026-01-26 11:51:23.392618,95.0,3,0.1600440099681114,1,Normal
Normal,Heartbeat,49.44257258854198,128,0.0,2026-01-26 11:55:12.392618,229.0,2,0.1901093998401353,1,Normal
Normal,StopTransaction,379.1083855729226,150,0.0,2026-01-26 11:59:12.392618,240.0,5,0.07589395631545026,1,Normal
Normal,Heartbeat,49.97137330011539,96,0.0,2026-01-26 11:59:44.392618,32.0,2,0.18500713672996194,1,Normal
Normal,StartTransaction,377.39494179299453,77,0.0,2026-01-26 12:03:24.392618,220.0,4,0.11465931249575884,1,Normal
Normal,Heartbeat,48.87417231525837,25,0.0,2026-01-26 12:04:50.392618,86.0,2,0.1721715021282521,1,Normal
Normal,MeterValues,225.22530440362814,56,14.739829883524628,2026-01-26 12:06:37.392618,107.0,3,0.1739075881665642,1,Normal
Normal,MeterValues,158.35828932380778,169,12.39291290767557,2026-01-26 12:10:45.392618,248.0,3,0.14122985715100334,1,Normal
Normal,Heartbeat,48.33318743868064,115,0.0,2026-01-26 12:11:27.392618,42.0,2,0.18531489203112905,1,Normal
Normal,Heartbeat,50.63523477771249,29,0.0,2026-01-26 12:16:17.392618,290.0,2,0.14396762326445028,1,Normal
Normal,StartTransaction,265.77259970952133,86,0.0,2026-01-26 12:20:38.392618,261.0,4,0.13468534685141775,1,Normal
Normal,StartTransaction,382.78267327909333,26,0.0,2026-01-26 12:24:34.392618,236.0,4,0.08379473153492467,1,Normal
Normal,StartTransaction,361.28513632237076,135,0.0,2026-01-26 12:28:02.392618,208.0,4,0.12377507209018174,1,Normal
Normal,MeterValues,178.45210424311713,182,16.97930826339144,2026-01-26 12:32:52.392618,290.0,3,0.10399571633053095,1,Normal
Normal,MeterValues,238.28306166970086,186,3.5809496052523904,2026-01-26 12:35:27.392618,155.0,3,0.1601948705247257,1,Normal
Normal,MeterValues,155.18753432349038,161,6.82117834928383,2026-01-26 12:35:51.392618,24.0,3,0.15293123725174557,1,Normal
Normal,StartTransaction,277.5038376069239,68,0.0,2026-01-26 12:36:22.392618,31.0,4,0.1213707811058734,1,Normal
Normal,MeterValues,205.53824391353146,31,53.040955586865465,2026-01-26 12:40:22.392618,240.0,3,0.09438413317180072,1,Normal
Normal,Heartbeat,50.93908085130782,46,0.0,2026-01-26 12:44:38.392618,256.0,2,0.17383483942850836,1,Normal
Normal,Heartbeat,49.847021319766164,146,0.0,2026-01-26 12:48:21.392618,223.0,2,0.19238968096794146,1,Normal
Normal,StopTransaction,279.54027869987584,94,0.0,2026-01-26 12:50:05.392618,104.0,5,0.12899984679205706,1,Normal
Normal,StopTransaction,274.1560978521392,148,0.0,2026-01-26 12:53:20.392618,195.0,5,0.12857350965790015,1,Normal
Normal,BootNotification,256.9437328329811,169,0.0,2026-01-26 12:56:38.392618,198.0,1,0.11353511392155191,1,Normal
Normal,StartTransaction,368.4565047015731,188,0.0,2026-01-26 13:00:36.392618,238.0,4,0.09883554854477977,1,Normal
Normal,MeterValues,158.689592912282,164,13.613822408502411,2026-01-26 13:01:27.392618,51.0,3,0.15290132269817935,1,Normal
Normal,Heartbeat,48.986032116235116,132,0.0,2026-01-26 13:05:18.392618,231.0,2,0.18641103268984988,1,Normal
Normal,Heartbeat,49.9656009407184,83,0.0,2026-01-26 13:07:25.392618,127.0,2,0.2016926789416017,1,Normal
Normal,Heartbeat,50.046954397330666,123,0.0,2026-01-26 13:08:02.392618,37.0,2,0.1911878662072763,1,Normal
Normal,Heartbeat,51.87582086688357,25,0.0,2026-01-26 13:08:25.392618,23.0,2,0.13106832348396852,1,Normal
Normal,Authorize,223.33202113353957,98,0.0,2026-01-26 13:09:17.392618,52.0,0,0.07406574850716807,1,Normal
Normal,Heartbeat,48.59681354073914,189,0.0,2026-01-26 13:10:35.392618,78.0,2,0.14932438235715412,1,Normal
Normal,Heartbeat,50.5501496969755,34,0.0,2026-01-26 13:11:57.392618,82.0,2,0.18198028831079766,1,Normal
Normal,Heartbeat,48.99876411463424,192,0.0,2026-01-26 13:14:35.392618,158.0,2,0.15708448713554735,1,Normal
Normal,StartTransaction,382.16063577676584,71,0.0,2026-01-26 13:15:06.392618,31.0,4,0.10215394420962948,1,Normal
Normal,Heartbeat,48.04836216776812,91,0.0,2026-01-26 13:16:24.392618,78.0,2,0.18475267242378812,1,Normal
Normal,BootNotification,258.19868055899974,184,0.0,2026-01-26 13:17:45.392618,81.0,1,0.11050475594621517,1,Normal
Normal,Heartbeat,48.462251727954694,26,0.0,2026-01-26 13:19:16.392618,91.0,2,0.169916209126582,1,Normal
Normal,MeterValues,218.3975477864268,156,9.221416660878996,2026-01-26 13:22:01.392618,165.0,3,0.17771424060897706,1,Normal
Normal,MeterValues,178.50624288269765,200,49.87454476560533,2026-01-26 13:26:26.392618,265.0,3,0.0746795725364785,1,Normal
Normal,MeterValues,160.6952998220749,151,53.645545104785725,2026-01-26 13:28:11.392618,105.0,3,0.141999015314427,1,Normal
Normal,MeterValues,213.96663883415212,39,28.821864581094093,2026-01-26 13:31:34.392618,203.0,3,0.14629712170311648,1,Normal
Normal,Heartbeat,51.29368369777512,193,0.0,2026-01-26 13:35:09.392618,215.0,2,0.1460827153127488,1,Normal
Normal,MeterValues,184.9461826989792,27,13.52472291960165,2026-01-26 13:38:25.392618,196.0,3,0.14725879789762125,1,Normal
Normal,BootNotification,348.73456834026285,142,0.0,2026-01-26 13:40:15.392618,110.0,1,0.11140982123913629,1,Normal
Normal,Heartbeat,50.73043193028676,45,0.0,2026-01-26 13:43:45.392618,210.0,2,0.18355066756474658,1,Normal
Normal,Heartbeat,51.680413915603566,141,0.0,2026-01-26 13:45:06.392618,81.0,2,0.1879835892682682,1,Normal
Normal,Heartbeat,50.164092066186164,161,0.0,2026-01-26 13:49:33.392618,267.0,2,0.17604207712002,1,Normal
Normal,MeterValues,213.72537195595862,20,35.49975236773284,2026-01-26 13:50:35.392618,62.0,3,0.13139047485136618,1,Normal
Normal,Heartbeat,51.153635897372624,66,0.0,2026-01-26 13:53:22.392618,167.0,2,0.19578288018424206,1,Normal
Normal,Heartbeat,51.31304250499577,167,0.0,2026-01-26 13:57:01.392618,219.0,2,0.1810276766207538,1,Normal
Normal,MeterValues,214.3475122017949,80,32.351710063263226,2026-01-26 14:00:30.392618,209.0,3,0.1482962951158862,1,Normal
Normal,MeterValues,230.58826576515617,137,44.3118399908494,2026-01-26 14:04:44.392618,254.0,3,0.13380200580294133,1,Normal
Normal,Heartbeat,50.1093685929226,167,0.0,2026-01-26 14:05:34.392618,50.0,2,0.17521746045160214,1,Normal
Normal,Heartbeat,51.76594392276849,103,0.0,2026-01-26 14:09:35.392618,241.0,2,0.1845290723540129,1,Normal
Normal,StopTransaction,314.5963431737455,182,0.0,2026-01-26 14:11:34.392618,119.0,5,0.098986649684278,1,Normal
Normal,StartTransaction,399.5853732915585,166,0.0,2026-01-26 14:12:16.392618,42.0,4,0.0802180039160022,1,Normal
Saldırı,BootNotification,2050.157676067591,2883,0.0,2026-01-26 14:12:16.397618,0.005,1,-0.07788392417716261,-1,Saldırı
Normal,MeterValues,197.28149538986105,186,2.914074258317141,2026-01-26 14:13:29.397618,73.0,3,0.15334043482599286,1,Normal
Normal,StartTransaction,369.77257429207964,97,0.0,2026-01-26 14:16:29.397618,180.0,4,0.12316490612525932,1,Normal
Normal,StartTransaction,264.2992748740504,29,0.0,2026-01-26 14:19:43.397618,194.0,4,0.12601731807509925,1,Normal
Normal,MeterValues,150.33832915290557,106,10.503431934958103,2026-01-26 14:22:39.397618,176.0,3,0.16454514038343265,1,Normal
Normal,Heartbeat,51.679223537601544,104,0.0,2026-01-26 14:24:07.397618,88.0,2,0.1934946486251239,1,Normal
Normal,Heartbeat,51.261569175303926,38,0.0,2026-01-26 14:24:22.397618,15.0,2,0.14509900737068526,1,Normal
Normal,StopTransaction,347.22116868687215,99,0.0,2026-01-26 14:25:21.397618,59.0,5,0.11146145018165649,1,Normal
Saldırı,BootNotification,2134.234864043134,4141,0.0,2026-01-26 14:25:21.400618,0.003,1,-0.09924484163218195,-1,Saldırı
Normal,Heartbeat,48.491447718826066,189,0.0,2026-01-26 14:26:29.400618,68.0,2,0.14618266394434987,1,Normal
Normal,Heartbeat,51.581794320827576,36,0.0,2026-01-26 14:31:09.400618,280.0,2,0.15511218471628346,1,Normal
Normal,Authorize,393.5504862464779,115,0.0,2026-01-26 14:34:44.400618,215.0,0,0.034845673227282714,1,Normal
Normal,StopTransaction,203.4560884572233,101,0.0,2026-01-26 14:39:22.400618,278.0,5,0.09086285522664383,1,Normal
Normal,Heartbeat,49.27056338953701,41,0.0,2026-01-26 14:40:49.400618,87.0,2,0.19521579870278088,1,Normal
Saldırı,MeterValues,200.0,143,1118.0655739080105,2026-01-26 14:41:41.400618,52.0,3,-0.04057886523730403,-1,Saldırı
Normal,Heartbeat,49.93590737925897,172,0.0,2026-01-26 14:46:04.400618,263.0,2,0.1696944872076988,1,Normal
Normal,MeterValues,245.98673702139962,69,4.096140017692842,2026-01-26 14:47:46.400618,102.0,3,0.17717108626231304,1,Normal
Normal,MeterValues,171.2376150363672,132,16.434195382179283,2026-01-26 14:51:45.400618,239.0,3,0.1581916632454154,1,Normal
Normal,Heartbeat,49.31860797031081,120,0.0,2026-01-26 14:55:11.400618,206.0,2,0.19151656678818008,1,Normal
Normal,MeterValues,169.64204592502293,57,26.631139432699726,2026-01-26 14:57:00.400618,109.0,3,0.16144860349998874,1,Normal
Normal,Authorize,240.73514243573044,95,0.0,2026-01-26 14:57:16.400618,16.0,0,0.05643941772735983,1,Normal
Normal,Heartbeat,48.81096284812244,81,0.0,2026-01-26 15:00:50.400618,214.0,2,0.19234582798513072,1,Normal
Normal,Heartbeat,48.43370733339421,56,0.0,2026-01-26 15:05:23.400618,273.0,2,0.16574864882078294,1,Normal
Normal,MeterValues,157.75201969200518,173,24.861213829703516,2026-01-26 15:09:09.400618,226.0,3,0.12913805779332405,1,Normal
Normal,MeterValues,170.2240792726629,81,24.543974526863714,2026-01-26 15:09:27.400618,18.0,3,0.14776437174587298,1,Normal
Saldırı,MeterValues,213.0,123,876.0977249396237,2026-01-26 15:10:16.400618,49.0,3,0.008652273535650012,1,Normal
Normal,StartTransaction,240.2772431989211,190,0.0,2026-01-26 15:14:51.400618,275.0,4,0.11306567533786166,1,Normal
Saldırı,BootNotification,1834.8047368570492,4351,0.0,2026-01-26 15:14:51.403618,0.003,1,-0.10446867385341463,-1,Saldırı
Normal,BootNotification,208.5340751546772,165,0.0,2026-01-26 15:15:27.403618,36.0,1,0.12235441374095574,1,Normal
Normal,Heartbeat,51.33171543736847,185,0.0,2026-01-26 15:16:22.403618,55.0,2,0.15785529616429994,1,Normal
Normal,MeterValues,237.90170929672837,145,45.7928072771533,2026-01-26 15:18:28.403618,126.0,3,0.15196438861666295,1,Normal
Normal,Heartbeat,50.82777393590974,143,0.0,2026-01-26 15:22:51.403618,263.0,2,0.18115427519212485,1,Normal
Normal,MeterValues,157.31109661585396,83,8.421907607828311,2026-01-26 15:26:33.403618,222.0,3,0.16210160628589232,1,Normal
Normal,Heartbeat,49.01421757007958,38,0.0,2026-01-26 15:28:08.403618,95.0,2,0.18954434912746854,1,Normal
Normal,Authorize,379.099711990258,54,0.0,2026-01-26 15:29:19.403618,71.0,0,0.024870547682613764,1,Normal
Normal,Heartbeat,48.37917624397716,111,0.0,2026-01-26 15:29:33.403618,14.0,2,0.15738327556423393,1,Normal
Normal,Heartbeat,48.435791425638996,48,0.0,2026-01-26 15:34:08.403618,275.0,2,0.15950932770044574,1,Normal
Normal,Authorize,285.93392468035677,129,0.0,2026-01-26 15:37:23.403618,195.0,0,0.0701780606541903,1,Normal
Saldırı,MeterValues,151.0,70,980.7455895041302,2026-01-26 15:38:10.403618,47.0,3,-0.02751430257104137,-1,Saldırı
Normal,MeterValues,177.62046002805585,172,23.422386627888304,2026-01-26 15:38:26.403618,16.0,3,0.13232745644418503,1,Normal
Normal,Heartbeat,48.80706004717536,104,0.0,2026-01-26 15:39:13.403618,47.0,2,0.19173195472448962,1,Normal
Normal,Heartbeat,51.75772225513815,174,0.0,2026-01-26 15:42:24.403618,191.0,2,0.1670349952392159,1,Normal
Normal,Heartbeat,49.10496346642206,54,0.0,2026-01-26 15:42:42.403618,18.0,2,0.15922565444692832,1,Normal
Normal,Heartbeat,51.94510983550083,25,0.0,2026-01-26 15:46:34.403618,232.0,2,0.1533144950086262,1,Normal
Normal,Heartbeat,49.164502943259,93,0.0,2026-01-26 15:48:30.403618,116.0,2,0.1987778153737711,1,Normal
Normal,Authorize,250.06201632426834,115,0.0,2026-01-26 15:48:45.403618,15.0,0,0.05169816557433726,1,Normal
Normal,Heartbeat,48.830735922205385,193,0.0,2026-01-26 15:51:49.403618,184.0,2,0.1516236541728357,1,Normal
Normal,StartTransaction,232.4579182201426,177,0.0,2026-01-26 15:52:56.403618,67.0,4,0.11980641056127317,1,Normal
Normal,MeterValues,212.56036266329724,86,29.247937667302267,2026-01-26 15:57:35.403618,279.0,3,0.1318759755144519,1,Normal
Normal,MeterValues,180.27431813396197,174,36.50720821903988,2026-01-26 16:02:11.403618,276.0,3,0.11741633066841078,1,Normal
Normal,Heartbeat,48.19932473989484,142,0.0,2026-01-26 16:06:09.403618,238.0,2,0.18387106298325478,1,Normal
Normal,MeterValues,217.831140764636,94,31.639263120089435,2026-01-26 16:10:37.403618,268.0,3,0.13545716729761903,1,Normal
Normal,MeterValues,239.55052021528132,151,1.0153558211030567,2026-01-26 16:13:44.403618,187.0,3,0.17293878873589424,1,Normal
Normal,Heartbeat,51.06837767803734,111,0.0,2026-01-26 16:14:31.403618,47.0,2,0.1945670299462377,1,Normal
Normal,MeterValues,172.47778350018416,59,11.89556560751983,2026-01-26 16:16:30.403618,119.0,3,0.18023126197237427,1,Normal
Normal,Authorize,253.96754598336744,49,0.0,2026-01-26 16:20:19.403618,229.0,0,0.057123688507785486,1,Normal
Normal,StartTransaction,203.08502813955303,183,0.0,2026-01-26 16:20:35.403618,16.0,4,0.0913257436039644,1,Normal
Normal,MeterValues,229.70922668068226,128,53.16290449089737,2026-01-26 16:22:29.403618,114.0,3,0.15557208421538504,1,Normal
Normal,Heartbeat,50.02847831807594,122,0.0,2026-01-26 16:23:38.403618,69.0,2,0.190164042197975,1,Normal
Normal,MeterValues,239.90131455263932,128,47.40065133416357,2026-01-26 16:28:26.403618,288.0,3,0.09527187812092186,1,Normal
Normal,MeterValues,177.84891299903038,184,54.8126173838526,2026-01-26 16:28:55.403618,29.0,3,0.09749477057196915,1,Normal
Normal,Heartbeat,50.957246536954415,139,0.0,2026-01-26 16:29:49.403618,54.0,2,0.1903764533539371,1,Normal
Normal,MeterValues,237.40596535856923,71,56.06763627438128,2026-01-26 16:31:33.403618,104.0,3,0.12504261022963986,1,Normal
Normal,MeterValues,187.43288143438687,163,15.837333669678642,2026-01-26 16:32:54.403618,81.0,3,0.17178511399893226,1,Normal
Normal,Heartbeat,48.25385779372389,41,0.0,2026-01-26 16:35:18.403618,144.0,2,0.18648555827122898,1,Normal
Normal,MeterValues,242.59517238186803,25,49.653337341336744,2026-01-26 16:38:34.403618,196.0,3,0.10517737945751399,1,Normal
Normal,Heartbeat,48.450528718230785,124,0.0,2026-01-26 16:40:41.403618,127.0,2,0.19227064175288516,1,Normal
Normal,Heartbeat,49.28344013915505,166,0.0,2026-01-26 16:43:46.403618,185.0,2,0.18290921519515035,1,Normal
Normal,Authorize,352.37140967480104,62,0.0,2026-01-26 16:48:11.403618,265.0,0,0.025399761532858278,1,Normal
Normal,Heartbeat,48.33841392233097,117,0.0,2026-01-26 16:51:15.403618,184.0,2,0.18602923453538472,1,Normal
Normal,MeterValues,151.9184183534975,102,33.72128155788232,2026-01-26 16:53:07.403618,112.0,3,0.1617294355061636,1,Normal
Normal,BootNotification,317.5938051984286,28,0.0,2026-01-26 16:54:19.403618,72.0,1,0.10565239141798988,1,Normal
Normal,MeterValues,193.2215784169451,168,34.77531632309204,2026-01-26 16:56:23.403618,124.0,3,0.16404173383870208,1,Normal
Normal,MeterValues,164.92839385893143,77,19.30241603757431,2026-01-26 16:59:23.403618,180.0,3,0.15935202108897056,1,Normal
Normal,MeterValues,168.6020793980623,102,22.450350312000946,2026-01-26 16:59:42.403618,19.0,3,0.15247759337121702,1,Normal
Normal,StartTransaction,252.2819491573967,172,0.0,2026-01-26 17:01:58.403618,136.0,4,0.15086086922567937,1,Normal
Saldırı,MeterValues,184.0,112,829.1760377892717,2026-01-26 17:02:54.403618,56.0,3,0.008403387273906215,1,Normal
Normal,MeterValues,153.52287301012697,169,34.626305519676755,2026-01-26 17:03:27.403618,33.0,3,0.1302133335756685,1,Normal
Normal,Heartbeat,49.8890097225827,65,0.0,2026-01-26 17:05:23.403618,116.0,2,0.20126583839516576,1,Normal
Normal,Heartbeat,50.01915352329692,163,0.0,2026-01-26 17:07:06.403618,103.0,2,0.19374791709430866,1,Normal
Normal,MeterValues,188.66080622500073,66,26.175244042465543,2026-01-26 17:11:17.403618,251.0,3,0.14431866332451132,1,Normal
Normal,Heartbeat,48.25279753803524,144,0.0,2026-01-26 17:12:40.403618,83.0,2,0.18405565596599222,1,Normal
Normal,MeterValues,199.77204151800115,186,40.039004860434325,2026-01-26 17:17:33.403618,293.0,3,0.08260891589676467,1,Normal
Normal,StopTransaction,242.99121049889814,140,0.0,2026-01-26 17:20:59.403618,206.0,5,0.12381767813701788,1,Normal
Normal,Heartbeat,51.06711705524427,30,0.0,2026-01-26 17:21:18.403618,19.0,2,0.14470319189451775,1,Normal
Normal,Heartbeat,51.78802550186985,149,0.0,2026-01-26 17:22:58.403618,100.0,2,0.18480287411641455,1,Normal
Normal,Heartbeat,48.527748607648704,183,0.0,2026-01-26 17:26:00.403618,182.0,2,0.15743517192585677,1,Normal
Normal,Heartbeat,50.42672157150629,93,0.0,2026-01-26 17:26:36.403618,36.0,2,0.19104890832008398,1,Normal
Normal,Heartbeat,51.59465774441271,102,0.0,2026-01-26 17:27:14.403618,38.0,2,0.18684386079557114,1,Normal
Normal,Heartbeat,48.66981540694598,76,0.0,2026-01-26 17:31:10.403618,236.0,2,0.18180469824690998,1,Normal
Normal,Heartbeat,51.80118120471868,154,0.0,2026-01-26 17:35:47.403618,277.0,2,0.16468962562741501,1,Normal
Normal,MeterValues,179.56543815309388,140,3.171271203369672,2026-01-26 17:39:05.403618,198.0,3,0.18102386664292375,1,Normal
Normal,MeterValues,172.79406350493474,99,48.848545805817395,2026-01-26 17:39:41.403618,36.0,3,0.15594280203247957,1,Normal
Normal,Heartbeat,49.75716934208285,194,0.0,2026-01-26 17:40:58.403618,77.0,2,0.15042447688402627,1,Normal
Normal,MeterValues,199.84027304780687,32,7.571084024765717,2026-01-26 17:42:47.403618,109.0,3,0.16531490655784686,1,Normal
Normal,Heartbeat,50.87427117831506,51,0.0,2026-01-26 17:47:15.403618,268.0,2,0.1690169783792817,1,Normal
Normal,MeterValues,154.14924514581867,54,51.2697553567457,2026-01-26 17:47:56.403618,41.0,3,0.11895636583951336,1,Normal
Normal,Heartbeat,51.08868472437028,52,0.0,2026-01-26 17:49:42.403618,106.0,2,0.19348052451527187,1,Normal
Normal,Heartbeat,50.41000803407022,148,0.0,2026-01-26 17:52:59.403618,197.0,2,0.1919876091356651,1,Normal
Normal,Authorize,232.75615323766795,43,0.0,2026-01-26 17:57:25.403618,266.0,0,0.04752670106936652,1,Normal
Normal,MeterValues,176.39778155085682,179,11.745926127824209,2026-01-26 17:58:42.403618,77.0,3,0.14354761382959236,1,Normal
Normal,Heartbeat,51.661327451593785,91,0.0,2026-01-26 18:03:22.403618,280.0,2,0.16456327387548542,1,Normal
Normal,Heartbeat,48.41845840224289,144,0.0,2026-01-26 18:03:34.403618,12.0,2,0.1476344097347072,1,Normal
Normal,BootNotification,306.2320548467623,39,0.0,2026-01-26 18:07:10.403618,216.0,1,0.10418392742328236,1,Normal
Normal,Heartbeat,49.937575177091595,92,0.0,2026-01-26 18:11:53.403618,283.0,2,0.1775043796594888,1,Normal
Normal,Heartbeat,51.36579471127943,81,0.0,2026-01-26 18:12:22.403618,29.0,2,0.1767653752832996,1,Normal
Normal,BootNotification,265.79608361357765,21,0.0,2026-01-26 18:17:00.403618,278.0,1,0.06104127356441369,1,Normal
Normal,Heartbeat,49.265700265243986,153,0.0,2026-01-26 18:20:25.403618,205.0,2,0.1871514468896318,1,Normal
Normal,StartTransaction,200.15467211900847,191,0.0,2026-01-26 18:24:02.403618,217.0,4,0.11844822969264135,1,Normal
Normal,Heartbeat,50.870562755362585,43,0.0,2026-01-26 18:26:00.403618,118.0,2,0.19284091051799918,1,Normal
Normal,Heartbeat,48.91291447660926,44,0.0,2026-01-26 18:30:56.403618,296.0,2,0.1403866822833274,1,Normal
Normal,MeterValues,180.96343689768767,68,18.990696376332686,2026-01-26 18:34:22.403618,206.0,3,0.157975135356347,1,Normal
Normal,Heartbeat,49.05505341212831,94,0.0,2026-01-26 18:36:22.403618,120.0,2,0.20041946635448182,1,Normal
Normal,StartTransaction,269.09080700469565,118,0.0,2026-01-26 18:40:04.403618,222.0,4,0.15376224930014204,1,Normal
Normal,Heartbeat,48.13147166018231,144,0.0,2026-01-26 18:44:06.403618,242.0,2,0.17963172046435533,1,Normal
Normal,MeterValues,229.6420346833894,143,26.02811165235383,2026-01-26 18:48:28.403618,262.0,3,0.1448627627298148,1,Normal
Normal,StartTransaction,238.2640522108342,124,0.0,2026-01-26 18:51:24.403618,176.0,4,0.15070819015035325,1,Normal
Normal,Heartbeat,49.70278137252207,64,0.0,2026-01-26 18:54:08.403618,164.0,2,0.20278903689135397,1,Normal
Normal,Authorize,256.6476880026243,111,0.0,2026-01-26 18:56:22.403618,134.0,0,0.0799627720701761,1,Normal
Normal,BootNotification,321.3192188480194,41,0.0,2026-01-26 18:59:24.403618,182.0,1,0.11404639289524726,1,Normal
Normal,MeterValues,206.29988523550313,147,4.894219504591357,2026-01-26 19:03:05.403618,221.0,3,0.17241783339434263,1,Normal
Normal,Heartbeat,51.66793978754287,90,0.0,2026-01-26 19:04:28.403618,83.0,2,0.1856335756495472,1,Normal
Normal,MeterValues,247.6981117922954,78,36.9841939931139,2026-01-26 19:07:57.403618,209.0,3,0.12262050385471573,1,Normal
Normal,MeterValues,225.65705746161373,188,40.31558682143617,2026-01-26 19:11:51.403618,234.0,3,0.10718505409234452,1,Normal
Saldırı,BootNotification,1870.5768148632849,4023,0.0,2026-01-26 19:11:51.411618,0.008,1,-0.09814824975222025,-1,Saldırı
Normal,Heartbeat,51.29554135655161,61,0.0,2026-01-26 19:15:48.411618,237.0,2,0.1862128269885468,1,Normal
Normal,StopTransaction,381.97041292179205,25,0.0,2026-01-26 19:20:24.411618,276.0,5,0.04398592239012822,1,Normal
Normal,Heartbeat,51.0654724222449,156,0.0,2026-01-26 19:23:43.411618,199.0,2,0.1872707488140214,1,Normal
Normal,BootNotification,318.25183863243325,129,0.0,2026-01-26 19:28:14.411618,271.0,1,0.08978186867180082,1,Normal
Normal,MeterValues,225.03786693293287,173,28.3977346639291,2026-01-26 19:31:44.411618,210.0,3,0.14189340759477287,1,Normal
Normal,StartTransaction,362.5143446303734,64,0.0,2026-01-26 19:35:23.411618,219.0,4,0.11746544989418667,1,Normal
Normal,Heartbeat,50.10454723073438,21,0.0,2026-01-26 19:39:36.411618,253.0,2,0.15130369055487003,1,Normal
Normal,Heartbeat,50.1479704406448,82,0.0,2026-01-26 19:43:22.411618,226.0,2,0.18987675948215638,1,Normal
Normal,Heartbeat,51.35481065529761,145,0.0,2026-01-26 19:47:01.411618,219.0,2,0.1875437110284357,1,Normal
Normal,Heartbeat,48.4221681251622,182,0.0,2026-01-26 19:51:15.411618,254.0,2,0.1462128504968142,1,Normal
Normal,Heartbeat,51.31153398531037,77,0.0,2026-01-26 19:54:39.411618,204.0,2,0.19320342544733915,1,Normal
Normal,StopTransaction,253.32394616049586,78,0.0,2026-01-26 19:58:59.411618,260.0,5,0.09676689753942641,1,Normal
Saldırı,MeterValues,249.0,134,832.2373172139246,2026-01-26 19:59:49.411618,50.0,3,-0.0076868963980996075,-1,Saldırı
Normal,Heartbeat,50.13602447897172,196,0.0,2026-01-26 20:01:09.411618,80.0,2,0.14837619674393382,1,Normal
Normal,Heartbeat,49.94121512059233,196,0.0,2026-01-26 20:04:19.411618,190.0,2,0.14941153958359848,1,Normal
Normal,MeterValues,207.48657822124107,48,33.99478039288874,2026-01-26 20:06:17.411618,118.0,3,0.1695378794209142,1,Normal
Saldırı,MeterValues,179.0,115,999.2995159546689,2026-01-26 20:06:53.411618,36.0,3,-0.01322672844230155,-1,Saldırı
Normal,MeterValues,193.62746025857288,61,50.25351767345236,2026-01-26 20:11:20.411618,267.0,3,0.10308461963992538,1,Normal
Normal,Heartbeat,49.93109437809723,192,0.0,2026-01-26 20:16:03.411618,283.0,2,0.13449955098194066,1,Normal
Normal,MeterValues,205.0160476761906,94,14.003611245101064,2026-01-26 20:16:54.411618,51.0,3,0.17540652608857343,1,Normal
Normal,MeterValues,244.39103174805234,62,29.677327647569545,2026-01-26 20:17:25.411618,31.0,3,0.14312742579035986,1,Normal
Normal,Heartbeat,51.840200174913356,37,0.0,2026-01-26 20:21:19.411618,234.0,2,0.16687956151990996,1,Normal
Normal,Heartbeat,50.690744833002874,112,0.0,2026-01-26 20:26:00.411618,281.0,2,0.17495091682580943,1,Normal
Normal,MeterValues,247.9874300573543,162,16.91536566428576,2026-01-26 20:30:46.411618,286.0,3,0.11988771399962561,1,Normal
Normal,Heartbeat,49.34196059588821,130,0.0,2026-01-26 20:34:42.411618,236.0,2,0.18953172240933686,1,Normal
Normal,Heartbeat,49.09048387417134,138,0.0,2026-01-26 20:38:01.411618,199.0,2,0.19312114017240567,1,Normal
Normal,StartTransaction,241.50721756384735,180,0.0,2026-01-26 20:42:43.411618,282.0,4,0.1151410864780088,1,Normal
Normal,StartTransaction,217.89858200983304,82,0.0,2026-01-26 20:46:26.411618,223.0,4,0.14720790571733522,1,Normal
Normal,MeterValues,191.02158641851472,50,55.62145678766262,2026-01-26 20:47:34.411618,68.0,3,0.13215482806691703,1,Normal
Normal,StartTransaction,236.9368434706286,109,0.0,2026-01-26 20:49:01.411618,87.0,4,0.15805648695105878,1,Normal
Normal,MeterValues,176.64821932336042,152,17.013979823687265,2026-01-26 20:50:12.411618,71.0,3,0.17108033759390395,1,Normal
Normal,MeterValues,211.7497469144362,150,22.628069849830545,2026-01-26 20:53:23.411618,191.0,3,0.15919326828453462,1,Normal
Normal,Heartbeat,48.29702702186095,94,0.0,2026-01-26 20:56:26.411618,183.0,2,0.1875353370172369,1,Normal
Saldırı,BootNotification,2222.758852152412,4780,0.0,2026-01-26 20:56:26.413618,0.002,1,-0.12191968010936705,-1,Saldırı
Normal,Heartbeat,49.042569654078655,79,0.0,2026-01-26 20:58:52.413618,146.0,2,0.1953805762951934,1,Normal
Normal,StopTransaction,294.2022047818225,149,0.0,2026-01-26 20:59:40.413618,48.0,5,0.10733986644515175,1,Normal
Normal,StartTransaction,310.7739919273229,42,0.0,2026-01-26 21:02:29.413618,169.0,4,0.13928909406423007,1,Normal
Normal,Heartbeat,48.550575110546326,165,0.0,2026-01-26 21:04:52.413618,143.0,2,0.18727027447418615,1,Normal
Normal,MeterValues,200.5572128797776,138,43.01621629911703,2026-01-26 21:06:16.413618,84.0,3,0.1692302577604055,1,Normal
Normal,MeterValues,197.24678863441872,93,33.26139900164657,2026-01-26 21:08:11.413618,115.0,3,0.17392477090482333,1,Normal
Normal,MeterValues,210.52539288517045,162,49.32536077048531,2026-01-26 21:09:03.413618,52.0,3,0.14842251405447426,1,Normal
Normal,Heartbeat,51.94526119831368,145,0.0,2026-01-26 21:13:34.413618,271.0,2,0.17021101159401958,1,Normal
Normal,StopTransaction,257.9321189523768,41,0.0,2026-01-26 21:16:25.413618,171.0,5,0.12342946478063321,1,Normal
Normal,Heartbeat,51.47651108093653,167,0.0,2026-01-26 21:19:26.413618,181.0,2,0.18110078278143188,1,Normal
Normal,MeterValues,183.83063290413884,131,20.584122714023568,2026-01-26 21:23:27.413618,241.0,3,0.15606217890077867,1,Normal
Normal,MeterValues,199.33631067377945,32,57.997459921541285,2026-01-26 21:28:02.413618,275.0,3,0.0649545961171849,1,Normal
Normal,MeterValues,173.4170778183036,179,25.6537858096415,2026-01-26 21:31:36.413618,214.0,3,0.13272104590344574,1,Normal
Normal,Heartbeat,49.523900045518445,149,0.0,2026-01-26 21:36:10.413618,274.0,2,0.17915647987367683,1,Normal
Normal,Heartbeat,50.299547489554556,59,0.0,2026-01-26 21:40:30.413618,260.0,2,0.18007829057202934,1,Normal
Normal,Heartbeat,50.952563995141915,180,0.0,2026-01-26 21:40:53.413618,23.0,2,0.154316135012606,1,Normal
Saldırı,BootNotification,2243.88047364741,2437,0.0,2026-01-26 21:40:53.423618,0.01,1,-0.09584458642745775,-1,Saldırı
Normal,MeterValues,166.03783355101532,116,35.59034119304771,2026-01-26 21:41:16.423618,23.0,3,0.14837101621875948,1,Normal
Normal,Heartbeat,51.351580340115426,156,0.0,2026-01-26 21:43:28.423618,132.0,2,0.19175131509754573,1,Normal
Normal,BootNotification,344.8507130528575,82,0.0,2026-01-26 21:46:37.423618,189.0,1,0.1132197641968013,1,Normal
Normal,StartTransaction,247.17178444177742,199,0.0,2026-01-26 21:48:30.423618,113.0,4,0.12234263331621409,1,Normal
Normal,Heartbeat,48.3638311773058,175,0.0,2026-01-26 21:53:23.423618,293.0,2,0.1370161960823718,1,Normal
Normal,Heartbeat,48.67758322721326,99,0.0,2026-01-26 21:54:21.423618,58.0,2,0.18315462415326528,1,Normal
Normal,BootNotification,333.4585341684814,115,0.0,2026-01-26 21:54:33.423618,12.0,1,0.09445826608972485,1,Normal
Normal,Heartbeat,48.34874775579091,160,0.0,2026-01-26 21:58:14.423618,221.0,2,0.17668203624305523,1,Normal
Normal,MeterValues,171.22664364098287,197,20.151044434539468,2026-01-26 22:01:50.423618,216.0,3,0.11848847905731663,1,Normal
Normal,Heartbeat,49.42420819952082,164,0.0,2026-01-26 22:04:46.423618,176.0,2,0.18797630786117686,1,Normal
Normal,Heartbeat,50.84211920733714,113,0.0,2026-01-26 22:07:16.423618,150.0,2,0.19866359902850422,1,Normal
Normal,MeterValues,177.23275627200738,124,12.637327197888045,2026-01-26 22:10:11.423618,175.0,3,0.17315154414868655,1,Normal
Normal,StopTransaction,235.4428112942108,180,0.0,2026-01-26 22:14:56.423618,285.0,5,0.0814013285033135,1,Normal
Normal,StopTransaction,276.4734080762074,125,0.0,2026-01-26 22:15:43.423618,47.0,5,0.11155048108073856,1,Normal
Normal,MeterValues,194.83760663759898,161,35.94596345489687,2026-01-26 22:16:27.423618,44.0,3,0.16125562934292076,1,Normal
Normal,StopTransaction,376.2422488353866,59,0.0,2026-01-26 22:20:11.423618,224.0,5,0.08571520289222767,1,Normal
Normal,StartTransaction,363.9622791216047,49,0.0,2026-01-26 22:23:11.423618,180.0,4,0.11321084248278451,1,Normal
Normal,MeterValues,207.10960364137608,198,54.27918602718711,2026-01-26 22:25:52.423618,161.0,3,0.10193600817172377,1,Normal
Normal,BootNotification,250.55234830040885,58,0.0,2026-01-26 22:30:32.423618,280.0,1,0.09546184495952215,1,Normal
Normal,MeterValues,151.7111433002856,154,41.50941664923035,2026-01-26 22:34:00.423618,208.0,3,0.12819511373913817,1,Normal
Normal,Heartbeat,51.75615985436562,187,0.0,2026-01-26 22:37:09.423618,189.0,2,0.14894864897945836,1,Normal
Normal,StartTransaction,253.95721239781346,27,0.0,2026-01-26 22:41:55.423618,286.0,4,0.10103862049570483,1,Normal
Normal,Heartbeat,48.62699567885054,174,0.0,2026-01-26 22:43:30.423618,95.0,2,0.1796323569120794,1,Normal
Normal,Heartbeat,51.829770769442945,151,0.0,2026-01-26 22:45:01.423618,91.0,2,0.1829829869991369,1,Normal
Normal,Heartbeat,51.39798333398031,200,0.0,2026-01-26 22:47:06.423618,125.0,2,0.1503695220610986,1,Normal
Normal,Authorize,363.0883884078482,53,0.0,2026-01-26 22:49:01.423618,115.0,0,0.04721635844495109,1,Normal
Normal,MeterValues,160.45991575960053,128,44.90857101320712,2026-01-26 22:52:38.423618,217.0,3,0.13861999308202416,1,Normal
Normal,StartTransaction,311.19752398106334,64,0.0,2026-01-26 22:55:18.423618,160.0,4,0.14009987013344605,1,Normal
Normal,MeterValues,239.93996857484794,125,38.79331034447467,2026-01-26 22:56:38.423618,80.0,3,0.1609577361251286,1,Normal
Normal,StopTransaction,205.7052212500633,183,0.0,2026-01-26 23:01:14.423618,276.0,5,0.07872615055047205,1,Normal
Normal,Heartbeat,51.43746992905152,129,0.0,2026-01-26 23:01:39.423618,25.0,2,0.17736141612607131,1,Normal
Normal,BootNotification,386.03931125374976,181,0.0,2026-01-26 23:02:00.423618,21.0,1,0.055265978031142415,1,Normal
Normal,Heartbeat,49.14875445656006,94,0.0,2026-01-26 23:05:33.423618,213.0,2,0.19457167789110913,1,Normal
Saldırı,MeterValues,151.0,64,940.4373935792044,2026-01-26 23:06:19.423618,46.0,3,-0.01752117376000417,-1,Saldırı
Saldırı,MeterValues,165.0,149,888.6632738543485,2026-01-26 23:07:16.423618,57.0,3,-0.02038267039997055,-1,Saldırı
Saldırı,MeterValues,186.0,130,880.4219021436879,2026-01-26 23:07:54.423618,38.0,3,0.009269715237930187,1,Normal
Saldırı,BootNotification,1807.1468061792284,4134,0.0,2026-01-26 23:07:54.424618,0.001,1,-0.10759787200471727,-1,Saldırı
Normal,Heartbeat,50.837123793123894,33,0.0,2026-01-26 23:09:40.424618,106.0,2,0.1841534699880613,1,Normal
Normal,Heartbeat,50.6752779609396,164,0.0,2026-01-26 23:11:27.424618,107.0,2,0.19204210975015956,1,Normal
Normal,StopTransaction,287.21459459690584,54,0.0,2026-01-26 23:12:57.424618,90.0,5,0.13131373484386638,1,Normal
Normal,MeterValues,163.5963523021207,118,55.21320202494013,2026-01-26 23:14:17.424618,80.0,3,0.1340445803318654,1,Normal
Normal,MeterValues,237.97575666190815,150,3.9266940496555947,2026-01-26 23:19:04.424618,287.0,3,0.1419841735661686,1,Normal
Normal,Heartbeat,50.1646997296043,111,0.0,2026-01-26 23:23:25.424618,261.0,2,0.1850048775406598,1,Normal
Normal,MeterValues,161.26150269365095,142,38.16886062703632,2026-01-26 23:28:20.424618,295.0,3,0.09946512683498127,1,Normal
Normal,MeterValues,166.43697923798547,184,48.39739060506448,2026-01-26 23:33:18.424618,298.0,3,0.053081868148105116,1,Normal
Normal,StartTransaction,396.22205736947205,178,0.0,2026-01-26 23:33:36.424618,18.0,4,0.06156015450627861,1,Normal
Normal,MeterValues,163.84728540927534,63,15.931159912996215,2026-01-26 23:36:51.424618,195.0,3,0.1602301203035002,1,Normal
Normal,MeterValues,212.3784453365078,181,17.472925185470636,2026-01-26 23:41:30.424618,279.0,3,0.11971249238990372,1,Normal
Normal,MeterValues,237.4429277958532,73,40.04512988587647,2026-01-26 23:43:16.424618,106.0,3,0.1528943415567261,1,Normal
Normal,MeterValues,220.56595210246212,115,22.515659604394482,2026-01-26 23:47:54.424618,278.0,3,0.14371163027604678,1,Normal
Normal,StopTransaction,245.05957062479305,65,0.0,2026-01-26 23:50:00.424618,126.0,5,0.13227685262350874,1,Normal
Normal,MeterValues,223.39298592459494,50,22.90730673904326,2026-01-26 23:52:11.424618,131.0,3,0.1699708315131223,1,Normal
Normal,StopTransaction,238.8185159674009,124,0.0,2026-01-26 23:53:40.424618,89.0,5,0.12718023253763916,1,Normal
Normal,StartTransaction,204.38508562758648,187,0.0,2026-01-26 23:57:19.424618,219.0,4,0.12402727031633187,1,Normal
Normal,Heartbeat,51.638341554741984,104,0.0,2026-01-27 00:00:32.424618,193.0,2,0.19210777254114597,1,Normal
Normal,MeterValues,162.56824515160986,190,9.663106340121983,2026-01-27 00:02:40.424618,128.0,3,0.1461430359324392,1,Normal
Normal,Heartbeat,51.669901075098146,123,0.0,2026-01-27 00:06:08.424618,208.0,2,0.1826317797677791,1,Normal
Normal,Heartbeat,48.6858247144806,63,0.0,2026-01-27 00:08:20.424618,132.0,2,0.1964524837703573,1,Normal
Normal,MeterValues,211.41884627903275,25,40.00172283881747,2026-01-27 00:11:00.424618,160.0,3,0.13564246998499302,1,Normal
Normal,StartTransaction,203.94338331160952,173,0.0,2026-01-27 00:14:29.424618,209.0,4,0.1341819895048741,1,Normal
Normal,Heartbeat,51.04924268422216,142,0.0,2026-01-27 00:19:01.424618,272.0,2,0.17908996904996394,1,Normal
Normal,Heartbeat,51.79906661376303,120,0.0,2026-01-27 00:20:59.424618,118.0,2,0.18492582711761624,1,Normal
Normal,MeterValues,167.4915663328259,94,11.265774482092656,2026-01-27 00:22:25.424618,86.0,3,0.1711400630685278,1,Normal
Normal,BootNotification,234.19025932057679,77,0.0,2026-01-27 00:26:18.424618,233.0,1,0.11940390803005807,1,Normal
Normal,MeterValues,237.50165127354168,71,18.901394390346876,2026-01-27 00:30:09.424618,231.0,3,0.1440116237832867,1,Normal
Normal,StartTransaction,315.2099663002119,89,0.0,2026-01-27 00:33:45.424618,216.0,4,0.1369313310512842,1,Normal
Normal,Heartbeat,50.36638614822906,163,0.0,2026-01-27 00:37:40.424618,235.0,2,0.18379716394569456,1,Normal
Normal,StopTransaction,283.4940594440597,97,0.0,2026-01-27 00:37:52.424618,12.0,5,0.08454080517417428,1,Normal
Normal,MeterValues,226.77728400223282,125,8.781271113913325,2026-01-27 00:41:12.424618,200.0,3,0.17549455864950014,1,Normal
Normal,Heartbeat,49.90741349026115,146,0.0,2026-01-27 00:41:49.424618,37.0,2,0.18769391890101117,1,Normal
Normal,MeterValues,230.39668885665733,54,21.769017482753114,2026-01-27 00:44:15.424618,146.0,3,0.16599982521495443,1,Normal
Normal,MeterValues,234.33655217417368,165,45.559856931613275,2026-01-27 00:46:11.424618,116.0,3,0.14594565950227723,1,Normal
Normal,Authorize,208.8360973899935,163,0.0,2026-01-27 00:48:41.424618,150.0,0,0.0691344018510105,1,Normal
Normal,Heartbeat,48.29287065414958,144,0.0,2026-01-27 00:50:11.424618,90.0,2,0.1896396768076697,1,Normal
Normal,Heartbeat,49.45979572238986,23,0.0,2026-01-27 00:52:05.424618,114.0,2,0.17907621079599156,1,Normal
Normal,StopTransaction,338.5194280683195,146,0.0,2026-01-27 00:55:31.424618,206.0,5,0.11160764007356822,1,Normal
Normal,MeterValues,149.18729047508813,73,9.999811146126298,2026-01-27 00:56:29.424618,58.0,3,0.15536933442995826,1,Normal
Saldırı,MeterValues,189.0,121,1138.0033328114057,2026-01-27 00:56:51.424618,22.0,3,-0.034335277996166425,-1,Saldırı
Normal,Heartbeat,51.48450403547777,191,0.0,2026-01-27 00:59:11.424618,140.0,2,0.16339090588460192,1,Normal
Normal,Heartbeat,50.65263688038482,39,0.0,2026-01-27 01:00:56.424618,105.0,2,0.19226540241415063,1,Normal
Normal,Heartbeat,51.211010462822884,182,0.0,2026-01-27 01:04:11.424618,195.0,2,0.15862639169740067,1,Normal
Normal,Heartbeat,51.35776465255422,100,0.0,2026-01-27 01:06:47.424618,156.0,2,0.19578712989410446,1,Normal
Normal,MeterValues,191.3620371778906,161,7.096069333666765,2026-01-27 01:09:08.424618,141.0,3,0.1832665178603884,1,Normal
Normal,StopTransaction,205.3564097712034,86,0.0,2026-01-27 01:09:54.424618,46.0,5,0.10401866310976043,1,Normal
Normal,MeterValues,222.00673018354686,29,54.33004047114266,2026-01-27 01:14:54.424618,300.0,3,0.04107081077986763,1,Normal
Normal,Heartbeat,49.87946542180821,53,0.0,2026-01-27 01:18:14.424618,200.0,2,0.19216807731841845,1,Normal
Normal,Heartbeat,51.2932079920536,148,0.0,2026-01-27 01:22:07.424618,233.0,2,0.1868146303246948,1,Normal
Normal,Authorize,364.76793845414187,117,0.0,2026-01-27 01:26:22.424618,255.0,0,0.0404956423175018,1,Normal
Normal,StopTransaction,296.01666899537554,72,0.0,2026-01-27 01:28:26.424618,124.0,5,0.13233695664152284,1,Normal
Normal,Heartbeat,51.56667980740933,74,0.0,2026-01-27 01:31:40.424618,194.0,2,0.18933838517484586,1,Normal
Saldırı,BootNotification,1866.3401977127853,4748,0.0,2026-01-27 01:31:40.434618,0.01,1,-0.11884928835696573,-1,Saldırı
Saldırı,BootNotification,1770.8480368104717,2415,0.0,2026-01-27 01:31:40.438618,0.004,1,-0.07631260790785133,-1,Saldırı
Normal,BootNotification,400.0529526623392,49,0.0,2026-01-27 01:34:40.438618,180.0,1,0.06865971574745866,1,Normal
Normal,MeterValues,179.3693257586012,42,26.857849651683757,2026-01-27 01:35:06.438618,26.0,3,0.1467952819754899,1,Normal
Normal,Heartbeat,49.35398932586654,66,0.0,2026-01-27 01:35:22.438618,16.0,2,0.1586299424681739,1,Normal
Normal,MeterValues,235.16107316546385,100,31.623057677701205,2026-01-27 01:39:44.438618,262.0,3,0.13216202332750682,1,Normal
Normal,BootNotification,355.19830138691003,132,0.0,2026-01-27 01:40:31.438618,47.0,1,0.10936675784690914,1,Normal
Normal,Heartbeat,51.6976533426109,60,0.0,2026-01-27 01:41:00.438618,29.0,2,0.16814582372034104,1,Normal
Normal,MeterValues,218.33721216134438,67,57.164610043289194,2026-01-27 01:42:20.438618,80.0,3,0.13508181234741384,1,Normal
Saldırı,BootNotification,2323.8987283331417,2138,0.0,2026-01-27 01:42:20.443618,0.005,1,-0.08754849704644119,-1,Saldırı
Normal,MeterValues,181.71624343878605,108,30.410883967196657,2026-01-27 01:44:44.443618,144.0,3,0.17772785423151138,1,Normal
Normal,Heartbeat,51.14584192797873,113,0.0,2026-01-27 01:47:46.443618,182.0,2,0.19693059908875593,1,Normal
Normal,Heartbeat,49.48606665924175,60,0.0,2026-01-27 01:50:10.443618,144.0,2,0.19972936970042882,1,Normal
Normal,StopTransaction,359.502274556932,156,0.0,2026-01-27 01:54:50.443618,280.0,5,0.06163976851078912,1,Normal
Normal,MeterValues,183.93135057984986,186,40.55097674640826,2026-01-27 01:57:22.443618,152.0,3,0.13586280765299996,1,Normal
Normal,MeterValues,217.26934509449342,55,28.8022803901539,2026-01-27 02:00:21.443618,179.0,3,0.16094227473617245,1,Normal
Saldırı,BootNotification,2033.710790785232,4867,0.0,2026-01-27 02:00:21.444618,0.001,1,-0.12327798791236577,-1,Saldırı
Normal,MeterValues,165.9717352867119,23,53.74190814837349,2026-01-27 02:02:01.444618,100.0,3,0.10715568319694824,1,Normal
Normal,Heartbeat,49.137992393912555,196,0.0,2026-01-27 02:04:15.444618,134.0,2,0.15950326667446735,1,Normal
Saldırı,MeterValues,203.0,116,855.7609642626807,2026-01-27 02:04:39.444618,24.0,3,0.006155191573131602,1,Normal
Normal,MeterValues,205.37540220027907,180,2.617050346715515,2026-01-27 02:05:22.444618,43.0,3,0.15770824101636066,1,Normal
Normal,StopTransaction,223.16855063908264,27,0.0,2026-01-27 02:09:17.444618,235.0,5,0.08534725416791711,1,Normal
Normal,StopTransaction,256.7521377998551,76,0.0,2026-01-27 02:13:01.444618,224.0,5,0.11546723187891966,1,Normal
Normal,Heartbeat,49.65854086659654,130,0.0,2026-01-27 02:16:40.444618,219.0,2,0.19199210286178697,1,Normal
Normal,Heartbeat,48.66428213545262,57,0.0,2026-01-27 02:21:14.444618,274.0,2,0.16749576299684732,1,Normal
Normal,MeterValues,202.7132881062047,164,44.99359373750109,2026-01-27 02:23:03.444618,109.0,3,0.1616228919796341,1,Normal
Normal,Heartbeat,50.670797981750056,46,0.0,2026-01-27 02:27:42.444618,279.0,2,0.16523011181912578,1,Normal
Normal,MeterValues,201.22669941580187,189,45.70998709927565,2026-01-27 02:32:13.444618,271.0,3,0.09245478341927504,1,Normal
Normal,Heartbeat,50.17858283839515,76,0.0,2026-01-27 02:33:43.444618,90.0,2,0.19831502934001272,1,Normal
Normal,Heartbeat,51.373245612582835,197,0.0,2026-01-27 02:36:32.444618,169.0,2,0.15196149755845656,1,Normal
Normal,MeterValues,223.29167414140153,89,41.73386379751647,2026-01-27 02:40:50.444618,258.0,3,0.13017965752363148,1,Normal
Normal,Heartbeat,51.722705449886604,96,0.0,2026-01-27 02:42:10.444618,80.0,2,0.18902746033634982,1,Normal
Saldırı,BootNotification,2421.3703095578567,2833,0.0,2026-01-27 02:42:10.445618,0.001,1,-0.10327035590483069,-1,Saldırı
Normal,Heartbeat,48.58546847822693,29,0.0,2026-01-27 02:45:11.445618,181.0,2,0.1695521952076421,1,Normal
Normal,BootNotification,397.89828724044446,28,0.0,2026-01-27 02:49:19.445618,248.0,1,0.04421190935586028,1,Normal
Normal,StartTransaction,264.3117919436498,102,0.0,2026-01-27 02:52:52.445618,213.0,4,0.15913901058733898,1,Normal
Normal,MeterValues,231.4267659755763,24,34.19996359465984,2026-01-27 02:54:12.445618,80.0,3,0.13692594067444297,1,Normal
Normal,BootNotification,261.30871922383915,30,0.0,2026-01-27 02:55:04.445618,52.0,1,0.10727643267182363,1,Normal
Normal,MeterValues,240.54844422731236,34,36.17734031743635,2026-01-27 02:57:49.445618,165.0,3,0.13965584184642127,1,Normal
Normal,StopTransaction,372.2498401100538,120,0.0,2026-01-27 02:58:43.445618,54.0,5,0.09015101976318007,1,Normal
Normal,MeterValues,215.5227264367635,57,59.186012014022886,2026-01-27 02:59:02.445618,19.0,3,0.1086653125129628,1,Normal
Normal,Heartbeat,48.54270560831725,111,0.0,2026-01-27 03:01:14.445618,132.0,2,0.19886577621423018,1,Normal
Normal,StopTransaction,328.0733690752286,184,0.0,2026-01-27 03:03:26.445618,132.0,5,0.10235000440646025,1,Normal
Normal,StopTransaction,319.5798303658333,69,0.0,2026-01-27 03:03:45.445618,19.0,5,0.08834365567299363,1,Normal
Saldırı,MeterValues,234.0,70,1087.0417598117917,2026-01-27 03:04:14.445618,29.0,3,-0.03497565724372065,-1,Saldırı
Normal,MeterValues,163.63032546461824,185,46.68697785027054,2026-01-27 03:07:30.445618,196.0,3,0.10733786177763699,1,Normal
Normal,StartTransaction,203.9096368489094,67,0.0,2026-01-27 03:11:31.445618,241.0,4,0.13722419553605114,1,Normal
Normal,StopTransaction,281.1307707113529,62,0.0,2026-01-27 03:13:45.445618,134.0,5,0.135179852906955,1,Normal
Normal,StartTransaction,264.42102565495384,85,0.0,2026-01-27 03:14:58.445618,73.0,4,0.14441422491316608,1,Normal
Normal,StopTransaction,237.09149978732768,127,0.0,2026-01-27 03:19:00.445618,242.0,5,0.1142189873548986,1,Normal
Normal,Heartbeat,51.77250475785765,43,0.0,2026-01-27 03:22:54.445618,234.0,2,0.16987030802566638,1,Normal
Normal,Authorize,222.0946776282444,196,0.0,2026-01-27 03:27:47.445618,293.0,0,0.00871742453390878,1,Normal
Normal,Heartbeat,49.45257499701973,118,0.0,2026-01-27 03:29:09.445618,82.0,2,0.1936915912620047,1,Normal
Normal,Heartbeat,49.82092310098607,65,0.0,2026-01-27 03:32:13.445618,184.0,2,0.19795960736296297,1,Normal
Normal,BootNotification,251.66026257040508,164,0.0,2026-01-27 03:34:34.445618,141.0,1,0.13700781006891238,1,Normal
Normal,MeterValues,209.1417085773903,30,36.37912272412158,2026-01-27 03:39:11.445618,277.0,3,0.10813383199997506,1,Normal
Normal,MeterValues,165.76556565165552,101,56.1440407131836,2026-01-27 03:41:28.445618,137.0,3,0.1337962986110734,1,Normal
Normal,Authorize,352.53773838663227,35,0.0,2026-01-27 03:41:52.445618,24.0,0,0.022408316602627765,1,Normal
Normal,Heartbeat,50.81582054034569,90,0.0,2026-01-27 03:42:27.445618,35.0,2,0.18721981709370705,1,Normal
Normal,MeterValues,235.77211888870582,92,25.712304833200374,2026-01-27 03:44:54.445618,147.0,3,0.16564417437690238,1,Normal
Normal,Heartbeat,51.79898475044835,77,0.0,2026-01-27 03:49:31.445618,277.0,2,0.16372257225923204,1,Normal
Normal,Heartbeat,48.42764966488915,155,0.0,2026-01-27 03:54:08.445618,277.0,2,0.164495630199827,1,Normal
Normal,MeterValues,178.89907984286074,113,2.1756115969961076,2026-01-27 03:58:16.445618,248.0,3,0.17143503689423012,1,Normal
Normal,MeterValues,210.88222571904282,33,44.45732791361322,2026-01-27 03:59:33.445618,77.0,3,0.13618166811925225,1,Normal
Normal,Heartbeat,49.56916792617676,175,0.0,2026-01-27 04:00:34.445618,61.0,2,0.17457463350018687,1,Normal
Normal,StopTransaction,299.2283119685786,102,0.0,2026-01-27 04:03:32.445618,178.0,5,0.12949359513206926,1,Normal
Saldırı,MeterValues,250.0,116,1030.280880655024,2026-01-27 04:03:42.445618,10.0,3,-0.044713882925336845,-1,Saldırı
Normal,Heartbeat,51.380443146662955,123,0.0,2026-01-27 04:04:48.445618,66.0,2,0.18666570896832407,1,Normal
Saldırı,MeterValues,227.0,149,898.5969639649354,2026-01-27 04:05:15.445618,27.0,3,-0.021977615868708944,-1,Saldırı
Normal,StopTransaction,390.4038777451516,194,0.0,2026-01-27 04:07:48.445618,153.0,5,0.06922668891747752,1,Normal
Normal,Heartbeat,51.66609996864464,149,0.0,2026-01-27 04:12:31.445618,283.0,2,0.16859177845878315,1,Normal
Normal,Heartbeat,48.550159237568366,149,0.0,2026-01-27 04:14:00.445618,89.0,2,0.19298834664497638,1,Normal
Normal,Heartbeat,50.86612335925826,82,0.0,2026-01-27 04:17:16.445618,196.0,2,0.19404368233591607,1,Normal
Normal,Heartbeat,51.4129659487393,126,0.0,2026-01-27 04:21:41.445618,265.0,2,0.17589206141972136,1,Normal
Normal,StartTransaction,356.72572697687565,71,0.0,2026-01-27 04:23:14.445618,93.0,4,0.13085441061301722,1,Normal
Normal,MeterValues,248.69422106907888,81,45.23040899264815,2026-01-27 04:27:53.445618,279.0,3,0.09621456971763309,1,Normal
Normal,BootNotification,315.3175941058159,173,0.0,2026-01-27 04:30:04.445618,131.0,1,0.12025006984283693,1,Normal
Normal,StopTransaction,318.3934448366406,196,0.0,2026-01-27 04:32:58.445618,174.0,5,0.09423005000749907,1,Normal
Normal,Heartbeat,48.881790850312306,153,0.0,2026-01-27 04:33:22.445618,24.0,2,0.17184918261716414,1,Normal
Normal,StartTransaction,371.92916902028514,155,0.0,2026-01-27 04:36:45.445618,203.0,4,0.11711439995371964,1,Normal
Normal,StopTransaction,202.11996098127415,175,0.0,2026-01-27 04:37:38.445618,53.0,5,0.08603515637264725,1,Normal
Normal,StartTransaction,236.17483701659734,165,0.0,2026-01-27 04:39:44.445618,126.0,4,0.15028495666472924,1,Normal
Normal,BootNotification,317.96532776638566,152,0.0,2026-01-27 04:43:39.445618,235.0,1,0.10429715532913797,1,Normal
Normal,Heartbeat,51.84880324608566,179,0.0,2026-01-27 04:45:38.445618,119.0,2,0.1598478481610574,1,Normal
Normal,Heartbeat,49.86633371826271,130,0.0,2026-01-27 04:46:13.445618,35.0,2,0.19176449525431066,1,Normal
Normal,StartTransaction,398.0484827651126,129,0.0,2026-01-27 04:46:31.445618,18.0,4,0.07743673452006716,1,Normal
Normal,MeterValues,221.01489593727453,162,40.330962572503886,2026-01-27 04:48:48.445618,137.0,3,0.16181122957851107,1,Normal
Normal,Heartbeat,48.38578761564856,193,0.0,2026-01-27 04:51:55.445618,187.0,2,0.14720932181802465,1,Normal
Normal,MeterValues,204.48575142939796,30,14.627663521486928,2026-01-27 04:55:44.445618,229.0,3,0.1393914336528443,1,Normal
Normal,MeterValues,243.988079287288,49,48.63452414797806,2026-01-27 04:59:29.445618,225.0,3,0.10478236892281362,1,Normal
Normal,MeterValues,186.524903116515,98,10.541747293038416,2026-01-27 04:59:56.445618,27.0,3,0.16894549762093453,1,Normal
Normal,Heartbeat,49.03963257870095,176,0.0,2026-01-27 05:03:46.445618,230.0,2,0.16566850776903214,1,Normal
Normal,MeterValues,181.79057375446993,107,59.17325808353152,2026-01-27 05:07:54.445618,248.0,3,0.09925540077422623,1,Normal
Normal,BootNotification,319.41117136109074,182,0.0,2026-01-27 05:08:37.445618,43.0,1,0.0977720606359731,1,Normal
Normal,Heartbeat,49.501954500476614,189,0.0,2026-01-27 05:13:16.445618,279.0,2,0.13903290704794435,1,Normal
Normal,Heartbeat,49.196844238434785,64,0.0,2026-01-27 05:16:46.445618,210.0,2,0.19344788253923567,1,Normal
Normal,StartTransaction,273.92949734199925,66,0.0,2026-01-27 05:17:18.445618,32.0,4,0.12076618085659502,1,Normal
Normal,MeterValues,227.364622468812,140,38.61458025842491,2026-01-27 05:21:02.445618,224.0,3,0.1450118208431413,1,Normal
Normal,MeterValues,246.42124699607373,96,30.02459701678403,2026-01-27 05:22:56.445618,114.0,3,0.16266223692797227,1,Normal
Normal,Heartbeat,48.53747866083255,187,0.0,2026-01-27 05:24:04.445618,68.0,2,0.14648710127722075,1,Normal
Normal,MeterValues,163.04908775933458,173,14.088377195504304,2026-01-27 05:29:03.445618,299.0,3,0.09361764384087923,1,Normal
Normal,StartTransaction,221.0018018495351,102,0.0,2026-01-27 05:31:35.445618,152.0,4,0.15262119072015207,1,Normal
Normal,StopTransaction,303.2163381148528,106,0.0,2026-01-27 05:36:17.445618,282.0,5,0.09313254057909215,1,Normal
Normal,BootNotification,380.2641232219094,55,0.0,2026-01-27 05:38:15.445618,118.0,1,0.09446006958612951,1,Normal
Normal,Heartbeat,51.42651728137707,131,0.0,2026-01-27 05:38:30.445618,15.0,2,0.15358132304436906,1,Normal
Normal,Heartbeat,50.98096934836698,52,0.0,2026-01-27 05:38:49.445618,19.0,2,0.16331581002197876,1,Normal
Normal,MeterValues,153.14150548814885,164,22.336321722301744,2026-01-27 05:40:25.445618,96.0,3,0.1524055739151136,1,Normal
Normal,Heartbeat,49.13468033494257,144,0.0,2026-01-27 05:44:24.445618,239.0,2,0.18664351084200892,1,Normal
Normal,BootNotification,319.94505208143454,46,0.0,2026-01-27 05:47:22.445618,178.0,1,0.11427212757206556,1,Normal
Normal,Authorize,351.1542463777904,165,0.0,2026-01-27 05:47:55.445618,33.0,0,0.033828594876197604,1,Normal
Normal,Heartbeat,50.94080756000877,23,0.0,2026-01-27 05:51:03.445618,188.0,2,0.1662662794923871,1,Normal
Normal,MeterValues,244.4400979421037,151,23.293395945564953,2026-01-27 05:51:18.445618,15.0,3,0.14029027430040347,1,Normal
Normal,MeterValues,208.57396905095752,108,19.08254147488039,2026-01-27 05:56:16.445618,298.0,3,0.12359646268175739,1,Normal
Normal,StartTransaction,381.35287943890967,28,0.0,2026-01-27 05:58:22.445618,126.0,4,0.10339846320646606,1,Normal
Normal,Heartbeat,49.472085133515925,68,0.0,2026-01-27 06:02:26.445618,244.0,2,0.18876716393406684,1,Normal
Normal,BootNotification,388.2148841030367,153,0.0,2026-01-27 06:05:42.445618,196.0,1,0.07391973779159533,1,Normal
Normal,MeterValues,206.3903172995304,121,17.836345449757665,2026-01-27 06:07:21.445618,99.0,3,0.18238674967658264,1,Normal
Normal,MeterValues,183.30744195427906,53,16.550292815924198,2026-01-27 06:09:31.445618,130.0,3,0.17706960009917722,1,Normal
Normal,Heartbeat,49.76313335765725,98,0.0,2026-01-27 06:13:26.445618,235.0,2,0.1908745260322392,1,Normal
Normal,Heartbeat,48.424462597321394,188,0.0,2026-01-27 06:14:01.445618,35.0,2,0.14586144528156986,1,Normal
Normal,Authorize,210.69054101741852,70,0.0,2026-01-27 06:15:12.445618,71.0,0,0.0727353967007971,1,Normal
Normal,MeterValues,202.19019925796383,198,5.548503434527314,2026-01-27 06:17:54.445618,162.0,3,0.14656685998408642,1,Normal
Normal,MeterValues,241.53306687964147,184,35.123545038054274,2026-01-27 06:19:22.445618,88.0,3,0.12714878043713468,1,Normal
Normal,MeterValues,208.32475074732184,176,23.67415988786424,2026-01-27 06:21:58.445618,156.0,3,0.15556605422040137,1,Normal
Saldırı,MeterValues,186.0,139,1028.7166743580296,2026-01-27 06:22:47.445618,49.0,3,-0.02110344130293773,-1,Saldırı
Normal,Heartbeat,50.95299885284253,122,0.0,2026-01-27 06:24:23.445618,96.0,2,0.1941200581831793,1,Normal
Normal,StopTransaction,363.7333095332373,68,0.0,2026-01-27 06:29:19.445618,296.0,5,0.05024956337427644,1,Normal
Normal,Heartbeat,50.62506296615627,194,0.0,2026-01-27 06:33:24.445618,245.0,2,0.14560811848798783,1,Normal
Normal,MeterValues,204.87996441458384,199,50.99392425593515,2026-01-27 06:37:40.445618,256.0,3,0.0789710320030671,1,Normal
Normal,Heartbeat,48.98177019342958,31,0.0,2026-01-27 06:39:45.445618,125.0,2,0.18658187657051845,1,Normal
Normal,MeterValues,232.59583174092543,75,47.7745556789564,2026-01-27 06:42:56.445618,191.0,3,0.13838748158818498,1,Normal
Normal,Authorize,397.0683006041955,156,0.0,2026-01-27 06:47:19.445618,263.0,0,0.014056394293273877,1,Normal
Normal,Heartbeat,48.29770045414404,193,0.0,2026-01-27 06:48:55.445618,96.0,2,0.1522844474660609,1,Normal
Saldırı,MeterValues,239.0,88,877.1394140092325,2026-01-27 06:49:44.445618,49.0,3,-0.000960934262073776,-1,Saldırı
Normal,Heartbeat,48.310981799687724,181,0.0,2026-01-27 06:54:02.445618,258.0,2,0.1461214206778787,1,Normal
Normal,Heartbeat,49.431245102293055,45,0.0,2026-01-27 06:57:56.445618,234.0,2,0.18257519452526794,1,Normal
Normal,Heartbeat,49.74964362791506,152,0.0,2026-01-27 07:00:40.445618,164.0,2,0.19015451925711335,1,Normal
Normal,BootNotification,234.12909410429506,146,0.0,2026-01-27 07:01:31.445618,51.0,1,0.12418552417440332,1,Normal
Normal,StopTransaction,263.6211157546484,169,0.0,2026-01-27 07:03:54.445618,143.0,5,0.12412588922575568,1,Normal
Normal,StartTransaction,314.59664155123096,90,0.0,2026-01-27 07:07:52.445618,238.0,4,0.13056202522738808,1,Normal
Normal,MeterValues,169.04982528485618,189,33.675786089468914,2026-01-27 07:10:49.445618,177.0,3,0.12995735285210813,1,Normal
Normal,MeterValues,187.20866328979915,78,23.956390017480857,2026-01-27 07:13:28.445618,159.0,3,0.1639086400679921,1,Normal
Normal,StartTransaction,330.20973414816507,57,0.0,2026-01-27 07:15:12.445618,104.0,4,0.14125073631842905,1,Normal
Normal,Heartbeat,49.15992643409808,199,0.0,2026-01-27 07:16:41.445618,89.0,2,0.14956760990783796,1,Normal
Saldırı,BootNotification,1633.7973477564265,3579,0.0,2026-01-27 07:16:41.447618,0.002,1,-0.09723841667173805,-1,Saldırı
Normal,Heartbeat,51.93539337081154,122,0.0,2026-01-27 07:18:13.447618,92.0,2,0.1825804248910992,1,Normal
Saldırı,MeterValues,226.0,86,1032.5558544095068,2026-01-27 07:18:26.447618,13.0,3,-0.03409437666032611,-1,Saldırı
Normal,StartTransaction,301.57839799412943,93,0.0,2026-01-27 07:21:06.447618,160.0,4,0.14982632212795044,1,Normal
Normal,MeterValues,152.93033076585175,181,24.19567453311313,2026-01-27 07:23:05.447618,119.0,3,0.13716491804159253,1,Normal
Normal,MeterValues,165.24385465014052,51,47.84569511289257,2026-01-27 07:25:38.447618,153.0,3,0.13101685572342425,1,Normal
Normal,BootNotification,396.910045491002,134,0.0,2026-01-27 07:26:11.447618,33.0,1,0.08195612728562196,1,Normal
Normal,MeterValues,231.07511163306822,95,52.90743726662973,2026-01-27 07:27:11.447618,60.0,3,0.14379089123627325,1,Normal
Normal,MeterValues,180.2752561453229,198,41.955059657049084,2026-01-27 07:28:23.447618,72.0,3,0.10803875193926915,1,Normal
Normal,BootNotification,202.3381883731233,128,0.0,2026-01-27 07:33:12.447618,289.0,1,0.10149988099052093,1,Normal
Normal,Heartbeat,48.796006402221565,138,0.0,2026-01-27 07:37:42.447618,270.0,2,0.17484423153041645,1,Normal
Normal,MeterValues,218.7152865160777,160,6.84005381606214,2026-01-27 07:38:18.447618,36.0,3,0.17558937495602073,1,Normal
Normal,MeterValues,239.11610200839326,189,52.051462930970395,2026-01-27 07:42:50.447618,272.0,3,0.069352853200221,1,Normal
Normal,Heartbeat,48.214508054101415,158,0.0,2026-01-27 07:47:01.447618,251.0,2,0.1729917581775583,1,Normal
Normal,Heartbeat,50.11688988303863,55,0.0,2026-01-27 07:47:49.447618,48.0,2,0.19019974812945378,1,Normal
Normal,Authorize,311.5796309423255,110,0.0,2026-01-27 07:50:16.447618,147.0,0,0.0780018413518806,1,Normal
Normal,Heartbeat,48.81172779833608,53,0.0,2026-01-27 07:52:45.447618,149.0,2,0.19306541446601094,1,Normal
Normal,MeterValues,168.10653496433036,54,34.760891391915166,2026-01-27 07:55:39.447618,174.0,3,0.15625402567667368,1,Normal
Normal,Heartbeat,50.77039118146233,29,0.0,2026-01-27 07:58:53.447618,194.0,2,0.17197544147754185,1,Normal
Saldırı,MeterValues,199.0,111,1148.4790646931824,2026-01-27 07:59:34.447618,41.0,3,-0.034621768237865114,-1,Saldırı
Normal,StopTransaction,385.88907018032023,117,0.0,2026-01-27 08:00:05.447618,31.0,5,0.06842267552264225,1,Normal
Normal,MeterValues,227.32525076822682,140,47.32465487330066,2026-01-27 08:02:08.447618,123.0,3,0.1599414474232681,1,Normal
Normal,Heartbeat,51.357186390870645,26,0.0,2026-01-27 08:03:38.447618,90.0,2,0.17754061909596458,1,Normal
Normal,StartTransaction,294.52919376995754,182,0.0,2026-01-27 08:06:58.447618,200.0,4,0.13085579817266463,1,Normal
Normal,Heartbeat,50.27428051934212,50,0.0,2026-01-27 08:09:35.447618,157.0,2,0.19186600072316423,1,Normal
Normal,Heartbeat,50.591770786462156,73,0.0,2026-01-27 08:09:46.447618,11.0,2,0.15910222164419557,1,Normal
Normal,MeterValues,157.25019105533528,81,45.98150864786953,2026-01-27 08:10:36.447618,50.0,3,0.14599451144894177,1,Normal
Normal,Heartbeat,48.97256064311092,76,0.0,2026-01-27 08:14:50.447618,254.0,2,0.18100282898624032,1,Normal
Normal,MeterValues,230.08553410217584,100,17.896064821888277,2026-01-27 08:19:07.447618,257.0,3,0.14772840214576732,1,Normal
Normal,Heartbeat,50.335875171428675,138,0.0,2026-01-27 08:21:56.447618,169.0,2,0.19511317079092816,1,Normal
Normal,Authorize,331.4424080627139,90,0.0,2026-01-27 08:25:11.447618,195.0,0,0.06195963632331736,1,Normal
Normal,StartTransaction,274.20886696084165,158,0.0,2026-01-27 08:28:39.447618,208.0,4,0.14186106299726786,1,Normal
Normal,StartTransaction,258.4659594601415,130,0.0,2026-01-27 08:30:31.447618,112.0,4,0.16072877615411135,1,Normal
Normal,BootNotification,332.8073652009055,76,0.0,2026-01-27 08:32:58.447618,147.0,1,0.1277958174117131,1,Normal
Normal,Heartbeat,49.39339609806902,165,0.0,2026-01-27 08:36:12.447618,194.0,2,0.18405791133828103,1,Normal
Normal,Heartbeat,48.535900890838974,140,0.0,2026-01-27 08:40:21.447618,249.0,2,0.18058784543415618,1,Normal
Normal,MeterValues,216.20116798379354,136,16.729417862103787,2026-01-27 08:41:13.447618,52.0,3,0.1776286815477408,1,Normal
Normal,Heartbeat,51.98549149145682,140,0.0,2026-01-27 08:46:04.447618,291.0,2,0.1567383114681506,1,Normal
Normal,Heartbeat,49.338867347705694,126,0.0,2026-01-27 08:47:50.447618,106.0,2,0.19464293263517013,1,Normal
Saldırı,BootNotification,2162.125023113495,4436,0.0,2026-01-27 08:47:50.451618,0.004,1,-0.10596298164490803,-1,Saldırı
Normal,MeterValues,203.38080527040762,133,53.24701995046631,2026-01-27 08:48:06.451618,16.0,3,0.13062472075777315,1,Normal
Normal,Authorize,316.13495804966976,83,0.0,2026-01-27 08:51:57.451618,231.0,0,0.0570837425060976,1,Normal
Normal,Heartbeat,48.9854787516645,198,0.0,2026-01-27 08:52:57.451618,60.0,2,0.1390413216793039,1,Normal
Normal,StopTransaction,223.80984046833893,69,0.0,2026-01-27 08:55:23.451618,146.0,5,0.12120597646891984,1,Normal
Normal,MeterValues,200.73916308981075,102,42.644321416134524,2026-01-27 08:58:46.451618,203.0,3,0.15371915813043618,1,Normal
Normal,Authorize,332.67830527591957,162,0.0,2026-01-27 09:02:58.451618,252.0,0,0.04667402007343824,1,Normal
Normal,StopTransaction,298.9121009172118,182,0.0,2026-01-27 09:03:34.451618,36.0,5,0.08831285787587129,1,Normal
Normal,Heartbeat,49.48716501248178,100,0.0,2026-01-27 09:04:42.451618,68.0,2,0.19603658446848804,1,Normal
Normal,Authorize,232.11469820819698,57,0.0,2026-01-27 09:07:06.451618,144.0,0,0.07659214181384366,1,Normal
Normal,Heartbeat,49.4108305301676,186,0.0,2026-01-27 09:09:59.451618,173.0,2,0.16302352538935921,1,Normal
Normal,StopTransaction,246.73807027950406,166,0.0,2026-01-27 09:12:29.451618,150.0,5,0.12067325304877524,1,Normal
Normal,MeterValues,202.1109789640838,90,23.694872289136576,2026-01-27 09:15:07.451618,158.0,3,0.16435286766389323,1,Normal
Normal,StartTransaction,293.55086689241347,78,0.0,2026-01-27 09:18:34.451618,207.0,4,0.14770623459050208,1,Normal
Normal,MeterValues,175.0925415412308,103,1.3625888860032376,2026-01-27 09:19:58.451618,84.0,3,0.1887867956878047,1,Normal
Normal,Heartbeat,49.746531235021436,71,0.0,2026-01-27 09:22:57.451618,179.0,2,0.19628447243838026,1,Normal
Normal,Heartbeat,50.312914249079434,102,0.0,2026-01-27 09:24:54.451618,117.0,2,0.2004537169721365,1,Normal
Normal,Heartbeat,51.59663848208759,33,0.0,2026-01-27 09:27:28.451618,154.0,2,0.17640295825474045,1,Normal
Normal,Heartbeat,48.8070287601107,36,0.0,2026-01-27 09:31:49.451618,261.0,2,0.16671376412402128,1,Normal
Normal,StopTransaction,331.9615242877581,105,0.0,2026-01-27 09:32:58.451618,69.0,5,0.12317366417693548,1,Normal
Normal,StopTransaction,233.58728347110207,74,0.0,2026-01-27 09:35:39.451618,161.0,5,0.1247009820039115,1,Normal
Normal,MeterValues,242.37192562733364,24,30.14390985797464,2026-01-27 09:38:25.451618,166.0,3,0.13263529197928275,1,Normal
Normal,Heartbeat,51.006175668010926,137,0.0,2026-01-27 09:40:23.451618,118.0,2,0.1985749117640287,1,Normal
Normal,MeterValues,233.99990089013932,49,20.544396747061427,2026-01-27 09:43:55.451618,212.0,3,0.15189012557566023,1,Normal
Normal,Heartbeat,49.69515464928983,74,0.0,2026-01-27 09:46:32.451618,157.0,2,0.1945263159484814,1,Normal
Normal,MeterValues,249.0166321647842,39,54.410393077774785,2026-01-27 09:47:40.451618,68.0,3,0.108921820313364,1,Normal
Normal,Heartbeat,49.13727227136973,23,0.0,2026-01-27 09:50:36.451618,176.0,2,0.16542244488263708,1,Normal
Normal,MeterValues,154.05536856773693,33,1.6033349256194884,2026-01-27 09:53:38.451618,182.0,3,0.15344865212384545,1,Normal
Normal,StopTransaction,324.8704763419401,89,0.0,2026-01-27 09:56:36.451618,178.0,5,0.11162443932605648,1,Normal
Normal,Heartbeat,51.48485452039252,60,0.0,2026-01-27 09:58:10.451618,94.0,2,0.19799516248549393,1,Normal
Normal,Heartbeat,51.9123149582423,92,0.0,2026-01-27 10:02:27.451618,257.0,2,0.1714161867385628,1,Normal
Normal,Heartbeat,49.4167114537444,110,0.0,2026-01-27 10:03:26.451618,59.0,2,0.1937892749562466,1,Normal
Normal,MeterValues,233.9052567487396,26,37.799122451255705,2026-01-27 10:04:07.451618,41.0,3,0.1234995377717405,1,Normal
Normal,Heartbeat,50.24440928829067,109,0.0,2026-01-27 10:07:12.451618,185.0,2,0.1988451600628411,1,Normal
Normal,BootNotification,222.07056661720688,77,0.0,2026-01-27 10:11:23.451618,251.0,1,0.11679663340738028,1,Normal
Normal,MeterValues,229.46131486304674,91,4.539670936178162,2026-01-27 10:14:21.451618,178.0,3,0.175139111665655,1,Normal
Normal,Heartbeat,48.66921064076133,46,0.0,2026-01-27 10:19:19.451618,298.0,2,0.1388231379704175,1,Normal
Normal,StopTransaction,303.24116909345935,193,0.0,2026-01-27 10:19:35.451618,16.0,5,0.06450968921844802,1,Normal
Normal,StartTransaction,351.2432934664417,99,0.0,2026-01-27 10:22:46.451618,191.0,4,0.129089043462426,1,Normal
Normal,MeterValues,198.91891157435202,174,24.16877000089983,2026-01-27 10:22:56.451618,10.0,3,0.12713218228145834,1,Normal
Saldırı,MeterValues,167.0,88,851.1435757998088,2026-01-27 10:23:53.451618,57.0,3,-0.006128699419540862,-1,Saldırı
Normal,BootNotification,388.31205821505006,84,0.0,2026-01-27 10:28:24.451618,271.0,1,0.058448498792660786,1,Normal
Normal,MeterValues,223.89216895826473,108,15.438940934074981,2026-01-27 10:31:27.451618,183.0,3,0.17774100152380745,1,Normal
Normal,MeterValues,182.1455996162855,167,6.577109384696529,2026-01-27 10:34:25.451618,178.0,3,0.1627105617993016,1,Normal
Normal,Heartbeat,49.50005582454824,105,0.0,2026-01-27 10:36:02.451618,97.0,2,0.20172650299199157,1,Normal
Normal,StopTransaction,385.0687801487323,143,0.0,2026-01-27 10:37:13.451618,71.0,5,0.08756825134941126,1,Normal
Normal,Heartbeat,49.19880984789221,104,0.0,2026-01-27 10:37:23.451618,10.0,2,0.15925733528147412,1,Normal
Normal,MeterValues,195.15933517813673,43,5.880830813405837,2026-01-27 10:37:41.451618,18.0,3,0.14774559007859633,1,Normal
Normal,BootNotification,245.55039732627822,162,0.0,2026-01-27 10:42:04.451618,263.0,1,0.11104665969719413,1,Normal
Normal,Heartbeat,49.24814624470397,199,0.0,2026-01-27 10:45:27.451618,203.0,2,0.14356982796592543,1,Normal
Normal,StopTransaction,323.90767571662496,172,0.0,2026-01-27 10:49:41.451618,254.0,5,0.07913952633953913,1,Normal
Normal,Heartbeat,49.49476564573422,43,0.0,2026-01-27 10:54:38.451618,297.0,2,0.1451727707315762,1,Normal
Normal,StartTransaction,389.20607134216533,51,0.0,2026-01-27 10:57:55.451618,197.0,4,0.09823754738348145,1,Normal
Normal,Authorize,285.2417398622093,148,0.0,2026-01-27 11:02:01.451618,246.0,0,0.06288554636961707,1,Normal
Normal,Heartbeat,48.59754572510805,159,0.0,2026-01-27 11:05:41.451618,220.0,2,0.17723870472566583,1,Normal
Normal,MeterValues,185.83523453745406,74,37.126102112219705,2026-01-27 11:07:48.451618,127.0,3,0.16864447747342987,1,Normal
Normal,MeterValues,245.8063464909891,155,38.28358791735074,2026-01-27 11:11:57.451618,249.0,3,0.12628675256335142,1,Normal
Saldırı,MeterValues,169.0,54,907.6705460798499,2026-01-27 11:12:14.451618,17.0,3,-0.01649857778706043,-1,Saldırı
Normal,Heartbeat,49.4477381231474,116,0.0,2026-01-27 11:15:02.451618,168.0,2,0.1960957499738662,1,Normal
Normal,Heartbeat,49.757960811697934,126,0.0,2026-01-27 11:19:15.451618,253.0,2,0.18597266817619723,1,Normal
Normal,Heartbeat,48.91265283471081,39,0.0,2026-01-27 11:22:15.451618,180.0,2,0.18656106056401794,1,Normal
Normal,MeterValues,184.96423098983104,71,56.076592231661046,2026-01-27 11:25:01.451618,166.0,3,0.12984966627855565,1,Normal
Normal,MeterValues,159.75697600411556,68,4.352424038559786,2026-01-27 11:28:21.451618,200.0,3,0.16188270748730005,1,Normal
Normal,MeterValues,247.78258462631928,65,33.510979384844255,2026-01-27 11:29:17.451618,56.0,3,0.15048481645341633,1,Normal
Normal,BootNotification,256.2631827770241,22,0.0,2026-01-27 11:33:12.451618,235.0,1,0.08735208421434537,1,Normal
Normal,Heartbeat,49.85819455650015,40,0.0,2026-01-27 11:37:49.451618,277.0,2,0.16815035707489967,1,Normal
Normal,MeterValues,153.9576729220441,152,56.164788772127274,2026-01-27 11:41:15.451618,206.0,3,0.09976221470471569,1,Normal
Normal,MeterValues,208.0582144795475,97,18.057837798206506,2026-01-27 11:42:40.451618,85.0,3,0.17938187170781322,1,Normal
Normal,StopTransaction,355.3490524971679,89,0.0,2026-01-27 11:47:34.451618,294.0,5,0.05961990878337431,1,Normal
Normal,StopTransaction,261.56475202951316,109,0.0,2026-01-27 11:50:53.451618,199.0,5,0.13082607843706756,1,Normal
Normal,MeterValues,228.60490111576664,184,21.003361646178675,2026-01-27 11:54:58.451618,245.0,3,0.12819129954933367,1,Normal
Normal,MeterValues,174.11412621951294,42,12.602804599969682,2026-01-27 11:57:49.451618,171.0,3,0.16146084185567522,1,Normal
Normal,Heartbeat,49.69564561838059,161,0.0,2026-01-27 12:01:39.451618,230.0,2,0.18590360328445033,1,Normal
Normal,Authorize,291.74130258423617,78,0.0,2026-01-27 12:06:26.451618,287.0,0,0.03542090535120146,1,Normal
Normal,MeterValues,205.83955854758403,180,43.66935806398552,2026-01-27 12:09:41.451618,195.0,3,0.12916632825251834,1,Normal
Normal,StopTransaction,330.4347420910028,106,0.0,2026-01-27 12:13:21.451618,220.0,5,0.11786900146137902,1,Normal
Normal,Heartbeat,50.47069794235083,151,0.0,2026-01-27 12:13:49.451618,28.0,2,0.17864431974622463,1,Normal
Normal,MeterValues,242.01821924223964,147,12.118019203304652,2026-01-27 12:17:25.451618,216.0,3,0.1600611775139713,1,Normal
Normal,Heartbeat,50.080256643675924,37,0.0,2026-01-27 12:21:34.451618,249.0,2,0.17354659284039747,1,Normal
Normal,StartTransaction,387.26596659727664,76,0.0,2026-01-27 12:26:23.451618,289.0,4,0.08191294819647621,1,Normal
Normal,MeterValues,155.6619217794563,155,59.08367283065471,2026-01-27 12:27:41.451618,78.0,3,0.11904072402057447,1,Normal
Normal,Authorize,281.10979626418117,118,0.0,2026-01-27 12:29:44.451618,123.0,0,0.07726810266611095,1,Normal
Normal,MeterValues,221.09537686900174,106,38.04876073059119,2026-01-27 12:29:59.451618,15.0,3,0.14718735767238578,1,Normal
Normal,Heartbeat,49.73282207269162,103,0.0,2026-01-27 12:31:57.451618,118.0,2,0.2024549164878811,1,Normal
Normal,StartTransaction,281.3453568573913,123,0.0,2026-01-27 12:35:06.451618,189.0,4,0.148466995028399,1,Normal
Normal,MeterValues,235.02259727369233,108,5.882107919890762,2026-01-27 12:35:37.451618,31.0,3,0.17273126022547958,1,Normal
Normal,StartTransaction,307.56361324715454,41,0.0,2026-01-27 12:39:36.451618,239.0,4,0.12251572074061895,1,Normal
Normal,MeterValues,192.86568384639162,170,5.520318515387617,2026-01-27 12:42:59.451618,203.0,3,0.16361913545036733,1,Normal
Normal,Heartbeat,51.18261330431256,120,0.0,2026-01-27 12:45:43.451618,164.0,2,0.19476822836521024,1,Normal
Normal,MeterValues,179.78760623786266,29,10.128867431962217,2026-01-27 12:47:20.451618,97.0,3,0.15320149919863013,1,Normal
Normal,StopTransaction,394.7781465402976,133,0.0,2026-01-27 12:51:02.451618,222.0,5,0.07980605767935256,1,Normal
Normal,MeterValues,186.6179980263005,53,45.653465328599026,2026-01-27 12:55:31.451618,269.0,3,0.10880059140893533,1,Normal
Saldırı,BootNotification,1518.1732529322146,3088,0.0,2026-01-27 12:55:31.456618,0.005,1,-0.073168323708376,-1,Saldırı
Normal,Heartbeat,50.18400210515982,88,0.0,2026-01-27 12:58:49.456618,198.0,2,0.19341635328407497,1,Normal
Saldırı,BootNotification,2398.6213444824402,2725,0.0,2026-01-27 12:58:49.462618,0.006,1,-0.10086564901828055,-1,Saldırı
Normal,Heartbeat,49.23482343467064,68,0.0,2026-01-27 13:01:55.462618,186.0,2,0.19505014833349493,1,Normal
Normal,MeterValues,204.37014567248517,77,50.06075996399819,2026-01-27 13:04:34.462618,159.0,3,0.14542238714707667,1,Normal
Normal,Authorize,315.3291297950214,177,0.0,2026-01-27 13:09:23.462618,289.0,0,0.015264432551586271,1,Normal
Normal,Heartbeat,51.64121890884572,162,0.0,2026-01-27 13:12:09.462618,166.0,2,0.1842797085201221,1,Normal
Saldırı,MeterValues,187.0,50,1110.9009462463137,2026-01-27 13:12:52.462618,43.0,3,-0.03688784926741051,-1,Saldırı
Normal,StartTransaction,321.99387393329255,31,0.0,2026-01-27 13:14:02.462618,70.0,4,0.12650612334978167,1,Normal
Normal,MeterValues,228.36753988429172,71,3.5825697692040293,2026-01-27 13:14:42.462618,40.0,3,0.17226347043626278,1,Normal
Normal,Heartbeat,51.484905129908064,100,0.0,2026-01-27 13:17:00.462618,138.0,2,0.20303127488011902,1,Normal
Normal,MeterValues,215.57414959362688,84,47.82741779042193,2026-01-27 13:18:08.462618,68.0,3,0.15514396407222403,1,Normal
Normal,MeterValues,160.85822883520407,111,2.229988100069513,2026-01-27 13:20:21.462618,133.0,3,0.1848382166096374,1,Normal
Normal,StopTransaction,366.9758982197147,144,0.0,2026-01-27 13:22:21.462618,120.0,5,0.10538184587367572,1,Normal
Normal,StopTransaction,362.5774421603446,37,0.0,2026-01-27 13:23:13.462618,52.0,5,0.08598779157355874,1,Normal
Normal,StartTransaction,332.56845011664035,20,0.0,2026-01-27 13:27:20.462618,247.0,4,0.08971525491599175,1,Normal
Normal,MeterValues,241.50521448982394,122,55.293504157166176,2026-01-27 13:27:56.462618,36.0,3,0.13108559122329866,1,Normal
Normal,BootNotification,383.02717390219914,142,0.0,2026-01-27 13:32:48.462618,292.0,1,0.058643957108155065,1,Normal
Normal,MeterValues,221.6487193634905,142,39.55188921199988,2026-01-27 13:34:17.462618,89.0,3,0.17147694009302933,1,Normal
Normal,BootNotification,255.34803810679284,152,0.0,2026-01-27 13:36:39.462618,142.0,1,0.13578200991070954,1,Normal
Normal,StopTransaction,288.56043581372745,115,0.0,2026-01-27 13:37:09.462618,30.0,5,0.10589066249748313,1,Normal
Normal,Heartbeat,51.19800000800155,22,0.0,2026-01-27 13:39:42.462618,153.0,2,0.1676489492167273,1,Normal
Normal,Heartbeat,50.3784808782817,164,0.0,2026-01-27 13:44:37.462618,295.0,2,0.14851835604761915,1,Normal
Normal,Heartbeat,51.12231629370956,190,0.0,2026-01-27 13:46:41.462618,124.0,2,0.16662596745593633,1,Normal
Normal,Heartbeat,51.63890305965989,34,0.0,2026-01-27 13:49:21.462618,160.0,2,0.1773781510313195,1,Normal
Normal,Heartbeat,49.64493405593251,166,0.0,2026-01-27 13:52:06.462618,165.0,2,0.1871073414338757,1,Normal
Normal,Heartbeat,50.272406173879,83,0.0,2026-01-27 13:54:40.462618,154.0,2,0.19497480711299492,1,Normal
Normal,Heartbeat,49.58042942062372,102,0.0,2026-01-27 13:58:37.462618,237.0,2,0.19125906771770912,1,Normal
Normal,StopTransaction,358.5508068711304,175,0.0,2026-01-27 14:00:54.462618,137.0,5,0.09979011328690418,1,Normal
Normal,BootNotification,381.55145043905463,65,0.0,2026-01-27 14:04:17.462618,203.0,1,0.08102926255100606,1,Normal
Normal,BootNotification,364.8746313048523,54,0.0,2026-01-27 14:05:50.462618,93.0,1,0.09988139130044321,1,Normal
Normal,Heartbeat,50.804475323090855,47,0.0,2026-01-27 14:09:32.462618,222.0,2,0.18203388772820794,1,Normal
Normal,StartTransaction,365.2638464698884,173,0.0,2026-01-27 14:14:13.462618,281.0,4,0.08770159137454436,1,Normal
Normal,StartTransaction,243.2179394447372,131,0.0,2026-01-27 14:16:18.462618,125.0,4,0.15882098882734286,1,Normal
Normal,StartTransaction,291.5605668598,170,0.0,2026-01-27 14:17:31.462618,73.0,4,0.13824260947101058,1,Normal
Normal,BootNotification,366.2188240965261,86,0.0,2026-01-27 14:20:42.462618,191.0,1,0.1046107185790115,1,Normal
Normal,MeterValues,163.2948682159456,51,3.448854191304489,2026-01-27 14:24:51.462618,249.0,3,0.14978110184343885,1,Normal
Normal,Heartbeat,51.94198666606509,146,0.0,2026-01-27 14:26:13.462618,82.0,2,0.1792709375962263,1,Normal
Normal,StartTransaction,243.6440787819073,54,0.0,2026-01-27 14:30:30.462618,257.0,4,0.13219569210237475,1,Normal
Normal,Heartbeat,48.76967992157366,68,0.0,2026-01-27 14:32:04.462618,94.0,2,0.1900563840818103,1,Normal
Normal,MeterValues,183.75011693886202,58,17.60495442931753,2026-01-27 14:34:32.462618,148.0,3,0.17209242897305183,1,Normal
Normal,StartTransaction,391.2870868543956,113,0.0,2026-01-27 14:38:43.462618,251.0,4,0.09947359113622412,1,Normal
Normal,Heartbeat,48.1440689574646,161,0.0,2026-01-27 14:43:17.462618,274.0,2,0.16368734724614536,1,Normal
Normal,Heartbeat,49.202545562941516,58,0.0,2026-01-27 14:45:52.462618,155.0,2,0.19631622249513297,1,Normal
Normal,MeterValues,178.79445018355142,84,57.00233010037885,2026-01-27 14:49:17.462618,205.0,3,0.11312801445177512,1,Normal
Normal,StopTransaction,378.5919422084655,59,0.0,2026-01-27 14:52:48.462618,211.0,5,0.08563556186587007,1,Normal
Normal,MeterValues,182.5033230597834,62,12.362649509004576,2026-01-27 14:56:26.462618,218.0,3,0.1636089334211625,1,Normal
Normal,BootNotification,209.98867510176012,146,0.0,2026-01-27 14:59:01.462618,155.0,1,0.12787856743164588,1,Normal
Normal,MeterValues,192.02447936732995,71,8.898380440535934,2026-01-27 15:03:35.462618,274.0,3,0.13923318572523458,1,Normal
Normal,Heartbeat,49.01123102237517,48,0.0,2026-01-27 15:07:54.462618,259.0,2,0.17140716731691402,1,Normal
Normal,MeterValues,228.13894734944782,28,11.04209177343999,2026-01-27 15:11:36.462618,222.0,3,0.14284226522312876,1,Normal
Normal,Heartbeat,49.171824977835456,152,0.0,2026-01-27 15:11:50.462618,14.0,2,0.15463980861267423,1,Normal
Normal,Heartbeat,48.594620332883366,49,0.0,2026-01-27 15:16:35.462618,285.0,2,0.15823119041915645,1,Normal
Normal,Heartbeat,49.98642182759616,66,0.0,2026-01-27 15:18:51.462618,136.0,2,0.20251252770819428,1,Normal
Normal,MeterValues,241.94454618807563,80,56.790302621857215,2026-01-27 15:21:50.462618,179.0,3,0.12362197431521738,1,Normal
Saldırı,BootNotification,2430.879816489766,2431,0.0,2026-01-27 15:21:50.467618,0.005,1,-0.09677070885825179,-1,Saldırı
Normal,Heartbeat,51.90175974772917,66,0.0,2026-01-27 15:26:13.467618,263.0,2,0.1653095057255357,1,Normal
Saldırı,BootNotification,2132.2869402713945,3618,0.0,2026-01-27 15:26:13.469618,0.002,1,-0.0942245744309963,-1,Saldırı
Normal,Heartbeat,50.081780803780205,194,0.0,2026-01-27 15:29:09.469618,176.0,2,0.15700496260371688,1,Normal
Normal,Heartbeat,48.81120400286818,144,0.0,2026-01-27 15:32:43.469618,214.0,2,0.1860850829877893,1,Normal
Normal,Heartbeat,50.88332828604628,67,0.0,2026-01-27 15:36:28.469618,225.0,2,0.18736316463605152,1,Normal
Normal,Heartbeat,50.956880439582186,131,0.0,2026-01-27 15:39:00.469618,152.0,2,0.1900473818396129,1,Normal
Normal,MeterValues,223.310601745306,181,34.53668651104181,2026-01-27 15:39:30.469618,30.0,3,0.13047948841424123,1,Normal
Normal,Heartbeat,48.384046923527386,80,0.0,2026-01-27 15:42:18.469618,168.0,2,0.1958082762104753,1,Normal
Normal,Heartbeat,49.4492931830727,199,0.0,2026-01-27 15:45:32.469618,194.0,2,0.14443481907194672,1,Normal
Normal,StartTransaction,327.00589860281485,44,0.0,2026-01-27 15:48:26.469618,174.0,4,0.13815890721288787,1,Normal
Normal,MeterValues,187.11953757908339,187,21.03593013873608,2026-01-27 15:53:12.469618,286.0,3,0.10511053341175508,1,Normal
Normal,StopTransaction,315.1793455071175,170,0.0,2026-01-27 15:55:57.469618,165.0,5,0.11217163946844871,1,Normal
Normal,BootNotification,284.0073473094071,177,0.0,2026-01-27 15:59:06.469618,189.0,1,0.10664855925830041,1,Normal
Normal,MeterValues,195.2962981192544,34,23.29345182068709,2026-01-27 16:00:54.469618,108.0,3,0.15845454802818698,1,Normal
Normal,MeterValues,224.53332922036324,76,43.57985155588193,2026-01-27 16:01:38.469618,44.0,3,0.14826925870451607,1,Normal
Normal,MeterValues,237.59776388430785,23,51.470626405467165,2026-01-27 16:05:43.469618,245.0,3,0.07688794971932367,1,Normal
Normal,Heartbeat,50.84459727474304,123,0.0,2026-01-27 16:06:01.469618,18.0,2,0.1630093732220636,1,Normal
Saldırı,BootNotification,1737.4390982055436,2631,0.0,2026-01-27 16:06:01.476618,0.007,1,-0.07962703096345247,-1,Saldırı
Normal,Heartbeat,50.437441653204054,165,0.0,2026-01-27 16:08:03.476618,122.0,2,0.19174999318279368,1,Normal
Normal,Heartbeat,49.593830571708196,62,0.0,2026-01-27 16:12:58.476618,295.0,2,0.15528416012899765,1,Normal
Normal,StopTransaction,358.89315998366345,136,0.0,2026-01-27 16:17:57.476618,299.0,5,0.04887277902427256,1,Normal
Normal,BootNotification,204.77571590687828,174,0.0,2026-01-27 16:18:32.476618,35.0,1,0.1148702567864765,1,Normal
Normal,Heartbeat,50.72080571633093,87,0.0,2026-01-27 16:20:30.476618,118.0,2,0.19598847430038607,1,Normal
Normal,StartTransaction,253.9531964970142,188,0.0,2026-01-27 16:25:20.476618,290.0,4,0.1000298249421141,1,Normal
Normal,Heartbeat,50.64021057656918,101,0.0,2026-01-27 16:27:46.476618,146.0,2,0.19899228874451863,1,Normal
Normal,MeterValues,236.8036303291076,73,48.44911300419555,2026-01-27 16:30:53.476618,187.0,3,0.13538563386074476,1,Normal
Normal,Heartbeat,48.4403310697948,23,0.0,2026-01-27 16:32:51.476618,118.0,2,0.170197759193553,1,Normal
Normal,Heartbeat,48.6883882745874,61,0.0,2026-01-27 16:33:39.476618,48.0,2,0.1840357665190943,1,Normal
Normal,MeterValues,178.76031496870365,66,26.834888677374366,2026-01-27 16:34:24.476618,45.0,3,0.16290125095014746,1,Normal
Normal,Heartbeat,51.65604409550016,71,0.0,2026-01-27 16:38:14.476618,230.0,2,0.18248295716055296,1,Normal
Normal,Heartbeat,50.52006647719678,159,0.0,2026-01-27 16:39:41.476618,87.0,2,0.19385858953273527,1,Normal
Normal,MeterValues,228.89628148390403,69,15.421097304892058,2026-01-27 16:40:38.476618,57.0,3,0.16880761449970755,1,Normal
Normal,Heartbeat,50.28160527526881,74,0.0,2026-01-27 16:40:49.476618,11.0,2,0.15739255336476715,1,Normal
Normal,StopTransaction,235.42131246863715,57,0.0,2026-01-27 16:43:59.476618,190.0,5,0.1147900722069426,1,Normal
Normal,StartTransaction,344.9438353271849,195,0.0,2026-01-27 16:47:55.476618,236.0,4,0.09978434736200897,1,Normal
Normal,MeterValues,192.4551172705623,110,10.727532127118094,2026-01-27 16:48:37.476618,42.0,3,0.17626512684498397,1,Normal
Normal,StartTransaction,315.69583956171687,133,0.0,2026-01-27 16:49:00.476618,23.0,4,0.11843851434748592,1,Normal
Normal,StopTransaction,329.7555840074394,129,0.0,2026-01-27 16:50:58.476618,118.0,5,0.12569856688958503,1,Normal
Normal,Heartbeat,49.082775970118604,29,0.0,2026-01-27 16:54:18.476618,200.0,2,0.16973149191182735,1,Normal
Normal,MeterValues,158.41856383270485,31,11.712941516146117,2026-01-27 16:58:37.476618,259.0,3,0.12452154941759797,1,Normal
Normal,Heartbeat,51.606248319163676,120,0.0,2026-01-27 17:00:15.476618,98.0,2,0.18700832238240905,1,Normal
Normal,Heartbeat,50.335521053885195,191,0.0,2026-01-27 17:02:44.476618,149.0,2,0.16348723782442126,1,Normal
Saldırı,BootNotification,1538.2713008891762,3680,0.0,2026-01-27 17:02:44.481618,0.005,1,-0.08615485499978981,-1,Saldırı
Normal,Authorize,339.37901325303255,104,0.0,2026-01-27 17:06:51.481618,247.0,0,0.04377042557496369,1,Normal
Saldırı,BootNotification,2050.4589081857716,4734,0.0,2026-01-27 17:06:51.487618,0.006,1,-0.11398729658344964,-1,Saldırı
Normal,MeterValues,192.18986272668678,174,3.270129516848166,2026-01-27 17:09:39.487618,168.0,3,0.17368606625846472,1,Normal
Saldırı,BootNotification,2499.43454019018,4466,0.0,2026-01-27 17:09:39.496618,0.009,1,-0.13045467557019907,-1,Saldırı
Normal,Heartbeat,49.841576435439755,118,0.0,2026-01-27 17:13:24.496618,225.0,2,0.18842932013325048,1,Normal
Saldırı,BootNotification,2388.755154570792,3483,0.0,2026-01-27 17:13:24.501618,0.005,1,-0.09666174119008641,-1,Saldırı
Normal,Heartbeat,48.02269609892333,51,0.0,2026-01-27 17:15:33.501618,129.0,2,0.18702093399162856,1,Normal
Normal,Heartbeat,50.643989745138306,102,0.0,2026-01-27 17:18:12.501618,159.0,2,0.1978023765159418,1,Normal
Normal,Heartbeat,49.09741248434196,149,0.0,2026-01-27 17:22:43.501618,271.0,2,0.17754958170965535,1,Normal
Normal,StartTransaction,299.8840315582631,91,0.0,2026-01-27 17:24:24.501618,101.0,4,0.15077999536275793,1,Normal
Normal,StartTransaction,291.2928628039298,80,0.0,2026-01-27 17:26:16.501618,112.0,4,0.15200541393894745,1,Normal
Normal,Authorize,278.2004509365376,101,0.0,2026-01-27 17:26:39.501618,23.0,0,0.05135620574046862,1,Normal
Normal,MeterValues,211.63279403401648,77,46.70958047645076,2026-01-27 17:29:28.501618,169.0,3,0.1471929418173885,1,Normal
Normal,MeterValues,204.32135785038298,44,55.76106534874672,2026-01-27 17:33:23.501618,235.0,3,0.09980354838868888,1,Normal
Normal,MeterValues,180.87278212978828,180,42.7129786637872,2026-01-27 17:36:24.501618,181.0,3,0.1327602017847459,1,Normal
Normal,StartTransaction,330.09503947959445,195,0.0,2026-01-27 17:40:39.501618,255.0,4,0.09747675404745143,1,Normal
Normal,MeterValues,246.73131323262058,42,52.63405372490333,2026-01-27 17:44:23.501618,224.0,3,0.09323838412233121,1,Normal
Normal,StopTransaction,269.61214029737556,25,0.0,2026-01-27 17:48:38.501618,255.0,5,0.0852234319410905,1,Normal
Normal,StopTransaction,358.56887289367927,134,0.0,2026-01-27 17:51:08.501618,150.0,5,0.10988718354956878,1,Normal
Normal,Heartbeat,49.95886982469347,162,0.0,2026-01-27 17:52:40.501618,92.0,2,0.19463728257213814,1,Normal
Normal,Heartbeat,48.80987069125968,139,0.0,2026-01-27 17:53:20.501618,40.0,2,0.18587627867714557,1,Normal
Normal,MeterValues,224.47383297347847,152,31.56607126635629,2026-01-27 17:56:33.501618,193.0,3,0.15781663963825648,1,Normal
Normal,Heartbeat,48.750701130002504,146,0.0,2026-01-27 17:59:59.501618,206.0,2,0.18530368173474882,1,Normal
Normal,StopTransaction,292.54119026322974,136,0.0,2026-01-27 18:01:15.501618,76.0,5,0.12411762170612106,1,Normal
Normal,MeterValues,238.47194034523613,177,13.91614896126848,2026-01-27 18:03:28.501618,133.0,3,0.15690259193628675,1,Normal
Saldırı,MeterValues,243.0,130,1065.514024628566,2026-01-27 18:04:07.501618,39.0,3,-0.03220421984633082,-1,Saldırı
Normal,StopTransaction,256.8684854923949,81,0.0,2026-01-27 18:07:42.501618,215.0,5,0.1207545823854243,1,Normal
Normal,MeterValues,180.07216999268488,132,10.724887197046,2026-01-27 18:10:55.501618,193.0,3,0.172377962950434,1,Normal
Normal,MeterValues,154.39563176720543,164,4.9899713591804336,2026-01-27 18:11:11.501618,16.0,3,0.13900594293144714,1,Normal
Normal,StopTransaction,300.4206728865514,156,0.0,2026-01-27 18:15:35.501618,264.0,5,0.08960117411306567,1,Normal
Normal,StartTransaction,352.646794883117,83,0.0,2026-01-27 18:17:35.501618,120.0,4,0.13235534218605777,1,Normal
Normal,MeterValues,187.34536867202905,69,10.00470085984878,2026-01-27 18:21:48.501618,253.0,3,0.15294606850053472,1,Normal
Normal,Heartbeat,51.58403858209957,191,0.0,2026-01-27 18:24:47.501618,179.0,2,0.15215368373457255,1,Normal
Normal,Heartbeat,49.50740386327235,150,0.0,2026-01-27 18:27:10.501618,143.0,2,0.19406949222217235,1,Normal
Normal,StopTransaction,301.40569258056235,96,0.0,2026-01-27 18:27:34.501618,24.0,5,0.09534634887095039,1,Normal
Normal,MeterValues,166.17677543814682,93,29.106119651966832,2026-01-27 18:30:50.501618,196.0,3,0.16138182385579752,1,Normal
Normal,Heartbeat,50.43989772200902,68,0.0,2026-01-27 18:31:57.501618,67.0,2,0.19444335749799846,1,Normal
Normal,Heartbeat,48.079397189779684,148,0.0,2026-01-27 18:32:56.501618,59.0,2,0.17659221227508715,1,Normal
Normal,BootNotification,312.273291877883,40,0.0,2026-01-27 18:37:54.501618,298.0,1,0.06011685150703672,1,Normal
Normal,Heartbeat,50.668296149301945,71,0.0,2026-01-27 18:41:59.501618,245.0,2,0.18592636854977512,1,Normal
Normal,Authorize,244.03405089616635,155,0.0,2026-01-27 18:46:40.501618,281.0,0,0.050484106982333854,1,Normal
Normal,StartTransaction,304.07636337398344,135,0.0,2026-01-27 18:47:47.501618,67.0,4,0.14169950463448727,1,Normal
Normal,Heartbeat,48.52903759316086,121,0.0,2026-01-27 18:51:02.501618,195.0,2,0.1884917941706229,1,Normal
Normal,StopTransaction,396.85715200019723,148,0.0,2026-01-27 18:51:41.501618,39.0,5,0.06002331173885256,1,Normal
Saldırı,BootNotification,2399.689925999592,4578,0.0,2026-01-27 18:51:41.505618,0.004,1,-0.12240577924541163,-1,Saldırı
Normal,StopTransaction,325.31972437922565,69,0.0,2026-01-27 18:52:01.505618,20.0,5,0.0883712564423278,1,Normal
Normal,Heartbeat,50.296738380785754,184,0.0,2026-01-27 18:56:09.505618,248.0,2,0.1515054908091487,1,Normal
Normal,Authorize,346.83600944788134,75,0.0,2026-01-27 18:56:37.505618,28.0,0,0.0406879936941964,1,Normal
Normal,MeterValues,166.101420245829,142,20.199628975077573,2026-01-27 18:57:17.505618,40.0,3,0.1540672206935073,1,Normal
Normal,Heartbeat,50.528778169104584,140,0.0,2026-01-27 19:02:14.505618,297.0,2,0.15258452915660797,1,Normal
Normal,Heartbeat,51.27182647299737,91,0.0,2026-01-27 19:06:02.505618,228.0,2,0.19005661312455108,1,Normal
Normal,StartTransaction,336.65370201862953,79,0.0,2026-01-27 19:06:56.505618,54.0,4,0.13268583274915713,1,Normal
Normal,MeterValues,180.8761127466269,137,26.55728486429755,2026-01-27 19:11:10.505618,254.0,3,0.15678466770510607,1,Normal
Normal,Heartbeat,50.06221534881726,70,0.0,2026-01-27 19:14:26.505618,196.0,2,0.19523424571241,1,Normal
Normal,BootNotification,241.04602072106076,24,0.0,2026-01-27 19:19:10.505618,284.0,1,0.07535229536892885,1,Normal
Normal,MeterValues,235.83681060455132,81,14.516559259869283,2026-01-27 19:21:14.505618,124.0,3,0.17324218304429162,1,Normal
Normal,Heartbeat,48.92038137915151,25,0.0,2026-01-27 19:23:47.505618,153.0,2,0.16961288957370313,1,Normal
Normal,StopTransaction,251.90333958089346,23,0.0,2026-01-27 19:24:02.505618,15.0,5,0.06178717261955502,1,Normal
Normal,MeterValues,212.05481952467375,67,42.370754213383584,2026-01-27 19:28:28.505618,266.0,3,0.11632750184439705,1,Normal
Normal,Heartbeat,50.783144023494664,77,0.0,2026-01-27 19:31:52.505618,204.0,2,0.19257518150369685,1,Normal
Normal,MeterValues,199.45052146748998,71,25.631986257758403,2026-01-27 19:34:56.505618,184.0,3,0.15999569918542772,1,Normal
Normal,StopTransaction,285.2470159088043,158,0.0,2026-01-27 19:35:30.505618,34.0,5,0.09459620628220322,1,Normal
Saldırı,MeterValues,180.0,141,1059.4177782422116,2026-01-27 19:36:13.505618,43.0,3,-0.03276793837109715,-1,Saldırı
Normal,StopTransaction,315.4490516652328,122,0.0,2026-01-27 19:36:35.505618,22.0,5,0.09276364017873673,1,Normal
Saldırı,MeterValues,207.0,120,1088.0842269967136,2026-01-27 19:36:53.505618,18.0,3,-0.031321322567674836,-1,Saldırı
Normal,Heartbeat,50.37800090626875,150,0.0,2026-01-27 19:37:07.505618,14.0,2,0.15491593623275085,1,Normal
Normal,Heartbeat,48.21468075047213,23,0.0,2026-01-27 19:41:36.505618,269.0,2,0.1416724363098943,1,Normal
Normal,Heartbeat,49.63123686773849,129,0.0,2026-01-27 19:46:34.505618,298.0,2,0.15089162551863144,1,Normal
Normal,MeterValues,237.0543074743842,116,34.368226544600816,2026-01-27 19:50:12.505618,218.0,3,0.14632539815798812,1,Normal
Normal,MeterValues,189.27829437755065,89,1.1769781041880134,2026-01-27 19:54:39.505618,267.0,3,0.1532363748503076,1,Normal
Normal,StartTransaction,297.3544942357369,151,0.0,2026-01-27 19:58:46.505618,247.0,4,0.13571796417583626,1,Normal
Normal,Heartbeat,50.12144765842275,32,0.0,2026-01-27 20:00:27.505618,101.0,2,0.18293192824907928,1,Normal
Normal,Heartbeat,49.24860055069057,64,0.0,2026-01-27 20:01:26.505618,59.0,2,0.19148902279405233,1,Normal
Normal,Heartbeat,50.610492193317214,22,0.0,2026-01-27 20:01:50.505618,24.0,2,0.14295244479323838,1,Normal
Normal,StopTransaction,397.9337548104777,144,0.0,2026-01-27 20:04:14.505618,144.0,5,0.08512857363303517,1,Normal
Normal,MeterValues,219.16054502361308,84,24.736804045598696,2026-01-27 20:06:13.505618,119.0,3,0.1739625969947332,1,Normal
Normal,StartTransaction,235.07844786769374,40,0.0,2026-01-27 20:11:11.505618,298.0,4,0.09829615675566611,1,Normal
Normal,Heartbeat,49.478696329439785,191,0.0,2026-01-27 20:13:37.505618,146.0,2,0.16156670810923196,1,Normal
Normal,Heartbeat,48.01896237893237,93,0.0,2026-01-27 20:14:07.505618,30.0,2,0.17308872779308748,1,Normal
Normal,StartTransaction,226.8484981414186,32,0.0,2026-01-27 20:18:49.505618,282.0,4,0.115745942910288,1,Normal
Normal,Heartbeat,48.698995354003024,161,0.0,2026-01-27 20:20:33.505618,104.0,2,0.18512656762379642,1,Normal
Normal,Heartbeat,50.13602300238115,92,0.0,2026-01-27 20:23:56.505618,203.0,2,0.1949859518977115,1,Normal
Normal,Heartbeat,48.71768280576323,145,0.0,2026-01-27 20:26:05.505618,129.0,2,0.19202091127123377,1,Normal
Normal,Heartbeat,50.08837570306615,22,0.0,2026-01-27 20:30:22.505618,257.0,2,0.15398496736386746,1,Normal
Normal,MeterValues,230.89357712169274,112,13.361094543364905,2026-01-27 20:33:41.505618,199.0,3,0.1726188978296168,1,Normal
Normal,StopTransaction,376.9797000029243,170,0.0,2026-01-27 20:36:58.505618,197.0,5,0.07808047875121815,1,Normal
Normal,StartTransaction,297.23614153116,67,0.0,2026-01-27 20:41:02.505618,244.0,4,0.12803957945881267,1,Normal
Saldırı,BootNotification,1806.8992413012868,3690,0.0,2026-01-27 20:41:02.510618,0.005,1,-0.08755009019681892,-1,Saldırı
Normal,Authorize,239.10568304355547,106,0.0,2026-01-27 20:45:03.510618,241.0,0,0.07024864354169069,1,Normal
Saldırı,BootNotification,2215.8800483232326,4097,0.0,2026-01-27 20:45:03.514618,0.004,1,-0.10217214120894669,-1,Saldırı
Normal,BootNotification,231.03581632584866,158,0.0,2026-01-27 20:48:35.514618,212.0,1,0.11274499032473628,1,Normal
Normal,StopTransaction,296.78572851661664,183,0.0,2026-01-27 20:52:59.514618,264.0,5,0.08153758334736416,1,Normal
Normal,MeterValues,173.80774649808933,152,3.0049442022789252,2026-01-27 20:54:14.514618,75.0,3,0.18112668832807427,1,Normal
Saldırı,BootNotification,1536.7699662012278,2916,0.0,2026-01-27 20:54:14.520618,0.006,1,-0.07589154871884363,-1,Saldırı
Normal,MeterValues,219.7033455733864,59,32.33963256009322,2026-01-27 20:56:10.520618,116.0,3,0.17069796088722694,1,Normal
Normal,Heartbeat,51.43128936549655,107,0.0,2026-01-27 20:57:37.520618,87.0,2,0.19807505180448526,1,Normal
Normal,StartTransaction,358.5276621640898,197,0.0,2026-01-27 21:00:13.520618,156.0,4,0.1026206151975605,1,Normal
Saldırı,BootNotification,1847.7894500182329,3508,0.0,2026-01-27 21:00:13.525618,0.005,1,-0.08625922438309674,-1,Saldırı
Normal,StopTransaction,299.978382186826,180,0.0,2026-01-27 21:03:34.525618,201.0,5,0.10451771322292575,1,Normal
Normal,MeterValues,203.64300583051204,144,49.65474351570905,2026-01-27 21:06:56.525618,202.0,3,0.14020861880333513,1,Normal
Normal,Heartbeat,48.4777326331302,76,0.0,2026-01-27 21:09:27.525618,151.0,2,0.18996250491232913,1,Normal
Normal,Heartbeat,51.792342741550236,190,0.0,2026-01-27 21:12:12.525618,165.0,2,0.15201522445415339,1,Normal
Normal,MeterValues,166.26944100440272,128,40.68646633118698,2026-01-27 21:13:34.525618,82.0,3,0.15979484008593864,1,Normal
Normal,MeterValues,237.3904260737545,176,52.16128520546362,2026-01-27 21:17:29.525618,235.0,3,0.09523368572199997,1,Normal
Normal,BootNotification,319.29326685179325,165,0.0,2026-01-27 21:18:52.525618,83.0,1,0.11441201478374025,1,Normal
Normal,Heartbeat,49.18013868751398,53,0.0,2026-01-27 21:20:40.525618,108.0,2,0.19849119178712799,1,Normal
Normal,Heartbeat,51.39589303104112,35,0.0,2026-01-27 21:24:38.525618,238.0,2,0.17438571569373074,1,Normal
Normal,Heartbeat,49.48980078997917,120,0.0,2026-01-27 21:24:54.525618,16.0,2,0.1602126680389176,1,Normal
Normal,MeterValues,174.80425089798015,56,51.5512674314468,2026-01-27 21:29:37.525618,283.0,3,0.08548422015678547,1,Normal
Normal,MeterValues,249.2821006140373,161,5.871812172151552,2026-01-27 21:32:59.525618,202.0,3,0.15678290586972665,1,Normal
Normal,Heartbeat,48.97451858986441,47,0.0,2026-01-27 21:35:35.525618,156.0,2,0.19096665156008147,1,Normal
Normal,MeterValues,175.19503508314932,113,50.49935325703836,2026-01-27 21:39:13.525618,218.0,3,0.14478405886223072,1,Normal
Normal,MeterValues,211.9791306652585,109,11.441311802709745,2026-01-27 21:42:32.525618,199.0,3,0.17867544241018424,1,Normal
Normal,StartTransaction,258.899258788793,158,0.0,2026-01-27 21:43:09.525618,37.0,4,0.1285898786846834,1,Normal
Normal,Heartbeat,49.53684167032181,67,0.0,2026-01-27 21:46:48.525618,219.0,2,0.19367754402742793,1,Normal
Saldırı,MeterValues,180.0,68,1172.3963471957331,2026-01-27 21:47:46.525618,58.0,3,-0.04539899669210912,-1,Saldırı
Normal,StartTransaction,200.45063650839032,148,0.0,2026-01-27 21:50:07.525618,141.0,4,0.14920815836865192,1,Normal
Normal,BootNotification,228.72685105639198,104,0.0,2026-01-27 21:53:56.525618,229.0,1,0.11980579781822459,1,Normal
Normal,MeterValues,176.2059415633062,131,53.455011904862715,2026-01-27 21:54:19.525618,23.0,3,0.13592354254941863,1,Normal
Saldırı,BootNotification,2013.3392426619669,2375,0.0,2026-01-27 21:54:19.532618,0.007,1,-0.08431174968254951,-1,Saldırı
Normal,StartTransaction,381.8149932835043,167,0.0,2026-01-27 21:58:39.532618,260.0,4,0.09465750479069224,1,Normal
Normal,MeterValues,246.67649457516023,71,36.144397452878756,2026-01-27 21:59:18.532618,39.0,3,0.1412284336831392,1,Normal
Normal,Heartbeat,50.69715297785387,71,0.0,2026-01-27 22:00:40.532618,82.0,2,0.19517213681092194,1,Normal
Normal,StartTransaction,204.2199049309668,110,0.0,2026-01-27 22:03:08.532618,148.0,4,0.15362378001260768,1,Normal
Normal,MeterValues,157.2694363152166,95,41.05805273110127,2026-01-27 22:04:40.532618,92.0,3,0.15599961675868412,1,Normal
Normal,StartTransaction,263.4654488805242,52,0.0,2026-01-27 22:08:00.532618,200.0,4,0.14320191716894964,1,Normal
Normal,Heartbeat,49.52216529164552,113,0.0,2026-01-27 22:12:27.532618,267.0,2,0.1831617601093547,1,Normal
Normal,Heartbeat,48.41930475494743,92,0.0,2026-01-27 22:16:51.532618,264.0,2,0.173548865504435,1,Normal
Normal,StartTransaction,252.27534820413194,42,0.0,2026-01-27 22:19:02.532618,131.0,4,0.1575403659986785,1,Normal
Normal,Heartbeat,48.82830354954258,56,0.0,2026-01-27 22:21:05.532618,123.0,2,0.19601330209907075,1,Normal
Normal,Authorize,344.41050655889876,142,0.0,2026-01-27 22:23:50.532618,165.0,0,0.05823245367207652,1,Normal
Normal,StopTransaction,248.81330409951923,92,0.0,2026-01-27 22:24:36.532618,46.0,5,0.10298825698072939,1,Normal
Saldırı,BootNotification,2366.6739885908532,2604,0.0,2026-01-27 22:24:36.539618,0.007,1,-0.09958941447272374,-1,Saldırı
Normal,MeterValues,214.02665306852546,79,36.416448561414086,2026-01-27 22:25:53.539618,77.0,3,0.16127327888966259,1,Normal
Normal,Heartbeat,49.85315933949905,131,0.0,2026-01-27 22:27:17.539618,84.0,2,0.19882708879488364,1,Normal
Normal,StartTransaction,252.92408714049736,98,0.0,2026-01-27 22:31:51.539618,274.0,4,0.13652179071937354,1,Normal
Normal,StartTransaction,307.12600877444544,25,0.0,2026-01-27 22:34:22.539618,151.0,4,0.11912866342671607,1,Normal
Normal,StartTransaction,201.14546743133374,60,0.0,2026-01-27 22:37:52.539618,210.0,4,0.1453265714755418,1,Normal
Normal,StartTransaction,236.06534931882265,115,0.0,2026-01-27 22:39:01.539618,69.0,4,0.14803462933067563,1,Normal
Normal,MeterValues,234.8733472857938,31,10.426903382514233,2026-01-27 22:42:04.539618,183.0,3,0.15665062014995607,1,Normal
Normal,MeterValues,165.79238246775256,140,28.028147670667845,2026-01-27 22:43:23.539618,79.0,3,0.16875702917149898,1,Normal
Normal,MeterValues,177.1665310741436,128,5.776989982648562,2026-01-27 22:44:13.539618,50.0,3,0.1812625443524004,1,Normal
Normal,MeterValues,205.81511399853682,79,34.96534152493624,2026-01-27 22:47:13.539618,180.0,3,0.15937866547909718,1,Normal
Normal,Heartbeat,51.56453994744622,115,0.0,2026-01-27 22:50:54.539618,221.0,2,0.18635161049227766,1,Normal
Normal,StopTransaction,366.73054529472427,72,0.0,2026-01-27 22:51:45.539618,51.0,5,0.09219970258579147,1,Normal
Normal,MeterValues,177.0701573016559,88,59.48911044066272,2026-01-27 22:54:21.539618,156.0,3,0.11754119763137644,1,Normal
Normal,Authorize,343.1375229550312,68,0.0,2026-01-27 22:55:03.539618,42.0,0,0.05417127113326159,1,Normal
Normal,MeterValues,186.9812478119447,35,50.59963004456583,2026-01-27 22:58:43.539618,220.0,3,0.10929107702880553,1,Normal
Normal,StopTransaction,232.73637835555772,147,0.0,2026-01-27 23:00:19.539618,96.0,5,0.1221425462325142,1,Normal
Normal,MeterValues,198.299885423349,142,43.44850892147584,2026-01-27 23:05:13.539618,294.0,3,0.1075287782405398,1,Normal
Normal,MeterValues,173.97209068498134,42,30.388226942265103,2026-01-27 23:08:14.539618,181.0,3,0.15323259270673045,1,Normal
Normal,BootNotification,227.15621663303384,188,0.0,2026-01-27 23:08:48.539618,34.0,1,0.10042239231369193,1,Normal
Normal,BootNotification,250.90336849484785,69,0.0,2026-01-27 23:12:22.539618,214.0,1,0.11846176726669211,1,Normal
Normal,Heartbeat,50.10921545817371,53,0.0,2026-01-27 23:15:03.539618,161.0,2,0.1956950179820472,1,Normal
Normal,Heartbeat,51.10535016700557,137,0.0,2026-01-27 23:18:03.539618,180.0,2,0.19120476917041873,1,Normal
Normal,Heartbeat,51.19567070289926,122,0.0,2026-01-27 23:19:31.539618,88.0,2,0.1930829431474218,1,Normal
Normal,StopTransaction,325.6322099900204,130,0.0,2026-01-27 23:23:36.539618,245.0,5,0.10418722035843586,1,Normal
Normal,StopTransaction,359.4952421303542,102,0.0,2026-01-27 23:23:51.539618,15.0,5,0.0772040576547014,1,Normal
Normal,MeterValues,197.38687790891888,160,5.188476001660982,2026-01-27 23:24:17.539618,26.0,3,0.17090906000452938,1,Normal
Normal,Authorize,268.24021524166193,167,0.0,2026-01-27 23:27:14.539618,177.0,0,0.061945749286767104,1,Normal
Normal,BootNotification,392.79502426601465,137,0.0,2026-01-27 23:32:07.539618,293.0,1,0.050065170309266493,1,Normal
Normal,Heartbeat,51.268977780117424,135,0.0,2026-01-27 23:35:43.539618,216.0,2,0.18877107478625138,1,Normal
Normal,Heartbeat,50.62300228907057,56,0.0,2026-01-27 23:36:40.539618,57.0,2,0.18893663087759388,1,Normal
Normal,StopTransaction,208.77318044403796,38,0.0,2026-01-27 23:36:58.539618,18.0,5,0.08192850710151167,1,Normal
Normal,StartTransaction,272.0249493591663,69,0.0,2026-01-27 23:39:58.539618,180.0,4,0.1431147014980617,1,Normal
Normal,MeterValues,242.06244452726312,179,24.37101379119867,2026-01-27 23:41:59.539618,121.0,3,0.142846501625776,1,Normal
Normal,MeterValues,168.82622189284453,92,27.26388923724995,2026-01-27 23:43:10.539618,71.0,3,0.1655508047063245,1,Normal
Normal,StopTransaction,352.82282327068316,99,0.0,2026-01-27 23:47:29.539618,259.0,5,0.08949092961275873,1,Normal
Normal,StartTransaction,231.2122224666245,36,0.0,2026-01-27 23:52:07.539618,278.0,4,0.1217757937804978,1,Normal
Normal,MeterValues,195.27803522765922,176,14.157721484361721,2026-01-27 23:56:26.539618,259.0,3,0.13454880849502254,1,Normal
Normal,MeterValues,161.6328010475956,97,27.227518916330112,2026-01-28 00:00:07.539618,221.0,3,0.15217636467399154,1,Normal
Normal,StartTransaction,314.9911354454705,104,0.0,2026-01-28 00:02:38.539618,151.0,4,0.14864127612137618,1,Normal
Normal,Heartbeat,49.95265392951651,187,0.0,2026-01-28 00:05:45.539618,187.0,2,0.15978728536868092,1,Normal
Normal,Heartbeat,51.75011740892093,90,0.0,2026-01-28 00:08:40.539618,175.0,2,0.18267313066558655,1,Normal
Normal,Heartbeat,49.68187622445477,35,0.0,2026-01-28 00:09:35.539618,55.0,2,0.18030424635732067,1,Normal
Normal,Authorize,324.9661194913663,63,0.0,2026-01-28 00:13:01.539618,206.0,0,0.05977877898720063,1,Normal
Normal,StopTransaction,390.78996798716423,115,0.0,2026-01-28 00:17:24.539618,263.0,5,0.06113499881080808,1,Normal
Normal,MeterValues,151.30277966127116,194,51.98315774709289,2026-01-28 00:18:23.539618,59.0,3,0.08534403245090827,1,Normal
Normal,Heartbeat,50.86126399996712,124,0.0,2026-01-28 00:18:45.539618,22.0,2,0.1734391203515256,1,Normal
Normal,MeterValues,246.49180742589826,152,59.08067324341457,2026-01-28 00:21:29.539618,164.0,3,0.11344422374656715,1,Normal
Normal,StartTransaction,382.33356614606424,108,0.0,2026-01-28 00:25:04.539618,215.0,4,0.12204607367513726,1,Normal
Normal,Heartbeat,51.28492974533722,53,0.0,2026-01-28 00:29:00.539618,236.0,2,0.18189708324661386,1,Normal
Normal,StartTransaction,230.6785479308721,191,0.0,2026-01-28 00:32:13.539618,193.0,4,0.12237847027984872,1,Normal
Normal,MeterValues,154.22583744658272,22,38.909976484560325,2026-01-28 00:35:34.539618,201.0,3,0.1138296320610005,1,Normal
Saldırı,MeterValues,176.0,102,1088.3574572290725,2026-01-28 00:36:17.539618,43.0,3,-0.023272874167121205,-1,Saldırı
Normal,StopTransaction,202.7631253918418,157,0.0,2026-01-28 00:40:39.539618,262.0,5,0.09150417995749605,1,Normal
Normal,Heartbeat,48.930170125084146,150,0.0,2026-01-28 00:42:11.539618,92.0,2,0.19593108310360058,1,Normal
Normal,Heartbeat,51.544344279532815,116,0.0,2026-01-28 00:43:27.539618,76.0,2,0.18534058738324044,1,Normal
Normal,StartTransaction,291.41349447218386,127,0.0,2026-01-28 00:44:52.539618,85.0,4,0.15083194528419686,1,Normal
Normal,StartTransaction,257.86901337422347,122,0.0,2026-01-28 00:47:17.539618,145.0,4,0.16034705432761986,1,Normal
Normal,Heartbeat,49.60165528597392,23,0.0,2026-01-28 00:47:38.539618,21.0,2,0.1454235791547177,1,Normal
Normal,Heartbeat,49.66802080400351,110,0.0,2026-01-28 00:51:17.539618,219.0,2,0.19643753850123602,1,Normal
Normal,Heartbeat,48.48146756526846,171,0.0,2026-01-28 00:52:35.539618,78.0,2,0.17817067434439265,1,Normal
Normal,MeterValues,176.14946286063463,71,7.577163994820841,2026-01-28 00:56:15.539618,220.0,3,0.1628506948245808,1,Normal
Normal,MeterValues,181.76930032297528,23,24.342685651052683,2026-01-28 00:56:45.539618,30.0,3,0.1327678028056482,1,Normal
Normal,Heartbeat,49.364967434348316,37,0.0,2026-01-28 00:58:14.539618,89.0,2,0.1908670884778244,1,Normal
Normal,MeterValues,188.93000782986326,115,18.106604671069213,2026-01-28 00:58:53.539618,39.0,3,0.17642901526727406,1,Normal
Normal,MeterValues,187.94647145484998,194,56.70594032686206,2026-01-28 01:03:36.539618,283.0,3,0.04868712754958826,1,Normal
Normal,MeterValues,226.40768299586935,51,15.999174423964075,2026-01-28 01:06:30.539618,174.0,3,0.16647760197353223,1,Normal
Normal,Heartbeat,50.130082621112315,122,0.0,2026-01-28 01:10:53.539618,263.0,2,0.1804683307910051,1,Normal
Normal,MeterValues,209.04068022766967,141,33.000235011741765,2026-01-28 01:12:54.539618,121.0,3,0.17512853407335366,1,Normal
Saldırı,BootNotification,1970.4244603113475,2495,0.0,2026-01-28 01:12:54.543618,0.004,1,-0.0727756989473739,-1,Saldırı
Normal,Authorize,250.45798034907207,72,0.0,2026-01-28 01:13:30.543618,36.0,0,0.06761647459174946,1,Normal
Normal,Authorize,348.3791616260787,39,0.0,2026-01-28 01:15:45.543618,135.0,0,0.04998710221392422,1,Normal
Saldırı,BootNotification,1760.891489801617,4390,0.0,2026-01-28 01:15:45.551618,0.008,1,-0.10961577766172204,-1,Saldırı
Normal,Heartbeat,49.64939840831455,112,0.0,2026-01-28 01:20:36.551618,291.0,2,0.16918312488020848,1,Normal
Normal,Authorize,221.4943366294158,162,0.0,2026-01-28 01:23:03.551618,147.0,0,0.074603354818368,1,Normal
Normal,StartTransaction,288.98146106739136,110,0.0,2026-01-28 01:27:14.551618,251.0,4,0.13959542963568633,1,Normal
Saldırı,MeterValues,232.0,97,1120.944749058181,2026-01-28 01:27:34.551618,20.0,3,-0.048360378928841374,-1,Saldırı
Normal,Heartbeat,50.991220033617964,62,0.0,2026-01-28 01:27:49.551618,15.0,2,0.16075454476597956,1,Normal
Normal,MeterValues,153.09733579630824,138,32.85257730272106,2026-01-28 01:31:29.551618,220.0,3,0.1424478433811303,1,Normal
Normal,Heartbeat,49.82887275530378,150,0.0,2026-01-28 01:36:13.551618,284.0,2,0.17430044623294166,1,Normal
Saldırı,MeterValues,201.0,88,886.7776262301599,2026-01-28 01:36:43.551618,30.0,3,0.004569701615699029,1,Normal
Normal,Heartbeat,50.96561742970337,179,0.0,2026-01-28 01:37:41.551618,58.0,2,0.1621220914440022,1,Normal
Normal,StartTransaction,282.85926255797324,197,0.0,2026-01-28 01:40:53.551618,192.0,4,0.11659869255777106,1,Normal
Normal,Heartbeat,50.685167356472434,99,0.0,2026-01-28 01:41:26.551618,33.0,2,0.18337918314004298,1,Normal
Normal,StopTransaction,323.79371550556937,90,0.0,2026-01-28 01:44:51.551618,205.0,5,0.11653675204920239,1,Normal
Normal,Heartbeat,49.80444281121949,130,0.0,2026-01-28 01:47:15.551618,144.0,2,0.19763439966556046,1,Normal
Normal,MeterValues,160.50048638979092,48,39.536881562159074,2026-01-28 01:51:00.551618,225.0,3,0.12586650306460667,1,Normal
Normal,Heartbeat,49.41422485343566,194,0.0,2026-01-28 01:54:48.551618,228.0,2,0.14538991966002812,1,Normal
Normal,MeterValues,195.35861526552821,110,33.519005852984805,2026-01-28 01:58:03.551618,195.0,3,0.16843112646075753,1,Normal
Normal,MeterValues,206.31232340631445,139,23.813875343633505,2026-01-28 02:01:38.551618,215.0,3,0.16073055699750866,1,Normal
Normal,StartTransaction,335.587513250405,137,0.0,2026-01-28 02:03:37.551618,119.0,4,0.1416481391892968,1,Normal
Normal,Heartbeat,48.482616530742845,46,0.0,2026-01-28 02:07:54.551618,257.0,2,0.166882981361905,1,Normal
Normal,MeterValues,163.71856324205515,130,31.661408928376183,2026-01-28 02:08:15.551618,21.0,3,0.14737801710301018,1,Normal
Normal,MeterValues,155.1244970633786,138,34.162684766032456,2026-01-28 02:09:18.551618,63.0,3,0.15545042307104007,1,Normal
Normal,MeterValues,249.3089723677243,59,25.631746792356836,2026-01-28 02:12:55.551618,217.0,3,0.13347376631506902,1,Normal
Normal,BootNotification,228.16012766070043,198,0.0,2026-01-28 02:17:42.551618,287.0,1,0.06737541046315865,1,Normal
Normal,Heartbeat,49.231748193223986,197,0.0,2026-01-28 02:19:21.551618,99.0,2,0.1506841137406637,1,Normal
Normal,StopTransaction,275.7664466584438,140,0.0,2026-01-28 02:23:57.551618,276.0,5,0.09979117676369564,1,Normal
Saldırı,BootNotification,1936.6469895397524,2560,0.0,2026-01-28 02:23:57.556618,0.005,1,-0.08302648087601217,-1,Saldırı
Saldırı,MeterValues,208.0,57,1201.4551617485051,2026-01-28 02:24:42.556618,45.0,3,-0.04930223328648009,-1,Saldırı
Normal,BootNotification,233.3214424132047,127,0.0,2026-01-28 02:29:35.556618,293.0,1,0.10107521347685361,1,Normal
Normal,Heartbeat,51.12340059243517,76,0.0,2026-01-28 02:31:26.556618,111.0,2,0.20044125438056243,1,Normal
Normal,MeterValues,200.71897817139018,62,9.279103782498632,2026-01-28 02:32:22.556618,56.0,3,0.17519848986373415,1,Normal
Normal,Heartbeat,48.831947655212964,85,0.0,2026-01-28 02:36:10.556618,228.0,2,0.18769655190420348,1,Normal
Normal,Authorize,284.23756866883264,39,0.0,2026-01-28 02:39:48.556618,218.0,0,0.05569526398935587,1,Normal
Saldırı,BootNotification,2164.6988603887203,4459,0.0,2026-01-28 02:39:48.563618,0.007,1,-0.11189715141231071,-1,Saldırı
Normal,StartTransaction,393.260668639348,92,0.0,2026-01-28 02:43:26.563618,218.0,4,0.1111638508475778,1,Normal
Normal,StartTransaction,338.49432537496995,121,0.0,2026-01-28 02:48:05.563618,279.0,4,0.1168363516967883,1,Normal
Normal,Heartbeat,49.234814237769704,74,0.0,2026-01-28 02:49:02.563618,57.0,2,0.18929090048466796,1,Normal
Normal,MeterValues,240.34339438217876,156,35.859850515179076,2026-01-28 02:49:49.563618,47.0,3,0.15349160789710992,1,Normal
Normal,StopTransaction,291.6435740325159,30,0.0,2026-01-28 02:54:08.563618,259.0,5,0.08117146337366443,1,Normal
Normal,Heartbeat,50.49726626886553,168,0.0,2026-01-28 02:58:58.563618,290.0,2,0.1616598168172541,1,Normal
Normal,Heartbeat,51.79139824780963,20,0.0,2026-01-28 03:03:31.563618,273.0,2,0.1284060475687825,1,Normal
Normal,StopTransaction,366.76216613519955,176,0.0,2026-01-28 03:05:35.563618,124.0,5,0.09179627674374524,1,Normal
Normal,Heartbeat,51.147641056607426,193,0.0,2026-01-28 03:07:06.563618,91.0,2,0.15901579203316107,1,Normal
Saldırı,MeterValues,193.0,122,937.8493443505728,2026-01-28 03:07:54.563618,48.0,3,0.005814396775036368,1,Normal
Normal,Heartbeat,50.89280699286944,34,0.0,2026-01-28 03:09:03.563618,69.0,2,0.17970655706921906,1,Normal
Normal,Heartbeat,51.77471112915327,191,0.0,2026-01-28 03:09:47.563618,44.0,2,0.14263981442036633,1,Normal
Normal,Heartbeat,51.04707533435075,137,0.0,2026-01-28 03:14:24.563618,277.0,2,0.17784593701287854,1,Normal
Normal,Heartbeat,51.92545452407467,51,0.0,2026-01-28 03:17:58.563618,214.0,2,0.176020086370685,1,Normal
Normal,Authorize,398.1812436541956,143,0.0,2026-01-28 03:18:55.563618,57.0,0,0.01390827127603822,1,Normal
Normal,MeterValues,185.87408008392032,45,0.9469749885964074,2026-01-28 03:19:18.563618,23.0,3,0.16181529420034085,1,Normal
Normal,MeterValues,221.22495284596909,157,42.24488998585329,2026-01-28 03:22:01.563618,163.0,3,0.159134758544681,1,Normal
Normal,MeterValues,202.0497599604366,150,2.9808087253249993,2026-01-28 03:23:07.563618,66.0,3,0.18025600185553364,1,Normal
Normal,Heartbeat,49.984476001798356,26,0.0,2026-01-28 03:26:31.563618,204.0,2,0.17611729876767157,1,Normal
Normal,StopTransaction,252.64367718393288,127,0.0,2026-01-28 03:31:20.563618,289.0,5,0.09106339137208941,1,Normal
Normal,Heartbeat,49.88915364889609,43,0.0,2026-01-28 03:32:04.563618,44.0,2,0.1887548488127705,1,Normal
Normal,Heartbeat,51.68302759389518,101,0.0,2026-01-28 03:33:37.563618,93.0,2,0.1955074119843958,1,Normal
Saldırı,BootNotification,2434.7238148979495,4555,0.0,2026-01-28 03:33:37.568618,0.005,1,-0.12474003237846631,-1,Saldırı
Normal,MeterValues,169.0038617314168,172,41.28498978633558,2026-01-28 03:35:36.568618,119.0,3,0.1481349425312018,1,Normal
Normal,StopTransaction,264.691256390057,140,0.0,2026-01-28 03:36:39.568618,63.0,5,0.1192710044527795,1,Normal
Normal,BootNotification,294.3220280786098,91,0.0,2026-01-28 03:40:21.568618,222.0,1,0.11981748461458364,1,Normal
Normal,StartTransaction,320.94968514807044,85,0.0,2026-01-28 03:43:40.568618,199.0,4,0.13985513425565438,1,Normal
Normal,MeterValues,165.1737890740506,57,15.200233482086576,2026-01-28 03:47:58.568618,258.0,3,0.13307265931103657,1,Normal
Normal,MeterValues,164.06636829916636,144,12.997204125903947,2026-01-28 03:51:34.568618,216.0,3,0.15661064842249617,1,Normal
Normal,MeterValues,225.17850827943536,24,38.55877895577211,2026-01-28 03:56:12.568618,278.0,3,0.09476982265867895,1,Normal
Normal,StopTransaction,324.16077872195,182,0.0,2026-01-28 04:00:16.568618,244.0,5,0.08260526944081226,1,Normal
Normal,StartTransaction,252.3801088131207,38,0.0,2026-01-28 04:01:20.568618,64.0,4,0.1350670873620719,1,Normal
Normal,Heartbeat,49.825467964777125,117,0.0,2026-01-28 04:02:31.568618,71.0,2,0.19183376118119,1,Normal
Normal,Authorize,355.3610542981401,45,0.0,2026-01-28 04:05:29.568618,178.0,0,0.043813002951303415,1,Normal
Normal,BootNotification,287.9420490045555,77,0.0,2026-01-28 04:06:31.568618,62.0,1,0.1260194695622075,1,Normal
Normal,Heartbeat,48.5981638814598,70,0.0,2026-01-28 04:10:04.568618,213.0,2,0.18722038158437304,1,Normal
Saldırı,MeterValues,195.0,74,834.1573472808637,2026-01-28 04:10:57.568618,53.0,3,0.009283233673493152,1,Normal
Saldırı,BootNotification,1944.90979182637,3218,0.0,2026-01-28 04:10:57.571618,0.003,1,-0.08117113408852417,-1,Saldırı
Normal,StartTransaction,311.24763327953053,173,0.0,2026-01-28 04:11:09.571618,12.0,4,0.0918896811308445,1,Normal
Normal,StopTransaction,307.26601217529856,120,0.0,2026-01-28 04:15:40.571618,271.0,5,0.09752058499341909,1,Normal
Normal,StartTransaction,271.93032083031073,75,0.0,2026-01-28 04:16:30.571618,50.0,4,0.12993382174259632,1,Normal
Normal,StartTransaction,337.40706239300033,96,0.0,2026-01-28 04:19:31.571618,181.0,4,0.13614068657489692,1,Normal
Normal,StartTransaction,315.8517402771235,58,0.0,2026-01-28 04:22:51.571618,200.0,4,0.13587499301545714,1,Normal
Normal,BootNotification,347.4956624240141,194,0.0,2026-01-28 04:27:40.571618,289.0,1,0.05279650634355182,1,Normal
Normal,MeterValues,184.46750787541174,143,40.933186439255934,2026-01-28 04:31:02.571618,202.0,3,0.15267348003900616,1,Normal
Normal,StopTransaction,291.556291706303,124,0.0,2026-01-28 04:32:11.571618,69.0,5,0.12436016489735213,1,Normal
Normal,Heartbeat,51.885239029439376,127,0.0,2026-01-28 04:36:22.571618,251.0,2,0.17642516759777144,1,Normal
Normal,StopTransaction,399.9055352140671,92,0.0,2026-01-28 04:36:52.571618,30.0,5,0.05857219236130684,1,Normal
Normal,Heartbeat,50.48541038621698,166,0.0,2026-01-28 04:37:54.571618,62.0,2,0.17676850162147012,1,Normal
Normal,Heartbeat,49.46172874775708,137,0.0,2026-01-28 04:40:07.571618,133.0,2,0.20242684905291647,1,Normal
Normal,Authorize,226.53551879780633,83,0.0,2026-01-28 04:40:18.571618,11.0,0,0.05082890932610307,1,Normal
Normal,MeterValues,164.42446890437634,29,3.734950231841474,2026-01-28 04:43:52.571618,214.0,3,0.14035916313531005,1,Normal
Normal,MeterValues,196.32061251036603,181,58.71884225510319,2026-01-28 04:46:34.571618,162.0,3,0.09955264189718366,1,Normal
Normal,Heartbeat,51.50550576871842,117,0.0,2026-01-28 04:48:01.571618,87.0,2,0.19118573656308746,1,Normal
Normal,Authorize,373.9532091786722,23,0.0,2026-01-28 04:49:55.571618,114.0,0,0.02914559232709557,1,Normal
Normal,MeterValues,240.9043829367993,51,48.25640410765249,2026-01-28 04:51:21.571618,86.0,3,0.13388129922349,1,Normal
Normal,MeterValues,215.84904385246764,54,50.34004919290684,2026-01-28 04:56:12.571618,291.0,3,0.08084710803708217,1,Normal
Normal,StartTransaction,380.0575031159898,159,0.0,2026-01-28 04:59:26.571618,194.0,4,0.10634989745227003,1,Normal
Normal,StartTransaction,385.18785727804726,90,0.0,2026-01-28 05:00:31.571618,65.0,4,0.11290054672582073,1,Normal
Normal,MeterValues,238.31668714870293,129,43.25277287528622,2026-01-28 05:05:13.571618,282.0,3,0.11087161252250888,1,Normal
Normal,Heartbeat,49.27576063844476,62,0.0,2026-01-28 05:09:15.571618,242.0,2,0.189020814051085,1,Normal
Normal,Heartbeat,49.44327035891662,56,0.0,2026-01-28 05:11:30.571618,135.0,2,0.20052017266609218,1,Normal
Normal,BootNotification,289.37699702756055,135,0.0,2026-01-28 05:12:19.571618,49.0,1,0.12345428737874686,1,Normal
Normal,StopTransaction,207.87908037847154,63,0.0,2026-01-28 05:15:42.571618,203.0,5,0.1084829787650824,1,Normal
Normal,Authorize,362.40229589899553,42,0.0,2026-01-28 05:16:41.571618,59.0,0,0.0346753446736614,1,Normal
Normal,Heartbeat,51.60329288868547,63,0.0,2026-01-28 05:21:17.571618,276.0,2,0.16581388037565142,1,Normal
Normal,MeterValues,248.111031576988,199,2.342534155806748,2026-01-28 05:22:29.571618,72.0,3,0.13354028688743041,1,Normal
Normal,Heartbeat,49.03299763623007,186,0.0,2026-01-28 05:25:32.571618,183.0,2,0.1589645842051856,1,Normal
Normal,StopTransaction,222.15918191536548,108,0.0,2026-01-28 05:29:34.571618,242.0,5,0.10690830780012739,1,Normal
Normal,StartTransaction,304.9397871261159,121,0.0,2026-01-28 05:34:03.571618,269.0,4,0.12980329625301973,1,Normal
Normal,StartTransaction,207.70705641431087,54,0.0,2026-01-28 05:35:27.571618,84.0,4,0.14749250361892258,1,Normal
Normal,MeterValues,218.80435290005008,199,41.10646964196513,2026-01-28 05:38:08.571618,161.0,3,0.12107732562891443,1,Normal
Normal,StartTransaction,302.01406440657036,90,0.0,2026-01-28 05:39:09.571618,61.0,4,0.13953972144805038,1,Normal
Normal,MeterValues,150.25950062326095,45,35.46928950173485,2026-01-28 05:43:33.571618,264.0,3,0.10709009763657379,1,Normal
Normal,Authorize,333.4670831430783,118,0.0,2026-01-28 05:43:49.571618,16.0,0,0.0407374742276152,1,Normal
Normal,MeterValues,187.99059606560905,197,10.491685806464115,2026-01-28 05:46:36.571618,167.0,3,0.13770642045397619,1,Normal
Normal,StopTransaction,270.3016653530309,174,0.0,2026-01-28 05:47:02.571618,26.0,5,0.08274565795151989,1,Normal
Normal,MeterValues,212.45809183281742,160,55.27305844368654,2026-01-28 05:48:15.571618,73.0,3,0.13323860011582445,1,Normal
Normal,MeterValues,244.83712414578528,104,15.806173447133627,2026-01-28 05:52:39.571618,264.0,3,0.1385097466588161,1,Normal
Normal,Heartbeat,51.44548920400581,40,0.0,2026-01-28 05:57:29.571618,290.0,2,0.1557188703946108,1,Normal
Normal,Heartbeat,50.81432280019463,76,0.0,2026-01-28 06:01:38.571618,249.0,2,0.1836108349042796,1,Normal
Saldırı,MeterValues,177.0,119,1160.0818512843791,2026-01-28 06:01:56.571618,18.0,3,-0.04530553109463464,-1,Saldırı
Normal,StartTransaction,216.9491372885526,114,0.0,2026-01-28 06:06:49.571618,293.0,4,0.11870030066090825,1,Normal
Normal,StartTransaction,300.8082687918953,101,0.0,2026-01-28 06:09:57.571618,188.0,4,0.15199411738566793,1,Normal
Normal,Heartbeat,48.995178778148635,197,0.0,2026-01-28 06:10:33.571618,36.0,2,0.14019730616795512,1,Normal
Normal,MeterValues,233.8896775603539,200,19.956401145758957,2026-01-28 06:14:26.571618,233.0,3,0.10587615084169111,1,Normal
Normal,StopTransaction,392.1697545944618,153,0.0,2026-01-28 06:15:51.571618,85.0,5,0.07798837040069606,1,Normal
Normal,MeterValues,166.61733308811856,82,32.791407415546075,2026-01-28 06:20:30.571618,279.0,3,0.1273320985951682,1,Normal
Normal,Heartbeat,51.7608466234271,132,0.0,2026-01-28 06:21:46.571618,76.0,2,0.18189822907400183,1,Normal
Normal,Heartbeat,48.34960788198528,175,0.0,2026-01-28 06:23:59.571618,133.0,2,0.18438557161045904,1,Normal
Normal,MeterValues,164.30632268044727,178,12.210163014498846,2026-01-28 06:24:26.571618,27.0,3,0.13510346197839113,1,Normal
Normal,Heartbeat,51.862997146522225,177,0.0,2026-01-28 06:27:27.571618,181.0,2,0.16232519074127466,1,Normal
Normal,Heartbeat,49.32309371091156,124,0.0,2026-01-28 06:32:06.571618,279.0,2,0.1718489481567741,1,Normal
Saldırı,BootNotification,1816.1067263955943,3001,0.0,2026-01-28 06:32:06.578618,0.007,1,-0.0771712943781091,-1,Saldırı
Normal,MeterValues,199.34401537590173,133,24.976479544893675,2026-01-28 06:36:01.578618,235.0,3,0.16011613102559835,1,Normal
Normal,MeterValues,159.38845720724024,187,35.648167141115756,2026-01-28 06:40:17.578618,256.0,3,0.0989558247064361,1,Normal
Normal,MeterValues,247.54157810509636,25,16.022365799643584,2026-01-28 06:44:18.578618,241.0,3,0.1142675695252689,1,Normal
Normal,MeterValues,151.7645565154922,81,35.923931287051246,2026-01-28 06:47:11.578618,173.0,3,0.15079369218040223,1,Normal
Normal,Heartbeat,50.917227563394455,139,0.0,2026-01-28 06:50:33.578618,202.0,2,0.19376607573979382,1,Normal
Normal,Heartbeat,48.80480787815994,42,0.0,2026-01-28 06:55:02.578618,269.0,2,0.16464439034702577,1,Normal
Normal,MeterValues,164.73005541305952,26,37.983251201623176,2026-01-28 06:59:20.578618,258.0,3,0.09752407919777129,1,Normal
Normal,StartTransaction,365.6816433108663,111,0.0,2026-01-28 07:00:34.578618,74.0,4,0.13259576735647854,1,Normal
Normal,Heartbeat,50.77788054768733,196,0.0,2026-01-28 07:05:29.578618,295.0,2,0.11275062143675374,1,Normal
Normal,StopTransaction,208.84256386323074,77,0.0,2026-01-28 07:07:54.578618,145.0,5,0.12005667067450632,1,Normal
Normal,MeterValues,215.04828618006374,109,49.4559582365404,2026-01-28 07:11:10.578618,196.0,3,0.15152028785276084,1,Normal
Normal,MeterValues,202.11451970183379,34,36.17958219098552,2026-01-28 07:12:27.578618,77.0,3,0.14802320794614504,1,Normal
Normal,Heartbeat,51.509887100607955,197,0.0,2026-01-28 07:12:55.578618,28.0,2,0.13216605210347232,1,Normal
Normal,StopTransaction,360.2932410432656,70,0.0,2026-01-28 07:15:24.578618,149.0,5,0.10561829917892096,1,Normal
Normal,StartTransaction,201.41706710721064,194,0.0,2026-01-28 07:17:08.578618,104.0,4,0.11946900264384602,1,Normal
Normal,MeterValues,238.02202253321147,138,47.40449949459475,2026-01-28 07:19:02.578618,114.0,3,0.15401062477106586,1,Normal
Saldırı,BootNotification,2215.119254813088,4505,0.0,2026-01-28 07:19:02.584618,0.006,1,-0.11553033962740045,-1,Saldırı
Normal,Heartbeat,49.917620528548845,144,0.0,2026-01-28 07:19:25.584618,23.0,2,0.17387048449031983,1,Normal
Normal,MeterValues,188.2044853429054,42,4.59842536588199,2026-01-28 07:20:16.584618,51.0,3,0.1690042567830738,1,Normal
Normal,MeterValues,234.23806600163417,157,32.45210852523139,2026-01-28 07:22:20.584618,124.0,3,0.16627399046042568,1,Normal
Normal,MeterValues,154.232484692838,36,2.413263367150922,2026-01-28 07:23:47.584618,87.0,3,0.1541671893103314,1,Normal
Normal,Heartbeat,51.767334586690936,102,0.0,2026-01-28 07:25:25.584618,98.0,2,0.19148977510769988,1,Normal
Normal,MeterValues,183.03809050539715,193,18.846040498609607,2026-01-28 07:25:54.584618,29.0,3,0.12551073237218524,1,Normal
Normal,MeterValues,198.07083589225402,115,42.12403050523141,2026-01-28 07:29:24.584618,210.0,3,0.15176499899756707,1,Normal
Normal,StartTransaction,338.2124340467747,132,0.0,2026-01-28 07:31:53.584618,149.0,4,0.14070068422422738,1,Normal
Normal,Heartbeat,51.97175093973579,30,0.0,2026-01-28 07:34:21.584618,148.0,2,0.1685259841637678,1,Normal
Normal,Heartbeat,51.66743861547124,195,0.0,2026-01-28 07:35:02.584618,41.0,2,0.1416758541158218,1,Normal
Normal,Heartbeat,50.66620049985814,101,0.0,2026-01-28 07:38:40.584618,218.0,2,0.19340150037478254,1,Normal
Normal,Authorize,260.0315693694904,146,0.0,2026-01-28 07:41:41.584618,181.0,0,0.06949506103166558,1,Normal
Normal,StopTransaction,252.7619349009459,83,0.0,2026-01-28 07:45:23.584618,222.0,5,0.11870717600096187,1,Normal
Normal,Heartbeat,48.47895189404901,47,0.0,2026-01-28 07:47:49.584618,146.0,2,0.19071455302893758,1,Normal
Saldırı,BootNotification,2168.582217140036,2737,0.0,2026-01-28 07:47:49.587618,0.003,1,-0.08627248595532433,-1,Saldırı
Normal,Heartbeat,51.880103679611814,99,0.0,2026-01-28 07:51:59.587618,250.0,2,0.17866857373313932,1,Normal
Saldırı,BootNotification,1747.6271792489208,2765,0.0,2026-01-28 07:51:59.596618,0.009,1,-0.08666823568152937,-1,Saldırı
Normal,Heartbeat,51.140469812539806,135,0.0,2026-01-28 07:56:39.596618,280.0,2,0.17498555382626846,1,Normal
Normal,MeterValues,174.54361415764535,150,56.61432059795037,2026-01-28 08:00:01.596618,202.0,3,0.11449965780673388,1,Normal
Normal,StopTransaction,234.51955273577772,179,0.0,2026-01-28 08:02:27.596618,146.0,5,0.11177944234438186,1,Normal
Normal,Heartbeat,48.809052982221665,99,0.0,2026-01-28 08:06:14.596618,227.0,2,0.1834767328617568,1,Normal
Normal,MeterValues,158.07545436148703,67,11.564361027689289,2026-01-28 08:06:27.596618,13.0,3,0.13862234367057968,1,Normal
Normal,BootNotification,343.4674856546642,97,0.0,2026-01-28 08:09:32.596618,185.0,1,0.11619242110110395,1,Normal
Saldırı,MeterValues,225.0,64,1035.5515868009247,2026-01-28 08:10:00.596618,28.0,3,-0.030018186743453246,-1,Saldırı
Normal,StartTransaction,224.13954471148486,133,0.0,2026-01-28 08:12:44.596618,164.0,4,0.1523475331885314,1,Normal
Normal,MeterValues,194.86784875162732,180,24.846570087079318,2026-01-28 08:16:11.596618,207.0,3,0.14480481299413445,1,Normal
Normal,MeterValues,164.9398723832462,125,9.655131998108033,2026-01-28 08:19:31.596618,200.0,3,0.166437876883888,1,Normal
Normal,MeterValues,153.7388269615698,66,16.95653341290504,2026-01-28 08:22:01.596618,150.0,3,0.15605980023475519,1,Normal
Normal,StartTransaction,210.64559124581578,99,0.0,2026-01-28 08:24:18.596618,137.0,4,0.15936338084936247,1,Normal
Normal,MeterValues,245.12604787389728,50,7.873118033318778,2026-01-28 08:29:16.596618,298.0,3,0.10044641618475475,1,Normal
Normal,MeterValues,184.0812712139421,125,49.367811840928425,2026-01-28 08:32:52.596618,216.0,3,0.1422715422076481,1,Normal
Normal,Heartbeat,49.81698701520839,153,0.0,2026-01-28 08:33:05.596618,13.0,2,0.15505792122142947,1,Normal
Normal,Heartbeat,51.29874625158989,55,0.0,2026-01-28 08:33:28.596618,23.0,2,0.1662333213388678,1,Normal
Normal,Heartbeat,51.79802977891402,99,0.0,2026-01-28 08:34:37.596618,69.0,2,0.18135760660060313,1,Normal
Normal,Heartbeat,48.893933172814535,182,0.0,2026-01-28 08:38:19.596618,222.0,2,0.1542862180735909,1,Normal
Normal,Heartbeat,51.73985707800197,52,0.0,2026-01-28 08:39:20.596618,61.0,2,0.177283184394203,1,Normal
Normal,MeterValues,207.09555203066387,112,21.00866468729271,2026-01-28 08:43:46.596618,266.0,3,0.1475743854014872,1,Normal
Normal,StopTransaction,242.60131404354453,81,0.0,2026-01-28 08:45:03.596618,77.0,5,0.12435355239763651,1,Normal
Normal,MeterValues,177.72683007190597,129,27.490304731168628,2026-01-28 08:49:10.596618,247.0,3,0.1583043498840752,1,Normal
Normal,StartTransaction,234.85087509699198,25,0.0,2026-01-28 08:53:20.596618,250.0,4,0.11882305799875237,1,Normal
Normal,Heartbeat,48.29825702178884,182,0.0,2026-01-28 08:55:59.596618,159.0,2,0.15989381773762734,1,Normal
Normal,StartTransaction,254.91819051028975,180,0.0,2026-01-28 09:00:56.596618,297.0,4,0.09295253687228544,1,Normal
Normal,MeterValues,167.25387688613017,69,57.45333360733907,2026-01-28 09:05:24.596618,268.0,3,0.0726392109915982,1,Normal
Normal,MeterValues,170.60442970111592,105,42.864061776784354,2026-01-28 09:09:11.596618,227.0,3,0.1480908505494325,1,Normal
Normal,MeterValues,227.1358142070102,112,11.455247282899128,2026-01-28 09:10:56.596618,105.0,3,0.18217359910820152,1,Normal
Normal,Heartbeat,51.369026537608356,61,0.0,2026-01-28 09:14:04.596618,188.0,2,0.192445564996845,1,Normal
Normal,Heartbeat,51.74155286394804,189,0.0,2026-01-28 09:18:59.596618,295.0,2,0.1114436003127518,1,Normal
Normal,Authorize,387.63259168251477,108,0.0,2026-01-28 09:20:38.596618,99.0,0,0.0383269610431487,1,Normal
Normal,MeterValues,153.49862571903662,176,5.722905234101761,2026-01-28 09:23:55.596618,197.0,3,0.14865056846151253,1,Normal
Normal,StopTransaction,208.2355201629036,64,0.0,2026-01-28 09:27:55.596618,240.0,5,0.1006866473052993,1,Normal
Normal,MeterValues,168.4096710418254,87,3.836322642308281,2026-01-28 09:29:40.596618,105.0,3,0.17962230071998564,1,Normal
Normal,Heartbeat,50.42694150620182,152,0.0,2026-01-28 09:30:38.596618,58.0,2,0.18137224961420856,1,Normal
Normal,Heartbeat,49.29907284817116,75,0.0,2026-01-28 09:34:02.596618,204.0,2,0.1943420339145457,1,Normal
Normal,MeterValues,165.1464514441245,37,19.400736081334994,2026-01-28 09:37:10.596618,188.0,3,0.14157916560824657,1,Normal
Normal,Heartbeat,48.572375253081034,114,0.0,2026-01-28 09:39:48.596618,158.0,2,0.1934553034408596,1,Normal
Normal,StopTransaction,299.07196684368535,130,0.0,2026-01-28 09:42:39.596618,171.0,5,0.12829004163139812,1,Normal
Normal,Heartbeat,48.5681219518997,86,0.0,2026-01-28 09:47:16.596618,277.0,2,0.1702078367936355,1,Normal
Normal,Heartbeat,50.00048096597538,168,0.0,2026-01-28 09:48:01.596618,45.0,2,0.1780695437920382,1,Normal
Normal,MeterValues,200.62390598130946,150,39.06399054031498,2026-01-28 09:52:47.596618,286.0,3,0.11664981059546853,1,Normal
Normal,MeterValues,187.22657526046655,194,47.12733445811517,2026-01-28 09:57:38.596618,291.0,3,0.06188094101763364,1,Normal
Normal,MeterValues,233.94861592423254,40,26.45449428311335,2026-01-28 10:01:36.596618,238.0,3,0.13896894032971974,1,Normal
Normal,BootNotification,332.4789520684101,106,0.0,2026-01-28 10:06:08.596618,272.0,1,0.08703251738295614,1,Normal
Normal,Heartbeat,49.776132748933065,56,0.0,2026-01-28 10:08:43.596618,155.0,2,0.19713165577089042,1,Normal
Normal,Heartbeat,51.61053780829065,143,0.0,2026-01-28 10:12:28.596618,225.0,2,0.1854736062621034,1,Normal
Normal,MeterValues,148.3477079541269,162,21.071511681332787,2026-01-28 10:16:40.596618,252.0,3,0.13234614400747613,1,Normal
Normal,MeterValues,186.3051367207689,190,43.98237295543518,2026-01-28 10:18:56.596618,136.0,3,0.1357955546416681,1,Normal
Normal,Authorize,247.43890817083582,109,0.0,2026-01-28 10:22:29.596618,213.0,0,0.08206943255034305,1,Normal
Normal,StartTransaction,361.2180680279817,142,0.0,2026-01-28 10:27:02.596618,273.0,4,0.10213071011763963,1,Normal
Normal,StartTransaction,326.5732541332202,163,0.0,2026-01-28 10:31:08.596618,246.0,4,0.12030729668505002,1,Normal
Normal,MeterValues,231.9747975896619,132,33.91121192215806,2026-01-28 10:35:02.596618,234.0,3,0.14680245122679797,1,Normal
Normal,MeterValues,148.32484298800003,58,44.897808551857764,2026-01-28 10:37:36.596618,154.0,3,0.12738287390279213,1,Normal
Normal,StartTransaction,394.37647356760044,43,0.0,2026-01-28 10:39:27.596618,111.0,4,0.10295854992537179,1,Normal
Normal,Heartbeat,49.26741748601342,99,0.0,2026-01-28 10:39:49.596618,22.0,2,0.17502964523372422,1,Normal
Normal,Heartbeat,49.039205495718804,192,0.0,2026-01-28 10:42:01.596618,132.0,2,0.16187687041093735,1,Normal
Normal,Heartbeat,51.19823229492825,190,0.0,2026-01-28 10:42:56.596618,55.0,2,0.1517736546781478,1,Normal
Normal,MeterValues,239.1491775957637,189,52.680774928046084,2026-01-28 10:46:10.596618,194.0,3,0.10349552675340362,1,Normal
Normal,MeterValues,223.06674693612948,180,59.740698372897,2026-01-28 10:46:21.596618,11.0,3,0.08058738727181058,1,Normal
Normal,StopTransaction,372.303800126565,163,0.0,2026-01-28 10:47:04.596618,43.0,5,0.06814312045863147,1,Normal
Normal,MeterValues,194.69903592311027,148,18.124586455203715,2026-01-28 10:49:24.596618,140.0,3,0.18238619331437878,1,Normal
Normal,MeterValues,236.4787399510942,26,5.843376121227326,2026-01-28 10:51:40.596618,136.0,3,0.16248981424150183,1,Normal
Saldırı,MeterValues,203.0,93,837.7078488318616,2026-01-28 10:52:31.596618,51.0,3,0.011897603466211826,1,Normal
Normal,MeterValues,225.75098721088926,57,46.55315640065999,2026-01-28 10:55:52.596618,201.0,3,0.13243913093817444,1,Normal
Normal,StopTransaction,266.5198438055419,200,0.0,2026-01-28 10:58:29.596618,157.0,5,0.10076402609609869,1,Normal
Normal,Heartbeat,48.22344650843629,157,0.0,2026-01-28 11:01:55.596618,206.0,2,0.18054684115894315,1,Normal
Normal,MeterValues,226.4162835299825,115,32.66407014706206,2026-01-28 11:03:20.596618,85.0,3,0.17247685821715691,1,Normal
Normal,MeterValues,198.28517745740874,86,48.34660753483878,2026-01-28 11:05:41.596618,141.0,3,0.1588566254212213,1,Normal
Saldırı,BootNotification,1532.164297730825,4977,0.0,2026-01-28 11:05:41.599618,0.003,1,-0.11554980728523756,-1,Saldırı
Normal,Heartbeat,49.23135814305774,166,0.0,2026-01-28 11:06:21.599618,40.0,2,0.17554383673805002,1,Normal
Normal,MeterValues,191.33399851793837,128,29.195079136398615,2026-01-28 11:10:03.599618,222.0,3,0.16367157259859816,1,Normal
Normal,MeterValues,184.58650483891168,48,10.376686533341319,2026-01-28 11:12:13.599618,130.0,3,0.17339465618520838,1,Normal
Normal,Heartbeat,49.6334913752728,123,0.0,2026-01-28 11:15:36.599618,203.0,2,0.19195925041852258,1,Normal
Normal,Heartbeat,48.97834566588556,199,0.0,2026-01-28 11:20:25.599618,289.0,2,0.1158110900001515,1,Normal
Normal,Heartbeat,48.4384312527616,198,0.0,2026-01-28 11:25:05.599618,280.0,2,0.12166521720489865,1,Normal
Normal,MeterValues,205.59937417286832,52,49.30725369970391,2026-01-28 11:29:32.599618,267.0,3,0.09984394291322557,1,Normal
Normal,Heartbeat,51.29128130932528,37,0.0,2026-01-28 11:34:12.599618,280.0,2,0.16014528214248686,1,Normal
Normal,Heartbeat,50.398774197566034,129,0.0,2026-01-28 11:37:08.599618,176.0,2,0.19340178234437444,1,Normal
Normal,Heartbeat,49.268365274061594,101,0.0,2026-01-28 11:39:19.599618,131.0,2,0.2036534805090266,1,Normal
Normal,StartTransaction,232.2031209231241,50,0.0,2026-01-28 11:42:02.599618,163.0,4,0.15001366445237407,1,Normal
Normal,MeterValues,200.9409760042243,122,10.026465453674405,2026-01-28 11:45:46.599618,224.0,3,0.16926619698329282,1,Normal
Normal,MeterValues,181.9454986841348,117,4.944976314147789,2026-01-28 11:48:15.599618,149.0,3,0.18418548873300283,1,Normal
Normal,MeterValues,214.02242941973327,21,32.216884501606586,2026-01-28 11:50:45.599618,150.0,3,0.13675099689583226,1,Normal
Normal,BootNotification,330.4530008111867,44,0.0,2026-01-28 11:54:08.599618,203.0,1,0.1070548267935234,1,Normal
Normal,Heartbeat,48.66202984220783,129,0.0,2026-01-28 11:58:22.599618,254.0,2,0.18129632038632865,1,Normal
Normal,Heartbeat,48.90747075204013,128,0.0,2026-01-28 12:01:36.599618,194.0,2,0.19052464105063144,1,Normal
Normal,Heartbeat,49.28240311939523,27,0.0,2026-01-28 12:06:02.599618,266.0,2,0.15866687021156217,1,Normal
Normal,Heartbeat,51.04182215033306,190,0.0,2026-01-28 12:10:50.599618,288.0,2,0.13126882047794836,1,Normal
Normal,Heartbeat,48.21917797535025,106,0.0,2026-01-28 12:14:02.599618,192.0,2,0.18845683902694477,1,Normal
Normal,StopTransaction,290.7558942554237,84,0.0,2026-01-28 12:14:31.599618,29.0,5,0.1001144086641007,1,Normal
Normal,MeterValues,190.80330663392357,176,7.51115432045472,2026-01-28 12:15:55.599618,84.0,3,0.16306096206764364,1,Normal
Normal,Heartbeat,49.89543236516301,38,0.0,2026-01-28 12:16:34.599618,39.0,2,0.17965983164674365,1,Normal
Normal,Heartbeat,49.08546593282341,173,0.0,2026-01-28 12:17:56.599618,82.0,2,0.17838123387320548,1,Normal
Normal,StopTransaction,231.34737442207066,158,0.0,2026-01-28 12:19:32.599618,96.0,5,0.11611744875585883,1,Normal
Normal,StopTransaction,258.02184734356683,69,0.0,2026-01-28 12:21:54.599618,142.0,5,0.13131553407457885,1,Normal
Normal,Heartbeat,50.443637774852355,31,0.0,2026-01-28 12:26:07.599618,253.0,2,0.16784449834310505,1,Normal
Saldırı,MeterValues,192.0,111,971.1617358581693,2026-01-28 12:26:46.599618,39.0,3,-0.007923157276745196,-1,Saldırı
Normal,Heartbeat,48.392401012740784,37,0.0,2026-01-28 12:29:02.599618,136.0,2,0.1889283807308222,1,Normal
Normal,MeterValues,192.05813086847635,173,46.485637421512365,2026-01-28 12:33:52.599618,290.0,3,0.09046221261456366,1,Normal
Normal,MeterValues,228.13693723026714,37,4.959674280425834,2026-01-28 12:38:18.599618,266.0,3,0.13661864309543004,1,Normal
Normal,MeterValues,231.54232609528367,191,30.499612889847032,2026-01-28 12:41:26.599618,188.0,3,0.13033886346035606,1,Normal
Normal,StopTransaction,391.3604954229931,180,0.0,2026-01-28 12:43:08.599618,102.0,5,0.06763658150879714,1,Normal
Normal,MeterValues,184.57021811959513,175,59.66216133779252,2026-01-28 12:44:38.599618,90.0,3,0.11340622809356704,1,Normal
Normal,StartTransaction,238.63808636738798,31,0.0,2026-01-28 12:45:23.599618,45.0,4,0.11748864105385964,1,Normal
Normal,MeterValues,174.16891774388245,111,21.152049159409717,2026-01-28 12:48:47.599618,204.0,3,0.16782284759742333,1,Normal
Normal,Heartbeat,51.830416183579,186,0.0,2026-01-28 12:53:18.599618,271.0,2,0.13276814692974098,1,Normal
Normal,MeterValues,157.36386673264292,126,54.08920935710151,2026-01-28 12:53:42.599618,24.0,3,0.12942624208276227,1,Normal
Normal,MeterValues,184.65420880253197,143,59.77539259967993,2026-01-28 12:55:46.599618,124.0,3,0.13411870609557824,1,Normal
Normal,StopTransaction,240.93213521968278,127,0.0,2026-01-28 12:57:35.599618,109.0,5,0.1276659982069422,1,Normal
Normal,MeterValues,229.96322530418703,89,54.89498616398532,2026-01-28 13:00:17.599618,162.0,3,0.13476261187401412,1,Normal
Normal,Authorize,314.502317328001,139,0.0,2026-01-28 13:00:45.599618,28.0,0,0.056284352815147654,1,Normal
Normal,Heartbeat,51.76916076922008,122,0.0,2026-01-28 13:01:05.599618,20.0,2,0.15941834247610542,1,Normal
Normal,MeterValues,149.1760281851459,56,2.043348487459571,2026-01-28 13:05:52.599618,287.0,3,0.12572760228532986,1,Normal
Normal,MeterValues,239.30542504765398,93,2.6749894608521774,2026-01-28 13:10:22.599618,270.0,3,0.15260824106262394,1,Normal
Normal,StopTransaction,367.94226471937884,133,0.0,2026-01-28 13:11:12.599618,50.0,5,0.09210994824415508,1,Normal
Normal,MeterValues,203.76475752470927,40,11.299037301408756,2026-01-28 13:12:44.599618,92.0,3,0.16685669342271753,1,Normal
Saldırı,BootNotification,1567.8100293479285,2245,0.0,2026-01-28 13:12:44.603618,0.004,1,-0.07292087110575207,-1,Saldırı
Normal,StopTransaction,202.12960453262406,133,0.0,2026-01-28 13:16:24.603618,220.0,5,0.1102979966387207,1,Normal
Normal,MeterValues,210.58320021673327,161,24.366977564136413,2026-01-28 13:17:26.603618,62.0,3,0.16557761559261214,1,Normal
Normal,Authorize,312.0519448493213,61,0.0,2026-01-28 13:19:47.603618,141.0,0,0.072862146665711,1,Normal
Normal,StopTransaction,380.74982368421666,190,0.0,2026-01-28 13:21:48.603618,121.0,5,0.08029199167150547,1,Normal
Normal,MeterValues,225.4395800310314,115,54.266746969026606,2026-01-28 13:25:52.603618,244.0,3,0.11874341161299629,1,Normal
Normal,MeterValues,237.22224416750325,137,9.478245517842758,2026-01-28 13:26:12.603618,20.0,3,0.15390954652646405,1,Normal
Normal,StartTransaction,363.6038359898105,189,0.0,2026-01-28 13:29:18.603618,186.0,4,0.10530240104667343,1,Normal
Normal,MeterValues,225.5770447091029,49,47.5777428755829,2026-01-28 13:32:16.603618,178.0,3,0.13804972436097745,1,Normal
Normal,MeterValues,158.64201513524728,90,10.920687668767613,2026-01-28 13:36:10.603618,234.0,3,0.154196074834122,1,Normal
Normal,MeterValues,209.92567440864067,90,55.96796976629216,2026-01-28 13:37:57.603618,107.0,3,0.13891006217638352,1,Normal
Saldırı,BootNotification,1590.3009130533164,2160,0.0,2026-01-28 13:37:57.606618,0.003,1,-0.07006222830247788,-1,Saldırı
Normal,MeterValues,193.22482623539858,96,56.29634340419758,2026-01-28 13:38:41.606618,44.0,3,0.14166965282887461,1,Normal
Normal,Heartbeat,50.305466494193624,184,0.0,2026-01-28 13:42:05.606618,204.0,2,0.1622150073811935,1,Normal
Normal,Heartbeat,49.04547749814796,174,0.0,2026-01-28 13:43:28.606618,83.0,2,0.17790196333207342,1,Normal
Normal,BootNotification,329.86975801982777,185,0.0,2026-01-28 13:47:20.606618,232.0,1,0.08474827241034033,1,Normal
Normal,Heartbeat,50.457831597471554,95,0.0,2026-01-28 13:51:24.606618,244.0,2,0.1867653688167536,1,Normal
Normal,Heartbeat,49.389566281065335,170,0.0,2026-01-28 13:54:06.606618,162.0,2,0.1831205200516749,1,Normal
Normal,MeterValues,223.9837004891459,182,24.662918389323284,2026-01-28 13:54:26.606618,20.0,3,0.1262068579872433,1,Normal
Normal,StopTransaction,373.9075765255357,178,0.0,2026-01-28 13:55:41.606618,75.0,5,0.07825423508515217,1,Normal
Normal,MeterValues,155.74730245589947,31,47.633141054805854,2026-01-28 13:59:14.606618,213.0,3,0.09953798388079732,1,Normal
Normal,StopTransaction,325.5516825606664,66,0.0,2026-01-28 14:00:44.606618,90.0,5,0.12125457928297051,1,Normal
Normal,MeterValues,213.32216134756933,129,3.664615926502297,2026-01-28 14:03:53.606618,189.0,3,0.17927811961966367,1,Normal
Normal,Heartbeat,51.548854498470746,168,0.0,2026-01-28 14:06:28.606618,155.0,2,0.18170844547687853,1,Normal
Normal,Heartbeat,49.43713749098844,58,0.0,2026-01-28 14:09:44.606618,196.0,2,0.19593384437379313,1,Normal
Normal,StopTransaction,358.0920485025356,147,0.0,2026-01-28 14:12:39.606618,175.0,5,0.10353679552873624,1,Normal
Normal,Authorize,232.16112112242567,130,0.0,2026-01-28 14:13:09.606618,30.0,0,0.06574918549859843,1,Normal
Normal,StopTransaction,352.72055310326175,51,0.0,2026-01-28 14:14:48.606618,99.0,5,0.11054284983054369,1,Normal
Normal,Heartbeat,51.968991804690475,196,0.0,2026-01-28 14:16:52.606618,124.0,2,0.14857254291996902,1,Normal
Normal,Heartbeat,48.15552147338926,118,0.0,2026-01-28 14:19:21.606618,149.0,2,0.18594835758402384,1,Normal
Normal,StopTransaction,308.9173781431736,27,0.0,2026-01-28 14:22:23.606618,182.0,5,0.09055957849792096,1,Normal
Normal,MeterValues,214.77201867775298,186,11.962373243187212,2026-01-28 14:22:58.606618,35.0,3,0.13915888771631735,1,Normal
Normal,Heartbeat,48.83620025656167,185,0.0,2026-01-28 14:25:00.606618,122.0,2,0.16842393883519868,1,Normal
Normal,MeterValues,216.649475489449,59,16.28300449615618,2026-01-28 14:29:29.606618,269.0,3,0.13794726399398177,1,Normal
Normal,Heartbeat,49.83337849887169,181,0.0,2026-01-28 14:32:18.606618,169.0,2,0.1743442569060264,1,Normal
Normal,BootNotification,257.10963414271015,63,0.0,2026-01-28 14:36:42.606618,264.0,1,0.09618946827054142,1,Normal
Normal,Authorize,277.6882694934982,48,0.0,2026-01-28 14:38:45.606618,123.0,0,0.06599472360143832,1,Normal
Normal,Heartbeat,48.329045971014835,56,0.0,2026-01-28 14:38:59.606618,14.0,2,0.1493798812327169,1,Normal
Normal,MeterValues,219.45138343566018,136,25.109542250966832,2026-01-28 14:41:29.606618,150.0,3,0.17481116129823482,1,Normal
Normal,StopTransaction,295.5031620452768,82,0.0,2026-01-28 14:42:05.606618,36.0,5,0.10830884162417381,1,Normal
Saldırı,BootNotification,1618.5557810957898,3802,0.0,2026-01-28 14:42:05.616618,0.01,1,-0.10357297099779172,-1,Saldırı
Normal,MeterValues,242.91356309654097,195,46.420130701583545,2026-01-28 14:44:10.616618,125.0,3,0.10957802741322226,1,Normal
Normal,Heartbeat,48.968294164002174,36,0.0,2026-01-28 14:46:31.616618,141.0,2,0.19286360611147996,1,Normal
Normal,StopTransaction,243.41298902086345,197,0.0,2026-01-28 14:49:07.616618,156.0,5,0.10132170910231114,1,Normal
Normal,Heartbeat,50.75961613906897,61,0.0,2026-01-28 14:52:19.616618,192.0,2,0.19219842749636173,1,Normal
Normal,StopTransaction,210.24297255654304,113,0.0,2026-01-28 14:53:04.616618,45.0,5,0.10539303130910344,1,Normal
Normal,MeterValues,157.93987575613357,94,44.165846475340096,2026-01-28 14:55:04.616618,120.0,3,0.15463031017530754,1,Normal
Normal,Heartbeat,50.664709010524014,153,0.0,2026-01-28 14:55:57.616618,53.0,2,0.18230093684585097,1,Normal
Normal,StopTransaction,250.7144062058897,150,0.0,2026-01-28 15:00:43.616618,286.0,5,0.09009661296323968,1,Normal
Normal,Heartbeat,50.144102546977145,141,0.0,2026-01-28 15:05:39.616618,296.0,2,0.152173179622981,1,Normal
Normal,MeterValues,179.80821645718615,117,49.38158260839104,2026-01-28 15:06:17.616618,38.0,3,0.1548053734637363,1,Normal
Normal,BootNotification,331.69748944595125,92,0.0,2026-01-28 15:09:59.616618,222.0,1,0.11575653589433021,1,Normal
Normal,MeterValues,157.79885259723412,116,53.84591489598863,2026-01-28 15:10:32.616618,33.0,3,0.1272945704490644,1,Normal
Normal,Heartbeat,48.87169432907827,141,0.0,2026-01-28 15:11:13.616618,41.0,2,0.1870633969681308,1,Normal
Normal,Heartbeat,50.111803903395725,122,0.0,2026-01-28 15:11:39.616618,26.0,2,0.18556872119633722,1,Normal
Normal,MeterValues,220.57384515457932,34,52.664889756154714,2026-01-28 15:16:06.616618,267.0,3,0.0797430444864915,1,Normal
Normal,MeterValues,215.71826312832206,76,8.727892451699406,2026-01-28 15:19:24.616618,198.0,3,0.1727189409337388,1,Normal
Normal,MeterValues,210.76032524072968,42,28.578198860549776,2026-01-28 15:24:11.616618,287.0,3,0.11268970760876823,1,Normal
Normal,MeterValues,165.58158941816177,196,34.984300685030306,2026-01-28 15:28:25.616618,254.0,3,0.09404936899492145,1,Normal
Normal,Heartbeat,49.11646233512713,50,0.0,2026-01-28 15:31:48.616618,203.0,2,0.18621255926177438,1,Normal
Normal,Heartbeat,50.749168716338374,121,0.0,2026-01-28 15:36:27.616618,279.0,2,0.1738082587846307,1,Normal
Normal,MeterValues,231.73786085012557,71,55.92341423498874,2026-01-28 15:40:07.616618,220.0,3,0.10818001371177316,1,Normal
Normal,MeterValues,212.34637062791253,195,14.196338170923166,2026-01-28 15:44:47.616618,280.0,3,0.10536556603235114,1,Normal
Normal,StopTransaction,357.3719165762011,177,0.0,2026-01-28 15:48:52.616618,245.0,5,0.07193057428092198,1,Normal
Normal,MeterValues,167.17422587400313,167,12.895944521882365,2026-01-28 15:51:06.616618,134.0,3,0.16054367997430347,1,Normal
Normal,Heartbeat,49.83417899501882,115,0.0,2026-01-28 15:55:56.616618,290.0,2,0.17202238071526194,1,Normal
Normal,StopTransaction,308.21393236431305,90,0.0,2026-01-28 16:00:14.616618,258.0,5,0.09581841879181163,1,Normal
Normal,MeterValues,233.48446709951654,63,45.91457392761429,2026-01-28 16:04:31.616618,257.0,3,0.11306559108619108,1,Normal
Normal,Authorize,327.9054355858509,151,0.0,2026-01-28 16:05:45.616618,74.0,0,0.05630041061128466,1,Normal
Normal,MeterValues,162.4979780017263,69,52.21824711314979,2026-01-28 16:10:31.616618,286.0,3,0.0755262268226663,1,Normal
Normal,Heartbeat,50.891633963749314,80,0.0,2026-01-28 16:15:30.616618,299.0,2,0.14962595686762215,1,Normal
Normal,Heartbeat,49.7532320671139,39,0.0,2026-01-28 16:16:18.616618,48.0,2,0.18936750515669282,1,Normal
Normal,Heartbeat,49.48978347440826,78,0.0,2026-01-28 16:20:34.616618,256.0,2,0.18780883417651584,1,Normal
Normal,Heartbeat,51.48263523482222,69,0.0,2026-01-28 16:23:12.616618,158.0,2,0.19195638585782304,1,Normal
Normal,MeterValues,187.479467319042,187,18.186297105294255,2026-01-28 16:25:55.616618,163.0,3,0.1438800529331904,1,Normal
Normal,Heartbeat,50.58233465340244,91,0.0,2026-01-28 16:28:38.616618,163.0,2,0.19742494421604678,1,Normal
Normal,MeterValues,205.3127880198925,33,53.02133435886785,2026-01-28 16:31:48.616618,190.0,3,0.12026942669596596,1,Normal
Normal,MeterValues,190.38391168916573,157,15.086251920172387,2026-01-28 16:34:28.616618,160.0,3,0.17047987364148165,1,Normal
Normal,MeterValues,214.45643523004742,113,34.307395902469864,2026-01-28 16:35:01.616618,33.0,3,0.16221235379841376,1,Normal
Normal,Heartbeat,48.38547123157829,54,0.0,2026-01-28 16:36:55.616618,114.0,2,0.19324008980693103,1,Normal
Normal,MeterValues,155.10040684301327,113,56.22046480753464,2026-01-28 16:37:46.616618,51.0,3,0.12010038419462926,1,Normal
Normal,MeterValues,164.52384429554365,60,51.88780769883702,2026-01-28 16:42:08.616618,262.0,3,0.08990148788447061,1,Normal
Normal,Heartbeat,51.1130824550075,71,0.0,2026-01-28 16:46:28.616618,260.0,2,0.17870268840630749,1,Normal
Normal,Heartbeat,48.09716649963909,75,0.0,2026-01-28 16:49:55.616618,207.0,2,0.18100877351223305,1,Normal
Normal,Heartbeat,49.559495812076555,40,0.0,2026-01-28 16:53:08.616618,193.0,2,0.18932098919991125,1,Normal
Normal,MeterValues,174.7464002506956,165,2.970930946335033,2026-01-28 16:57:11.616618,243.0,3,0.1623952432263306,1,Normal
Normal,Heartbeat,50.87251038329542,43,0.0,2026-01-28 17:01:56.616618,285.0,2,0.15871114925037694,1,Normal
Normal,StartTransaction,261.2722731334695,47,0.0,2026-01-28 17:04:22.616618,146.0,4,0.15325911530966202,1,Normal
Normal,MeterValues,205.56238845646985,54,8.171549149635997,2026-01-28 17:09:22.616618,300.0,3,0.10500823068158754,1,Normal
Normal,MeterValues,210.02369061779734,195,40.83006092442884,2026-01-28 17:10:48.616618,86.0,3,0.11737115550543642,1,Normal
Normal,StartTransaction,327.8405442780371,178,0.0,2026-01-28 17:14:56.616618,248.0,4,0.11059131096408575,1,Normal
Normal,Heartbeat,49.82414673346797,57,0.0,2026-01-28 17:18:47.616618,231.0,2,0.18961782106343117,1,Normal
Normal,Heartbeat,50.98329114121784,113,0.0,2026-01-28 17:20:29.616618,102.0,2,0.1975018417139734,1,Normal
Normal,Heartbeat,51.91288606453434,76,0.0,2026-01-28 17:22:36.616618,127.0,2,0.1862911793298948,1,Normal
Normal,StopTransaction,239.17602568025623,154,0.0,2026-01-28 17:23:06.616618,30.0,5,0.09460839183131509,1,Normal
Normal,StartTransaction,233.5577445241971,33,0.0,2026-01-28 17:24:34.616618,88.0,4,0.13890459651577697,1,Normal
Saldırı,BootNotification,2470.6618538738912,4134,0.0,2026-01-28 17:24:34.621618,0.005,1,-0.11456776749692166,-1,Saldırı
Normal,Heartbeat,48.72027606528461,59,0.0,2026-01-28 17:29:13.621618,279.0,2,0.1680504726393921,1,Normal
Normal,Heartbeat,51.23309218631652,184,0.0,2026-01-28 17:30:42.621618,89.0,2,0.16444712654773058,1,Normal
Normal,MeterValues,218.84869226764712,41,36.143091059168384,2026-01-28 17:32:47.621618,125.0,3,0.1606961054889529,1,Normal
Normal,Heartbeat,51.918300065011366,72,0.0,2026-01-28 17:33:04.621618,17.0,2,0.14801431686450128,1,Normal
Normal,MeterValues,173.11152451787063,100,38.66558220874018,2026-01-28 17:33:54.621618,50.0,3,0.16362430923686155,1,Normal
Normal,Heartbeat,50.84376353873635,98,0.0,2026-01-28 17:34:09.621618,15.0,2,0.1623433096710512,1,Normal
Normal,Authorize,376.5102340500867,105,0.0,2026-01-28 17:37:02.621618,173.0,0,0.04250497167963896,1,Normal
Normal,Heartbeat,50.54689032450033,52,0.0,2026-01-28 17:37:59.621618,57.0,2,0.18829606640529856,1,Normal
Normal,Heartbeat,51.85839801474862,161,0.0,2026-01-28 17:40:17.621618,138.0,2,0.185145384282075,1,Normal
Normal,Heartbeat,48.680984882364406,51,0.0,2026-01-28 17:42:02.621618,105.0,2,0.18577079335930247,1,Normal
Normal,MeterValues,222.65875580550608,159,50.28953113520386,2026-01-28 17:46:43.621618,281.0,3,0.0987602116814234,1,Normal
Normal,MeterValues,156.10519622731508,58,28.602122602910633,2026-01-28 17:48:51.621618,128.0,3,0.15976828497007123,1,Normal
Normal,Heartbeat,51.36667168741689,72,0.0,2026-01-28 17:53:04.621618,253.0,2,0.18445158744018314,1,Normal
Normal,MeterValues,156.2998709135586,33,56.60218825826882,2026-01-28 17:54:23.621618,79.0,3,0.10434468300788796,1,Normal
Normal,Heartbeat,51.193828573745876,90,0.0,2026-01-28 17:56:01.621618,98.0,2,0.19697842498819534,1,Normal
Normal,Heartbeat,51.03332887590423,187,0.0,2026-01-28 17:59:39.621618,218.0,2,0.15177758539258351,1,Normal
Normal,MeterValues,246.87081200211344,67,54.366714866527715,2026-01-28 18:01:10.621618,91.0,3,0.12645225059551113,1,Normal
Normal,MeterValues,216.71333264526854,91,16.817029622672987,2026-01-28 18:01:25.621618,15.0,3,0.15907016825153386,1,Normal
Normal,MeterValues,233.37134532311234,135,37.90806959726597,2026-01-28 18:04:17.621618,172.0,3,0.16101193609438524,1,Normal
Normal,StopTransaction,200.30378413816112,60,0.0,2026-01-28 18:07:10.621618,173.0,5,0.11193866458026464,1,Normal
Normal,MeterValues,218.48115661124237,48,42.64222311876591,2026-01-28 18:09:16.621618,126.0,3,0.15681341701599766,1,Normal
Normal,Heartbeat,49.54257663633063,106,0.0,2026-01-28 18:10:02.621618,46.0,2,0.19592656038464423,1,Normal
Normal,MeterValues,234.3650696039547,182,9.7184560296894,2026-01-28 18:14:44.621618,282.0,3,0.12461319962368861,1,Normal
Saldırı,BootNotification,1687.6108592713208,4029,0.0,2026-01-28 18:14:44.628618,0.007,1,-0.10237862560142985,-1,Saldırı
Normal,Heartbeat,51.01235260661352,132,0.0,2026-01-28 18:16:54.628618,130.0,2,0.19576336466279592,1,Normal
Normal,Heartbeat,50.905771242023164,163,0.0,2026-01-28 18:17:32.628618,38.0,2,0.1780860024558807,1,Normal
Normal,Heartbeat,48.48068925738178,117,0.0,2026-01-28 18:21:34.628618,242.0,2,0.17597457071388434,1,Normal
Normal,StartTransaction,330.7542600871693,96,0.0,2026-01-28 18:23:10.628618,96.0,4,0.14758063814362588,1,Normal
Normal,MeterValues,176.37432010291968,57,41.627000306622634,2026-01-28 18:24:00.628618,50.0,3,0.15409747969684873,1,Normal
Normal,MeterValues,201.5089064649714,76,58.2375283236735,2026-01-28 18:25:17.628618,77.0,3,0.1261967376055551,1,Normal
Normal,MeterValues,210.38862243777453,52,39.10802711455827,2026-01-28 18:26:56.628618,99.0,3,0.16187770976979493,1,Normal
Normal,MeterValues,220.82861020640487,43,39.87367244661641,2026-01-28 18:30:30.628618,214.0,3,0.13306057497592422,1,Normal
Normal,Heartbeat,49.91519304719315,107,0.0,2026-01-28 18:32:42.628618,132.0,2,0.2054583836535595,1,Normal
Normal,MeterValues,204.09302166017056,146,39.248975499087734,2026-01-28 18:33:40.628618,58.0,3,0.1622038486763071,1,Normal
Normal,Authorize,380.7129668664492,66,0.0,2026-01-28 18:34:36.628618,56.0,0,0.029153887656080957,1,Normal
Normal,MeterValues,209.25378959959758,100,34.083629555923686,2026-01-28 18:38:56.628618,260.0,3,0.1403842929281185,1,Normal
Normal,Heartbeat,50.400515318755424,37,0.0,2026-01-28 18:40:21.628618,85.0,2,0.18795536721187028,1,Normal
Normal,Heartbeat,50.514901962369755,140,0.0,2026-01-28 18:41:15.628618,54.0,2,0.19129546298319844,1,Normal
Normal,MeterValues,240.24564402595175,85,8.491174087508274,2026-01-28 18:45:32.628618,257.0,3,0.14485792352087007,1,Normal
Normal,MeterValues,223.86818813368907,120,48.814627223053385,2026-01-28 18:46:47.628618,75.0,3,0.15933247755400137,1,Normal
Normal,Heartbeat,50.36335388642521,163,0.0,2026-01-28 18:48:33.628618,106.0,2,0.1918505186206062,1,Normal
Normal,Heartbeat,48.57806750769935,71,0.0,2026-01-28 18:49:04.628618,31.0,2,0.17070205520375242,1,Normal
Normal,MeterValues,171.17081349718308,148,48.81685673947628,2026-01-28 18:49:28.628618,24.0,3,0.13931156173929005,1,Normal
Normal,MeterValues,210.5223015945349,54,38.460344438175575,2026-01-28 18:49:55.628618,27.0,3,0.1440094448994012,1,Normal
Normal,StartTransaction,206.00521820877205,177,0.0,2026-01-28 18:51:40.628618,105.0,4,0.13460297447624653,1,Normal
Normal,BootNotification,253.9663420196251,44,0.0,2026-01-28 18:53:02.628618,82.0,1,0.12296045663855942,1,Normal
Normal,StartTransaction,377.72680535737646,58,0.0,2026-01-28 18:55:25.628618,143.0,4,0.11844574518740492,1,Normal
Normal,MeterValues,169.12799478670485,77,28.753277862044403,2026-01-28 18:58:31.628618,186.0,3,0.16087870672614896,1,Normal
Normal,MeterValues,230.82745667703622,34,1.4591119862415924,2026-01-28 19:03:03.628618,272.0,3,0.13813801663665076,1,Normal
Normal,MeterValues,164.62846255678127,21,57.56927861986546,2026-01-28 19:07:31.628618,268.0,3,0.046773058769814635,1,Normal
Normal,Heartbeat,48.803197296320555,64,0.0,2026-01-28 19:10:21.628618,170.0,2,0.19526879104672434,1,Normal
Normal,MeterValues,183.45158950168715,102,53.71232951031395,2026-01-28 19:12:44.628618,143.0,3,0.15237983229078006,1,Normal
Normal,Heartbeat,49.43741074059709,168,0.0,2026-01-28 19:13:35.628618,51.0,2,0.17579523415626053,1,Normal
Normal,Heartbeat,49.38156522772851,76,0.0,2026-01-28 19:16:20.628618,165.0,2,0.1990297439249618,1,Normal
Normal,MeterValues,159.03480034602572,192,30.91274926244966,2026-01-28 19:17:05.628618,45.0,3,0.11591049433769457,1,Normal
Normal,Heartbeat,51.79924423605056,135,0.0,2026-01-28 19:20:43.628618,218.0,2,0.1822748719364472,1,Normal
Saldırı,MeterValues,168.0,148,1135.2123881200603,2026-01-28 19:21:04.628618,21.0,3,-0.05740024055231585,-1,Saldırı
Normal,Heartbeat,48.02062339827577,116,0.0,2026-01-28 19:22:38.628618,94.0,2,0.18525400233669592,1,Normal
Normal,Heartbeat,50.5520609570129,85,0.0,2026-01-28 19:25:06.628618,148.0,2,0.19880465657914592,1,Normal
Normal,MeterValues,198.10532943165504,192,0.12207704375265749,2026-01-28 19:29:56.628618,290.0,3,0.11776627587156718,1,Normal
Normal,BootNotification,385.4748499645181,80,0.0,2026-01-28 19:31:33.628618,97.0,1,0.09382566852652874,1,Normal
Normal,Heartbeat,51.06320817055379,25,0.0,2026-01-28 19:35:21.628618,228.0,2,0.16552521439211187,1,Normal
Normal,MeterValues,227.655198240001,28,6.635485881482303,2026-01-28 19:37:27.628618,126.0,3,0.16501648140520148,1,Normal
Normal,Authorize,353.0521379806365,27,0.0,2026-01-28 19:38:58.628618,91.0,0,0.03453525903678201,1,Normal
Normal,MeterValues,191.19292836419243,195,10.419470165245574,2026-01-28 19:39:34.628618,36.0,3,0.13451616453432358,1,Normal
Normal,MeterValues,156.44539352111087,66,28.846511696674398,2026-01-28 19:42:26.628618,172.0,3,0.1541214141806191,1,Normal
Normal,MeterValues,220.50340278387165,33,5.617738995908628,2026-01-28 19:46:28.628618,242.0,3,0.1445121966183952,1,Normal
Normal,Heartbeat,50.32764771282117,116,0.0,2026-01-28 19:48:04.628618,96.0,2,0.19629781948789476,1,Normal
Normal,Heartbeat,50.91662571268442,135,0.0,2026-01-28 19:50:42.628618,158.0,2,0.1881723822402882,1,Normal
Normal,StopTransaction,285.83553576083744,104,0.0,2026-01-28 19:55:37.628618,295.0,5,0.08149402142312989,1,Normal
Normal,Heartbeat,48.927128563321176,147,0.0,2026-01-28 19:56:23.628618,46.0,2,0.18787543951639835,1,Normal
Normal,BootNotification,294.7199295179375,32,0.0,2026-01-28 19:58:15.628618,112.0,1,0.11658880798438942,1,Normal
Normal,MeterValues,209.51023337173422,174,30.653300787562113,2026-01-28 20:00:25.628618,130.0,3,0.1620070294379154,1,Normal
Normal,BootNotification,380.9958077788779,88,0.0,2026-01-28 20:02:21.628618,116.0,1,0.10236229680576181,1,Normal
Normal,MeterValues,183.6312474638071,196,36.55088641111705,2026-01-28 20:04:54.628618,153.0,3,0.12928058314421875,1,Normal
Normal,Heartbeat,50.94163632834984,58,0.0,2026-01-28 20:09:19.628618,265.0,2,0.1755213316171908,1,Normal
Normal,StartTransaction,376.03508041523287,140,0.0,2026-01-28 20:09:42.628618,23.0,4,0.09508016674833997,1,Normal
Normal,Heartbeat,51.49578383837622,115,0.0,2026-01-28 20:12:36.628618,174.0,2,0.19452768536104464,1,Normal
Normal,StartTransaction,282.35168178663105,71,0.0,2026-01-28 20:17:30.628618,294.0,4,0.10284645470523701,1,Normal
Normal,Heartbeat,49.0545200481484,98,0.0,2026-01-28 20:18:03.628618,33.0,2,0.18420649717403415,1,Normal
Normal,Heartbeat,50.04836474712591,121,0.0,2026-01-28 20:20:03.628618,120.0,2,0.19956876421596176,1,Normal
Normal,Heartbeat,51.31451764805276,41,0.0,2026-01-28 20:20:37.628618,34.0,2,0.1708420123377999,1,Normal
Normal,Heartbeat,50.05182866073912,30,0.0,2026-01-28 20:21:26.628618,49.0,2,0.17480176133370895,1,Normal
Normal,Heartbeat,50.067473570806655,158,0.0,2026-01-28 20:24:21.628618,175.0,2,0.1871820286133486,1,Normal
Normal,Heartbeat,49.3065272078091,158,0.0,2026-01-28 20:26:30.628618,129.0,2,0.1925156829659424,1,Normal
Normal,Heartbeat,49.657608705916644,95,0.0,2026-01-28 20:28:52.628618,142.0,2,0.20291018479123946,1,Normal
Normal,MeterValues,212.31888746536288,100,7.238564567111137,2026-01-28 20:32:51.628618,239.0,3,0.16264515704601074,1,Normal
Normal,StopTransaction,268.5438151449528,124,0.0,2026-01-28 20:34:58.628618,127.0,5,0.13825547136573563,1,Normal
Normal,Heartbeat,50.55205311813946,114,0.0,2026-01-28 20:36:01.628618,63.0,2,0.19458239150180023,1,Normal
Normal,Heartbeat,50.34659526271899,142,0.0,2026-01-28 20:40:37.628618,276.0,2,0.17814484797328184,1,Normal
Normal,MeterValues,163.65279690375792,41,48.98262166042463,2026-01-28 20:45:01.628618,264.0,3,0.08778475255180773,1,Normal
Normal,MeterValues,220.48237508591407,170,42.08267993001648,2026-01-28 20:47:33.628618,152.0,3,0.15256725081715294,1,Normal
Normal,StartTransaction,270.4113919711125,56,0.0,2026-01-28 20:48:06.628618,33.0,4,0.11873254050537324,1,Normal
Normal,StopTransaction,376.2244587591276,105,0.0,2026-01-28 20:49:51.628618,105.0,5,0.10367138635661377,1,Normal
Normal,Authorize,327.2413647822118,157,0.0,2026-01-28 20:54:10.628618,259.0,0,0.046501102428953556,1,Normal
Normal,StartTransaction,206.33907176468574,83,0.0,2026-01-28 20:57:02.628618,172.0,4,0.15393737396553708,1,Normal
Normal,Heartbeat,49.222665964929014,149,0.0,2026-01-28 21:01:18.628618,256.0,2,0.18686417129267813,1,Normal
Normal,MeterValues,152.81654281166297,49,8.523723687324408,2026-01-28 21:03:06.628618,108.0,3,0.15809859217987554,1,Normal
Normal,Heartbeat,49.438612152415324,113,0.0,2026-01-28 21:03:49.628618,43.0,2,0.19310811238766107,1,Normal
Normal,Heartbeat,51.73436921846032,130,0.0,2026-01-28 21:08:32.628618,283.0,2,0.16773903564926873,1,Normal
Normal,Heartbeat,48.80451540010772,146,0.0,2026-01-28 21:10:01.628618,89.0,2,0.19314659533259088,1,Normal
Normal,BootNotification,255.10037016398027,40,0.0,2026-01-28 21:10:40.628618,39.0,1,0.11226042640132089,1,Normal
Normal,BootNotification,218.6197385076881,196,0.0,2026-01-28 21:14:28.628618,228.0,1,0.08047155757515279,1,Normal
Normal,StartTransaction,272.8504876131953,78,0.0,2026-01-28 21:18:19.628618,231.0,4,0.1404366428194378,1,Normal
Normal,Heartbeat,49.67452694478025,24,0.0,2026-01-28 21:20:44.628618,145.0,2,0.17592546598393954,1,Normal
Normal,Authorize,200.3161056522114,120,0.0,2026-01-28 21:21:01.628618,17.0,0,0.04549902550039697,1,Normal
Normal,Heartbeat,50.51241126365846,175,0.0,2026-01-28 21:22:10.628618,69.0,2,0.17449365921259335,1,Normal
Normal,Heartbeat,50.639178733786046,38,0.0,2026-01-28 21:24:47.628618,157.0,2,0.18716344947133556,1,Normal
Normal,Authorize,229.6073388222456,82,0.0,2026-01-28 21:27:18.628618,151.0,0,0.08537642542166246,1,Normal
Normal,Heartbeat,49.98653155879369,167,0.0,2026-01-28 21:31:52.628618,274.0,2,0.17472694068670752,1,Normal
Normal,Heartbeat,48.61628049805217,45,0.0,2026-01-28 21:35:26.628618,214.0,2,0.17943875820224664,1,Normal
Normal,BootNotification,271.86762522487635,116,0.0,2026-01-28 21:36:48.628618,82.0,1,0.1307782912116291,1,Normal
Normal,Authorize,244.84269555136117,124,0.0,2026-01-28 21:37:04.628618,16.0,0,0.05218633885223711,1,Normal
Normal,Authorize,277.83437104810724,40,0.0,2026-01-28 21:39:07.628618,123.0,0,0.06253796111496879,1,Normal
Normal,MeterValues,235.09130285484463,84,40.00748526517357,2026-01-28 21:43:30.628618,263.0,3,0.12002628428720047,1,Normal
Normal,StopTransaction,272.21220240003703,135,0.0,2026-01-28 21:45:04.628618,94.0,5,0.13101531606615657,1,Normal
Normal,StartTransaction,222.89901263137966,166,0.0,2026-01-28 21:48:23.628618,199.0,4,0.14410214224768614,1,Normal
Normal,MeterValues,162.68852983199514,119,29.645866538991427,2026-01-28 21:52:28.628618,245.0,3,0.14938967800137426,1,Normal
Normal,Heartbeat,49.57327061293367,104,0.0,2026-01-28 21:53:39.628618,71.0,2,0.19576438185215328,1,Normal
Normal,MeterValues,237.51418697938885,116,19.750156411142473,2026-01-28 21:54:10.628618,31.0,3,0.15976628354307681,1,Normal
Normal,Heartbeat,51.44682963318422,64,0.0,2026-01-28 21:58:24.628618,254.0,2,0.18242640013189698,1,Normal
Normal,BootNotification,340.33014847467206,83,0.0,2026-01-28 21:58:41.628618,17.0,1,0.09318530876228703,1,Normal
Normal,MeterValues,178.60907439270733,191,52.68957774574525,2026-01-28 21:59:30.628618,49.0,3,0.10021001089954684,1,Normal
Normal,StartTransaction,361.16694848122796,45,0.0,2026-01-28 22:01:01.628618,91.0,4,0.12903001023069632,1,Normal
Normal,Heartbeat,48.76110407367795,67,0.0,2026-01-28 22:03:55.628618,174.0,2,0.1919604728750373,1,Normal
Normal,Heartbeat,48.906734010717386,136,0.0,2026-01-28 22:07:56.628618,241.0,2,0.18762345511178435,1,Normal
Normal,MeterValues,204.67382185147426,30,3.349423693634921,2026-01-28 22:12:44.628618,288.0,3,0.12388275635833074,1,Normal
Normal,Heartbeat,51.597576273850194,173,0.0,2026-01-28 22:15:07.628618,143.0,2,0.1789980671952085,1,Normal
Normal,Heartbeat,50.44080595105682,23,0.0,2026-01-28 22:17:32.628618,145.0,2,0.17381347339587627,1,Normal
Normal,Heartbeat,50.78934338496225,50,0.0,2026-01-28 22:21:56.628618,264.0,2,0.16925240493658822,1,Normal
Normal,StopTransaction,337.4249711613238,158,0.0,2026-01-28 22:24:01.628618,125.0,5,0.11208679607199351,1,Normal
Normal,StartTransaction,279.6822822379676,154,0.0,2026-01-28 22:25:12.628618,71.0,4,0.14116849797946845,1,Normal
Normal,Heartbeat,48.177503323867825,34,0.0,2026-01-28 22:28:24.628618,192.0,2,0.17290409298934456,1,Normal
Normal,Heartbeat,51.51864778955836,59,0.0,2026-01-28 22:29:10.628618,46.0,2,0.18894694221538821,1,Normal
Normal,Heartbeat,48.472774273208785,110,0.0,2026-01-28 22:31:00.628618,110.0,2,0.19715944663635165,1,Normal
Normal,BootNotification,232.09177820068126,154,0.0,2026-01-28 22:31:50.628618,50.0,1,0.11956370445452602,1,Normal
Normal,StartTransaction,280.4024556543707,75,0.0,2026-01-28 22:36:23.628618,273.0,4,0.12511574920272567,1,Normal
Normal,StartTransaction,304.27836777821193,81,0.0,2026-01-28 22:39:09.628618,166.0,4,0.15234035877652535,1,Normal
Normal,MeterValues,212.79627834430238,144,10.231348988031133,2026-01-28 22:41:19.628618,130.0,3,0.18200888838331758,1,Normal
Normal,StopTransaction,239.6238254086843,152,0.0,2026-01-28 22:43:13.628618,114.0,5,0.12121235844137396,1,Normal
Normal,Heartbeat,50.28478725676566,197,0.0,2026-01-28 22:47:02.628618,229.0,2,0.1420179623910114,1,Normal
Normal,StartTransaction,211.32561150079385,75,0.0,2026-01-28 22:49:00.628618,118.0,4,0.1528804657228826,1,Normal
Normal,MeterValues,214.68242333541164,105,39.41583460274521,2026-01-28 22:49:44.628618,44.0,3,0.1644993938867887,1,Normal
Normal,StartTransaction,337.0280882181856,49,0.0,2026-01-28 22:51:58.628618,134.0,4,0.139713158989497,1,Normal
Normal,StartTransaction,330.1331327185385,130,0.0,2026-01-28 22:52:58.628618,60.0,4,0.1435802388785628,1,Normal
Normal,Heartbeat,48.17063997075207,102,0.0,2026-01-28 22:55:33.628618,155.0,2,0.18933142145737014,1,Normal
Normal,Heartbeat,49.888113699965885,107,0.0,2026-01-28 22:58:26.628618,173.0,2,0.20057135891155425,1,Normal
Normal,StopTransaction,278.40463173386604,54,0.0,2026-01-28 23:02:06.628618,220.0,5,0.1154287148634931,1,Normal
Normal,MeterValues,231.35674380989224,20,19.917275892437168,2026-01-28 23:02:23.628618,17.0,3,0.10771866740285574,1,Normal
Normal,StopTransaction,330.6562108256555,161,0.0,2026-01-28 23:05:19.628618,176.0,5,0.10751261633357856,1,Normal
Saldırı,BootNotification,2180.2627753048223,2235,0.0,2026-01-28 23:05:19.636618,0.008,1,-0.09142312421606102,-1,Saldırı
Normal,Heartbeat,51.072535817419045,30,0.0,2026-01-28 23:08:25.636618,186.0,2,0.1751670846674549,1,Normal
Normal,MeterValues,191.64878706125563,159,0.8924421478823952,2026-01-28 23:11:28.636618,183.0,3,0.17501332651644963,1,Normal
Normal,MeterValues,153.56715096412873,161,35.04397769925996,2026-01-28 23:13:52.636618,144.0,3,0.1515828859188721,1,Normal
Normal,Heartbeat,51.06542465597735,120,0.0,2026-01-28 23:14:28.636618,36.0,2,0.18838219174514836,1,Normal
Normal,MeterValues,199.49399373619917,88,11.129754590989847,2026-01-28 23:17:10.636618,162.0,3,0.1753627279060308,1,Normal
Normal,StopTransaction,329.3971213614886,29,0.0,2026-01-28 23:18:11.636618,61.0,5,0.09492241340637897,1,Normal
Normal,StartTransaction,301.9166494994682,81,0.0,2026-01-28 23:22:15.636618,244.0,4,0.13451145337227666,1,Normal
Normal,Heartbeat,49.156129629173726,198,0.0,2026-01-28 23:27:01.636618,286.0,2,0.11920223047845324,1,Normal
Normal,MeterValues,177.44606163946915,92,13.396363665572572,2026-01-28 23:28:29.636618,88.0,3,0.1792372475401406,1,Normal
Normal,StartTransaction,198.91197589205498,73,0.0,2026-01-28 23:32:51.636618,262.0,4,0.1252094715027432,1,Normal
Normal,BootNotification,390.1517749070279,123,0.0,2026-01-28 23:34:44.636618,113.0,1,0.09338395745119432,1,Normal
Normal,BootNotification,347.78894575956457,71,0.0,2026-01-28 23:35:33.636618,49.0,1,0.10118434883548327,1,Normal
Normal,MeterValues,159.60158522508632,93,55.19497367668032,2026-01-28 23:39:28.636618,235.0,3,0.10732536708018481,1,Normal
Normal,MeterValues,161.96572987932237,178,30.790669738723846,2026-01-28 23:43:09.636618,221.0,3,0.12414425072706697,1,Normal
Saldırı,MeterValues,216.0,139,1108.1875803844732,2026-01-28 23:43:44.636618,35.0,3,-0.04179274433301483,-1,Saldırı
Normal,StopTransaction,250.9202844039062,30,0.0,2026-01-28 23:48:05.636618,261.0,5,0.07983454146064617,1,Normal
Normal,StartTransaction,305.4027495222322,136,0.0,2026-01-28 23:48:15.636618,10.0,4,0.10911307863514363,1,Normal
Normal,StartTransaction,334.55822856217213,65,0.0,2026-01-28 23:50:37.636618,142.0,4,0.1432937345986825,1,Normal
Normal,Heartbeat,50.508904445390456,89,0.0,2026-01-28 23:55:22.636618,285.0,2,0.1708062831114926,1,Normal
Normal,StopTransaction,284.5034847469048,23,0.0,2026-01-28 23:56:30.636618,68.0,5,0.09951016784360528,1,Normal
Normal,BootNotification,347.75877458401146,69,0.0,2026-01-29 00:01:00.636618,270.0,1,0.06702241785713758,1,Normal
Normal,MeterValues,222.04333668393605,103,27.70474383823774,2026-01-29 00:05:38.636618,278.0,3,0.13478966910313261,1,Normal
Normal,Heartbeat,48.63047750932766,27,0.0,2026-01-29 00:09:17.636618,219.0,2,0.16593005590201293,1,Normal
Normal,MeterValues,245.78254022165322,143,53.063919767652834,2026-01-29 00:13:07.636618,230.0,3,0.10518081448647393,1,Normal
Normal,StartTransaction,231.57078644148353,197,0.0,2026-01-29 00:13:41.636618,34.0,4,0.09478346406779314,1,Normal
Normal,MeterValues,179.92035148736224,68,47.916701423815425,2026-01-29 00:16:10.636618,149.0,3,0.15123674096107864,1,Normal
Normal,Heartbeat,50.88480543921136,184,0.0,2026-01-29 00:19:03.636618,173.0,2,0.16591255324678156,1,Normal
Normal,Heartbeat,50.42513263552066,79,0.0,2026-01-29 00:22:14.636618,191.0,2,0.1913624447438147,1,Normal
Normal,Heartbeat,49.797707827686345,134,0.0,2026-01-29 00:26:44.636618,270.0,2,0.18150677306491952,1,Normal
Normal,StartTransaction,323.7436048855976,102,0.0,2026-01-29 00:30:45.636618,241.0,4,0.1303485494998427,1,Normal
Saldırı,MeterValues,218.0,74,1160.455157641655,2026-01-29 00:31:32.636618,47.0,3,-0.042353890643686665,-1,Saldırı
Normal,StopTransaction,249.0333752861277,53,0.0,2026-01-29 00:35:12.636618,220.0,5,0.10930687693437974,1,Normal
Saldırı,BootNotification,2127.6135988421397,3707,0.0,2026-01-29 00:35:12.645618,0.009,1,-0.09979503200255313,-1,Saldırı
Normal,Heartbeat,51.56250186352109,73,0.0,2026-01-29 00:36:43.645618,91.0,2,0.1946715895214461,1,Normal
Normal,MeterValues,188.38533519767083,108,35.48411568440383,2026-01-29 00:37:07.645618,24.0,3,0.16358842200677537,1,Normal
Normal,Heartbeat,50.06254337060988,166,0.0,2026-01-29 00:40:27.645618,200.0,2,0.1843738717832471,1,Normal
Normal,Heartbeat,49.16495040817339,27,0.0,2026-01-29 00:40:48.645618,21.0,2,0.14487354167918864,1,Normal
Normal,MeterValues,194.50860243369485,57,46.7604936311669,2026-01-29 00:43:45.645618,177.0,3,0.14711633239149208,1,Normal
Normal,MeterValues,219.96189435060825,135,27.218276892743262,2026-01-29 00:47:22.645618,217.0,3,0.1562163668051102,1,Normal
Normal,Authorize,310.69662052471404,119,0.0,2026-01-29 00:51:38.645618,256.0,0,0.05667343121617219,1,Normal
Normal,StartTransaction,288.0689108473977,115,0.0,2026-01-29 00:54:47.645618,189.0,4,0.15220379846504245,1,Normal
Normal,MeterValues,209.21080519564748,109,42.0761011172494,2026-01-29 00:56:00.645618,73.0,3,0.16908672673753528,1,Normal
Normal,MeterValues,219.60839828583659,127,20.976707405520678,2026-01-29 00:59:05.645618,185.0,3,0.1679109294747636,1,Normal
Normal,MeterValues,171.09506554990924,35,20.586229098016467,2026-01-29 00:59:43.645618,38.0,3,0.145737194124282,1,Normal
Normal,Heartbeat,48.77613121328497,123,0.0,2026-01-29 01:01:34.645618,111.0,2,0.19312433808826368,1,Normal
Normal,MeterValues,248.89521565354298,193,11.491416075811179,2026-01-29 01:02:00.645618,26.0,3,0.12454679380566641,1,Normal
Normal,StartTransaction,279.22433824975536,146,0.0,2026-01-29 01:04:40.645618,160.0,4,0.15101630974951868,1,Normal
Normal,MeterValues,162.38847958301253,64,16.70308950619919,2026-01-29 01:09:40.645618,300.0,3,0.09674656368052303,1,Normal
Normal,StopTransaction,325.1787702825001,146,0.0,2026-01-29 01:11:39.645618,119.0,5,0.1189092298872596,1,Normal
Normal,MeterValues,162.28644186736003,103,2.242040578993212,2026-01-29 01:13:58.645618,139.0,3,0.1855529140240833,1,Normal
Normal,StartTransaction,337.91283131182513,140,0.0,2026-01-29 01:16:06.645618,128.0,4,0.14278854215313802,1,Normal
Normal,StartTransaction,213.9195516334154,103,0.0,2026-01-29 01:18:11.645618,125.0,4,0.15754376745819454,1,Normal
Normal,Heartbeat,51.91280464640774,107,0.0,2026-01-29 01:18:40.645618,29.0,2,0.17455036608464564,1,Normal
Normal,Heartbeat,51.05469457450138,138,0.0,2026-01-29 01:20:13.645618,93.0,2,0.20075580976631224,1,Normal
Normal,Heartbeat,50.366380303106084,42,0.0,2026-01-29 01:21:24.645618,71.0,2,0.18976634531102177,1,Normal
Normal,StopTransaction,351.7435185222437,53,0.0,2026-01-29 01:23:28.645618,124.0,5,0.11070137172101085,1,Normal
Normal,Heartbeat,50.615509923040435,108,0.0,2026-01-29 01:27:21.645618,233.0,2,0.19195064802281825,1,Normal
Normal,Heartbeat,50.40827860427819,149,0.0,2026-01-29 01:29:36.645618,135.0,2,0.19983832639305577,1,Normal
Normal,Heartbeat,49.90170010805243,58,0.0,2026-01-29 01:32:57.645618,201.0,2,0.1934301351177592,1,Normal
Normal,MeterValues,217.05862673573412,57,7.936015270340384,2026-01-29 01:34:32.645618,95.0,3,0.17895676342041578,1,Normal
Normal,Heartbeat,49.64803802103788,135,0.0,2026-01-29 01:38:01.645618,209.0,2,0.19015862744190493,1,Normal
Normal,Heartbeat,49.81171764783749,182,0.0,2026-01-29 01:38:36.645618,35.0,2,0.16211791027618838,1,Normal
Normal,MeterValues,195.41160251775892,194,0.4430961785820431,2026-01-29 01:39:46.645618,70.0,3,0.14356532146591566,1,Normal
Normal,Heartbeat,51.918615125793046,44,0.0,2026-01-29 01:43:27.645618,221.0,2,0.16976445614951063,1,Normal
Normal,Heartbeat,49.0166834962483,34,0.0,2026-01-29 01:48:22.645618,295.0,2,0.1361784695500633,1,Normal
Normal,MeterValues,169.30333485438283,130,46.1905258578561,2026-01-29 01:51:28.645618,186.0,3,0.15291792580301605,1,Normal
Normal,MeterValues,223.6921224480052,124,47.57674388542812,2026-01-29 01:53:59.645618,151.0,3,0.15870607340367093,1,Normal
Normal,MeterValues,169.08418358317604,53,0.49100718943717814,2026-01-29 01:56:32.645618,153.0,3,0.16925811147694736,1,Normal
Normal,Heartbeat,49.90740486840087,30,0.0,2026-01-29 01:57:58.645618,86.0,2,0.18143422847785579,1,Normal
Normal,StopTransaction,301.6146841494878,182,0.0,2026-01-29 02:00:18.645618,140.0,5,0.11586474595915164,1,Normal
Normal,Heartbeat,49.8326785508033,50,0.0,2026-01-29 02:04:24.645618,246.0,2,0.18074561726804927,1,Normal
Normal,StartTransaction,303.87919891502975,169,0.0,2026-01-29 02:06:04.645618,100.0,4,0.14518939328970926,1,Normal
Normal,MeterValues,209.11417265532023,138,24.250391171666188,2026-01-29 02:07:59.645618,115.0,3,0.17963644296874104,1,Normal
Normal,StartTransaction,326.6855952221226,177,0.0,2026-01-29 02:11:11.645618,192.0,4,0.11975129744828472,1,Normal
Normal,StartTransaction,385.88011937727936,89,0.0,2026-01-29 02:13:00.645618,109.0,4,0.11865718946480919,1,Normal
Normal,Heartbeat,50.50971501145917,111,0.0,2026-01-29 02:17:03.645618,243.0,2,0.18863877265953533,1,Normal
Normal,Heartbeat,49.65258667998017,121,0.0,2026-01-29 02:19:19.645618,136.0,2,0.19914795552250952,1,Normal
Normal,Heartbeat,51.02394117201559,148,0.0,2026-01-29 02:21:21.645618,122.0,2,0.19435800001713294,1,Normal
Normal,StartTransaction,244.5937781570216,77,0.0,2026-01-29 02:25:33.645618,252.0,4,0.1411029584994699,1,Normal
Normal,StartTransaction,252.66729594869236,27,0.0,2026-01-29 02:29:03.645618,210.0,4,0.12354466599738206,1,Normal
Normal,MeterValues,186.95061079707642,119,59.64826382460908,2026-01-29 02:33:07.645618,244.0,3,0.09935443312651598,1,Normal
Normal,StopTransaction,291.318105817661,128,0.0,2026-01-29 02:37:24.645618,257.0,5,0.10695914199460232,1,Normal
Normal,StartTransaction,330.1420789039605,180,0.0,2026-01-29 02:38:59.645618,95.0,4,0.1293644097547782,1,Normal
Normal,MeterValues,174.2745951081122,64,5.202529058623638,2026-01-29 02:43:26.645618,267.0,3,0.1438060734738325,1,Normal
Normal,StopTransaction,330.42925397097457,32,0.0,2026-01-29 02:47:35.645618,249.0,5,0.08665714736730856,1,Normal
Normal,StartTransaction,225.55126464731094,198,0.0,2026-01-29 02:49:14.645618,99.0,4,0.11685443529241207,1,Normal
Normal,Heartbeat,50.3143247211086,164,0.0,2026-01-29 02:49:59.645618,45.0,2,0.17973462780727795,1,Normal
Normal,Heartbeat,48.29044964188021,198,0.0,2026-01-29 02:52:02.645618,123.0,2,0.15168278330002116,1,Normal
Normal,StartTransaction,201.74547825794778,23,0.0,2026-01-29 02:55:30.645618,208.0,4,0.1270417694953222,1,Normal
Normal,StopTransaction,277.0024318187521,183,0.0,2026-01-29 02:58:59.645618,209.0,5,0.10034369057211251,1,Normal
Normal,MeterValues,189.08757745278868,146,18.765786277643247,2026-01-29 03:02:47.645618,228.0,3,0.16065336604988517,1,Normal
Normal,Heartbeat,51.978457268262865,160,0.0,2026-01-29 03:05:24.645618,157.0,2,0.1738143550404288,1,Normal
Normal,MeterValues,161.1872475588079,129,42.510815397292596,2026-01-29 03:06:59.645618,95.0,3,0.1593415481674107,1,Normal
Normal,Authorize,205.81591435596954,161,0.0,2026-01-29 03:08:01.645618,62.0,0,0.054195497849854224,1,Normal
Normal,MeterValues,184.25583276383134,129,22.93098825749037,2026-01-29 03:12:42.645618,281.0,3,0.13983553439227941,1,Normal
Normal,MeterValues,210.71682640968984,164,17.137775867755327,2026-01-29 03:17:38.645618,296.0,3,0.11708891804690097,1,Normal
Normal,Heartbeat,48.94245188156171,76,0.0,2026-01-29 03:21:04.645618,206.0,2,0.1909722882164086,1,Normal
Normal,Heartbeat,51.997453755546346,174,0.0,2026-01-29 03:21:23.645618,19.0,2,0.14092797612137908,1,Normal
Normal,StartTransaction,219.1948311415565,96,0.0,2026-01-29 03:24:56.645618,213.0,4,0.15303165753131853,1,Normal
Normal,MeterValues,195.50503335045505,149,46.55079205852196,2026-01-29 03:25:21.645618,25.0,3,0.14947042235081415,1,Normal
Normal,Authorize,395.5617314407898,117,0.0,2026-01-29 03:26:47.645618,86.0,0,0.032292594836995536,1,Normal
Normal,Heartbeat,51.76960719957581,156,0.0,2026-01-29 03:27:11.645618,24.0,2,0.16168798558494812,1,Normal
Normal,StartTransaction,338.2359414072538,153,0.0,2026-01-29 03:27:38.645618,27.0,4,0.12144782321334413,1,Normal
Normal,MeterValues,151.37027619755958,121,45.94260926775495,2026-01-29 03:30:19.645618,161.0,3,0.14475619415965357,1,Normal
Normal,StartTransaction,344.2498044098802,76,0.0,2026-01-29 03:31:06.645618,47.0,4,0.12434921341553273,1,Normal
Normal,MeterValues,192.81197599352046,177,57.07832637955741,2026-01-29 03:34:25.645618,199.0,3,0.0977988154971065,1,Normal
Normal,StartTransaction,261.6214584980524,106,0.0,2026-01-29 03:34:53.645618,28.0,4,0.13452209381888436,1,Normal
Normal,MeterValues,205.9544156344763,189,30.157170080806708,2026-01-29 03:36:29.645618,96.0,3,0.1411411769319239,1,Normal
Normal,MeterValues,246.51041837072094,176,47.637604274467975,2026-01-29 03:38:49.645618,140.0,3,0.1251082942935779,1,Normal
Normal,MeterValues,150.56624310605872,20,17.854780272738605,2026-01-29 03:41:51.645618,182.0,3,0.12189583567282497,1,Normal
Normal,Authorize,216.9102212983259,69,0.0,2026-01-29 03:42:14.645618,23.0,0,0.05780421590445628,1,Normal
Normal,MeterValues,221.18111568085084,105,36.197787391395245,2026-01-29 03:45:41.645618,207.0,3,0.15164765772853112,1,Normal
Normal,MeterValues,233.0299227394658,163,22.465950457274403,2026-01-29 03:45:52.645618,11.0,3,0.13148831791522086,1,Normal
Normal,Heartbeat,50.75327741543522,100,0.0,2026-01-29 03:50:07.645618,255.0,2,0.1861088279871862,1,Normal
Normal,Heartbeat,50.76674421274549,195,0.0,2026-01-29 03:54:20.645618,253.0,2,0.14412616466698625,1,Normal
Normal,MeterValues,164.4207008506761,127,40.64082104379046,2026-01-29 03:56:55.645618,155.0,3,0.15301312491998426,1,Normal
Normal,Heartbeat,48.24030305114246,94,0.0,2026-01-29 03:57:44.645618,49.0,2,0.18312290021267885,1,Normal
Normal,MeterValues,231.1801981136355,39,7.149214793580394,2026-01-29 03:59:40.645618,116.0,3,0.17081568696639976,1,Normal
Normal,StopTransaction,369.42905736547203,173,0.0,2026-01-29 04:02:59.645618,199.0,5,0.08209717087272594,1,Normal
Normal,Heartbeat,49.74452446454403,150,0.0,2026-01-29 04:03:32.645618,33.0,2,0.18129899152699636,1,Normal
Normal,Authorize,232.98038679385408,24,0.0,2026-01-29 04:08:27.645618,295.0,0,0.014617607222127238,1,Normal
Saldırı,BootNotification,2329.429068709212,4051,0.0,2026-01-29 04:08:27.650618,0.005,1,-0.10548800371804823,-1,Saldırı
Normal,MeterValues,153.51406094274853,122,52.00953015256307,2026-01-29 04:09:22.650618,55.0,3,0.1358177831160277,1,Normal
Normal,Heartbeat,50.32558584017136,191,0.0,2026-01-29 04:11:23.650618,121.0,2,0.1650357263372757,1,Normal
Normal,MeterValues,205.25183504264157,124,26.939819888920873,2026-01-29 04:12:19.650618,56.0,3,0.17818852394596585,1,Normal
Normal,Heartbeat,49.01600592666849,56,0.0,2026-01-29 04:12:54.650618,35.0,2,0.17973920726130888,1,Normal
Normal,Heartbeat,48.07050446744633,38,0.0,2026-01-29 04:14:09.650618,75.0,2,0.1700254046006972,1,Normal
Normal,Heartbeat,49.031850134846394,46,0.0,2026-01-29 04:15:33.650618,84.0,2,0.19307713412442623,1,Normal
Normal,MeterValues,214.5246324779974,76,18.452261343485333,2026-01-29 04:19:51.650618,258.0,3,0.14207411912810042,1,Normal
Normal,Heartbeat,48.33885842872936,28,0.0,2026-01-29 04:22:32.650618,161.0,2,0.1688375679959564,1,Normal
Normal,MeterValues,239.6905766928516,33,36.54558208734678,2026-01-29 04:27:15.650618,283.0,3,0.09703245610208072,1,Normal
Normal,Heartbeat,50.85678886908601,143,0.0,2026-01-29 04:31:03.650618,228.0,2,0.18809402897646993,1,Normal
Normal,Authorize,271.26824346434336,164,0.0,2026-01-29 04:31:36.650618,33.0,0,0.053647175976978656,1,Normal
Normal,MeterValues,152.3690311820106,129,0.48794049896531355,2026-01-29 04:35:31.650618,235.0,3,0.17153449859528141,1,Normal
Normal,Heartbeat,50.465328990399044,123,0.0,2026-01-29 04:37:14.650618,103.0,2,0.19665444048046743,1,Normal
Normal,MeterValues,162.3248125287753,126,22.493131968098297,2026-01-29 04:38:26.650618,72.0,3,0.16628642762398976,1,Normal
Saldırı,BootNotification,1836.9120810746026,4586,0.0,2026-01-29 04:38:26.657618,0.007,1,-0.11295562162906725,-1,Saldırı
Normal,BootNotification,312.8445808324416,39,0.0,2026-01-29 04:39:48.657618,82.0,1,0.1136400714028089,1,Normal
Normal,Authorize,202.46963979959844,103,0.0,2026-01-29 04:40:38.657618,50.0,0,0.06672937192481165,1,Normal
Normal,Heartbeat,51.7163163529042,103,0.0,2026-01-29 04:41:42.657618,64.0,2,0.18923562706229863,1,Normal
Normal,Authorize,213.77821196493665,68,0.0,2026-01-29 04:46:21.657618,279.0,0,0.04781393619223251,1,Normal
Normal,StopTransaction,385.0255393773195,197,0.0,2026-01-29 04:49:03.657618,162.0,5,0.06921617342016195,1,Normal
Normal,Heartbeat,49.910914513394594,98,0.0,2026-01-29 04:50:36.657618,93.0,2,0.20260041391367134,1,Normal
Normal,StartTransaction,395.09049740846575,101,0.0,2026-01-29 04:51:20.657618,44.0,4,0.09430948463514344,1,Normal
Saldırı,BootNotification,1659.7409025604984,4777,0.0,2026-01-29 04:51:20.658618,0.001,1,-0.12819197588780906,-1,Saldırı
Normal,Heartbeat,49.87891817427031,112,0.0,2026-01-29 04:55:31.658618,251.0,2,0.19011976949790854,1,Normal
Normal,Heartbeat,49.599439766324004,155,0.0,2026-01-29 04:58:04.658618,153.0,2,0.1863281508149851,1,Normal
Normal,StopTransaction,204.1354315568396,30,0.0,2026-01-29 05:01:57.658618,233.0,5,0.0919580262963654,1,Normal
Normal,Heartbeat,50.96892251733893,122,0.0,2026-01-29 05:06:29.658618,272.0,2,0.1740805142409949,1,Normal
Normal,Heartbeat,50.44677729686242,128,0.0,2026-01-29 05:10:45.658618,256.0,2,0.18790952430010505,1,Normal
Normal,Heartbeat,51.99609800491088,63,0.0,2026-01-29 05:13:06.658618,141.0,2,0.18468894098584937,1,Normal
Normal,StopTransaction,287.8376129870877,73,0.0,2026-01-29 05:14:00.658618,54.0,5,0.11008043019959968,1,Normal
Normal,StartTransaction,358.2303923467123,34,0.0,2026-01-29 05:15:57.658618,117.0,4,0.11774380182705763,1,Normal
Normal,StopTransaction,263.2885011137974,77,0.0,2026-01-29 05:16:57.658618,60.0,5,0.11623047745378345,1,Normal
Normal,Heartbeat,51.44571300904251,45,0.0,2026-01-29 05:18:06.658618,69.0,2,0.1889155168100785,1,Normal
Normal,MeterValues,148.1446817554688,129,16.64077597863985,2026-01-29 05:19:22.658618,76.0,3,0.16841241847915794,1,Normal
Normal,StartTransaction,301.2421021783452,34,0.0,2026-01-29 05:19:56.658618,34.0,4,0.11312459762487753,1,Normal
Normal,Heartbeat,48.57180467174437,107,0.0,2026-01-29 05:21:15.658618,79.0,2,0.191335895122336,1,Normal
Normal,MeterValues,158.29199032335703,123,31.521355406315664,2026-01-29 05:23:11.658618,116.0,3,0.1688352326268609,1,Normal
Normal,Heartbeat,49.5251856136528,126,0.0,2026-01-29 05:27:18.658618,247.0,2,0.18366457970922329,1,Normal
Normal,Heartbeat,48.62745042805757,35,0.0,2026-01-29 05:27:46.658618,28.0,2,0.15440358234918994,1,Normal
Normal,StartTransaction,360.8662797399828,111,0.0,2026-01-29 05:31:16.658618,210.0,4,0.12737317703201,1,Normal
Normal,Authorize,337.57341374878007,47,0.0,2026-01-29 05:32:55.658618,99.0,0,0.05634506064222744,1,Normal
Normal,Heartbeat,51.46125072686704,79,0.0,2026-01-29 05:35:54.658618,179.0,2,0.19002757458577313,1,Normal
Normal,Heartbeat,48.91427255547772,57,0.0,2026-01-29 05:36:31.658618,37.0,2,0.1810918539967742,1,Normal
Normal,Heartbeat,51.91563915663338,57,0.0,2026-01-29 05:40:27.658618,236.0,2,0.17549362058347467,1,Normal
Normal,StopTransaction,310.69509274747617,159,0.0,2026-01-29 05:43:16.658618,169.0,5,0.1164967644044313,1,Normal
Saldırı,BootNotification,2144.1657089387577,4834,0.0,2026-01-29 05:43:16.661618,0.003,1,-0.11312634933616217,-1,Saldırı
Normal,Heartbeat,50.42797549314469,199,0.0,2026-01-29 05:45:00.661618,104.0,2,0.15193237059508224,1,Normal
Saldırı,BootNotification,2449.172005085765,2465,0.0,2026-01-29 05:45:00.664618,0.003,1,-0.09580585370544936,-1,Saldırı
Normal,StopTransaction,388.196693542808,25,0.0,2026-01-29 05:48:21.664618,201.0,5,0.05855767134950274,1,Normal
Normal,Heartbeat,50.28746043734806,121,0.0,2026-01-29 05:51:41.664618,200.0,2,0.19317554328099007,1,Normal
Normal,Heartbeat,48.14991180073702,143,0.0,2026-01-29 05:55:08.664618,207.0,2,0.18362502608311632,1,Normal
Normal,Heartbeat,49.10323963533527,154,0.0,2026-01-29 05:58:46.664618,218.0,2,0.18419418955777922,1,Normal
Normal,StartTransaction,303.6030015707494,153,0.0,2026-01-29 06:02:52.664618,246.0,4,0.13499905184990058,1,Normal
Normal,Heartbeat,50.989844922320096,47,0.0,2026-01-29 06:06:28.664618,216.0,2,0.1821543607573517,1,Normal
Normal,BootNotification,314.6585487670434,48,0.0,2026-01-29 06:08:54.664618,146.0,1,0.12550918081188633,1,Normal
Normal,MeterValues,192.08195264309293,164,36.38417361429444,2026-01-29 06:13:03.664618,249.0,3,0.1412550376087623,1,Normal
Saldırı,BootNotification,1537.7664592617286,4928,0.0,2026-01-29 06:13:03.665618,0.001,1,-0.12329766745984083,-1,Saldırı
Normal,Heartbeat,49.752287379142025,132,0.0,2026-01-29 06:15:07.665618,124.0,2,0.19969564998024875,1,Normal
Normal,MeterValues,159.56516037880237,190,19.5454003877676,2026-01-29 06:18:03.665618,176.0,3,0.12996351495476605,1,Normal
Normal,Heartbeat,50.262736771908436,165,0.0,2026-01-29 06:19:05.665618,62.0,2,0.17695654804692956,1,Normal
Normal,Heartbeat,51.423332268410185,148,0.0,2026-01-29 06:21:17.665618,132.0,2,0.19453687656586366,1,Normal
Normal,StartTransaction,315.3898616109074,24,0.0,2026-01-29 06:22:50.665618,93.0,4,0.12167488182793473,1,Normal
Normal,MeterValues,226.29439483461937,103,21.29946966735019,2026-01-29 06:24:03.665618,73.0,3,0.1751452927770734,1,Normal
Normal,MeterValues,181.9062279332221,32,56.10815871344822,2026-01-29 06:27:52.665618,229.0,3,0.09069754572876754,1,Normal
Normal,Heartbeat,48.75127404301282,68,0.0,2026-01-29 06:29:00.665618,68.0,2,0.18622387859097544,1,Normal
Normal,MeterValues,170.39680852715892,95,27.471918778930494,2026-01-29 06:30:49.665618,109.0,3,0.17146596762100058,1,Normal
Saldırı,MeterValues,217.0,96,1071.9335444014282,2026-01-29 06:31:41.665618,52.0,3,-0.026192244228518846,-1,Saldırı
Normal,Heartbeat,49.141365194972096,45,0.0,2026-01-29 06:34:00.665618,139.0,2,0.19886298131021962,1,Normal
Normal,MeterValues,154.75504901253538,94,19.31066202010789,2026-01-29 06:34:49.665618,49.0,3,0.15957024885116844,1,Normal
Normal,BootNotification,246.4747897351392,24,0.0,2026-01-29 06:34:59.665618,10.0,1,0.07261134947773284,1,Normal
Normal,BootNotification,210.22456926124383,150,0.0,2026-01-29 06:37:52.665618,173.0,1,0.12198946242916175,1,Normal
Normal,Heartbeat,48.58894721076307,146,0.0,2026-01-29 06:38:58.665618,66.0,2,0.18153240045962882,1,Normal
Normal,MeterValues,189.42059911597084,39,31.971247364415486,2026-01-29 06:41:06.665618,128.0,3,0.1619131042679357,1,Normal
Normal,StartTransaction,324.5492281076689,188,0.0,2026-01-29 06:45:37.665618,271.0,4,0.09744277363365167,1,Normal
Normal,MeterValues,165.15497323312488,113,7.894833951749181,2026-01-29 06:46:08.665618,31.0,3,0.16950955107733323,1,Normal
Saldırı,BootNotification,2135.3989552167386,4572,0.0,2026-01-29 06:46:08.673618,0.008,1,-0.11778202256896642,-1,Saldırı
Normal,MeterValues,240.4642190742163,193,18.547065763553544,2026-01-29 06:48:18.673618,130.0,3,0.14383721231538055,1,Normal
Normal,Heartbeat,49.41273355701823,36,0.0,2026-01-29 06:49:11.673618,53.0,2,0.1804703113263565,1,Normal
Normal,BootNotification,273.78666544979257,142,0.0,2026-01-29 06:50:20.673618,69.0,1,0.1267754054642184,1,Normal
Normal,StopTransaction,277.92987817747803,121,0.0,2026-01-29 06:52:29.673618,129.0,5,0.14021286382538473,1,Normal
Normal,Heartbeat,51.95977979864903,50,0.0,2026-01-29 06:57:24.673618,295.0,2,0.13339706878751179,1,Normal
Normal,StopTransaction,293.049499372719,47,0.0,2026-01-29 06:58:35.673618,71.0,5,0.12457315357193671,1,Normal
Normal,MeterValues,155.87778174341636,192,35.35582199634173,2026-01-29 07:02:24.673618,229.0,3,0.09534895352467698,1,Normal
Normal,Heartbeat,49.270888227774705,114,0.0,2026-01-29 07:03:59.673618,95.0,2,0.20144556006222464,1,Normal
Normal,MeterValues,191.28668652633294,92,23.367404548815813,2026-01-29 07:05:59.673618,120.0,3,0.17737932610778784,1,Normal
Normal,Heartbeat,51.092833776221,54,0.0,2026-01-29 07:10:52.673618,293.0,2,0.15265134881509956,1,Normal
Normal,Heartbeat,49.46938268887453,35,0.0,2026-01-29 07:15:22.673618,270.0,2,0.16864858782036402,1,Normal
Normal,MeterValues,166.97836604305613,192,9.250613448512407,2026-01-29 07:19:05.673618,223.0,3,0.12423345988642565,1,Normal
Normal,BootNotification,214.13722192692808,133,0.0,2026-01-29 07:22:18.673618,193.0,1,0.1260168058525502,1,Normal
Normal,Heartbeat,49.749189352483064,125,0.0,2026-01-29 07:27:15.673618,297.0,2,0.14875660434925814,1,Normal
Normal,MeterValues,187.27241173700992,87,44.26683987834762,2026-01-29 07:31:16.673618,241.0,3,0.13504599098125442,1,Normal
Normal,Heartbeat,50.15381030285383,176,0.0,2026-01-29 07:35:33.673618,257.0,2,0.1632462600966772,1,Normal
Normal,Heartbeat,48.73165975214886,118,0.0,2026-01-29 07:38:43.673618,190.0,2,0.18609065515621737,1,Normal
Normal,Authorize,211.0427968790197,172,0.0,2026-01-29 07:42:21.673618,218.0,0,0.050308488335642054,1,Normal
Normal,MeterValues,246.73438278557566,61,57.346419236583344,2026-01-29 07:43:00.673618,39.0,3,0.11652557840492661,1,Normal
Normal,Heartbeat,51.2575056097719,41,0.0,2026-01-29 07:43:54.673618,54.0,2,0.18488881892554487,1,Normal
Normal,StopTransaction,214.51708468640606,156,0.0,2026-01-29 07:45:05.673618,71.0,5,0.10528964210477249,1,Normal
Normal,MeterValues,202.73324314273552,178,13.68905016436765,2026-01-29 07:49:34.673618,269.0,3,0.12625479982886012,1,Normal
Normal,Authorize,214.56469189360914,33,0.0,2026-01-29 07:53:31.673618,237.0,0,0.048124511452422025,1,Normal
Normal,Heartbeat,49.52427831107013,187,0.0,2026-01-29 07:53:45.673618,14.0,2,0.13135260797664727,1,Normal
Normal,MeterValues,176.0891323501402,28,7.284961845992404,2026-01-29 07:54:21.673618,36.0,3,0.1483106268598754,1,Normal
Normal,MeterValues,181.81497293676753,71,46.491728973336784,2026-01-29 07:56:41.673618,140.0,3,0.15571865293038084,1,Normal
Normal,StopTransaction,265.964310060411,134,0.0,2026-01-29 07:57:35.673618,54.0,5,0.11322586514468125,1,Normal
Normal,Authorize,320.2537430535553,160,0.0,2026-01-29 07:58:06.673618,31.0,0,0.05084888376695462,1,Normal
Normal,Heartbeat,50.24413411155688,166,0.0,2026-01-29 08:02:13.673618,247.0,2,0.17953652475898246,1,Normal
Normal,MeterValues,195.73195376801968,169,7.355979736358698,2026-01-29 08:07:06.673618,293.0,3,0.12618830505535045,1,Normal
Normal,Heartbeat,50.49614452386868,53,0.0,2026-01-29 08:08:26.673618,80.0,2,0.19506024638079028,1,Normal
Normal,Heartbeat,49.32837664165922,55,0.0,2026-01-29 08:11:54.673618,208.0,2,0.18930329126021267,1,Normal
Normal,StartTransaction,362.90868497270196,42,0.0,2026-01-29 08:14:32.673618,158.0,4,0.11947802012280706,1,Normal
Normal,MeterValues,185.16219967542722,79,5.139512084269935,2026-01-29 08:14:44.673618,12.0,3,0.1519210815103994,1,Normal
Normal,BootNotification,200.8778962339021,27,0.0,2026-01-29 08:19:05.673618,261.0,1,0.0872133949290983,1,Normal
Normal,Heartbeat,51.20888896919711,123,0.0,2026-01-29 08:19:53.673618,48.0,2,0.18611099719662255,1,Normal
Normal,StopTransaction,214.88879780364098,116,0.0,2026-01-29 08:21:53.673618,120.0,5,0.12396805352688417,1,Normal
Normal,StartTransaction,244.5188612103583,132,0.0,2026-01-29 08:26:50.673618,297.0,4,0.10996981901816821,1,Normal
Normal,Heartbeat,51.71433160803504,49,0.0,2026-01-29 08:30:57.673618,247.0,2,0.17485068143102828,1,Normal
Normal,Heartbeat,48.115973876853914,198,0.0,2026-01-29 08:35:20.673618,263.0,2,0.12131859429719871,1,Normal
Normal,StartTransaction,250.72095097420893,139,0.0,2026-01-29 08:36:02.673618,42.0,4,0.13033367692303066,1,Normal
Normal,Heartbeat,50.26090973161865,122,0.0,2026-01-29 08:40:50.673618,288.0,2,0.16785100977123707,1,Normal
Normal,Heartbeat,49.33790756949049,168,0.0,2026-01-29 08:43:34.673618,164.0,2,0.18464932676604473,1,Normal
Normal,MeterValues,166.46260210465022,116,43.55863404917962,2026-01-29 08:44:49.673618,75.0,3,0.15874942530758412,1,Normal
Normal,Heartbeat,51.73519195634821,145,0.0,2026-01-29 08:46:05.673618,76.0,2,0.18208487563394476,1,Normal
Normal,Heartbeat,51.643474169604254,194,0.0,2026-01-29 08:48:55.673618,170.0,2,0.15408206529852453,1,Normal
Normal,MeterValues,206.6347818654544,124,54.46163193829654,2026-01-29 08:49:08.673618,13.0,3,0.1291048991679426,1,Normal
Normal,MeterValues,197.01686069401944,129,19.52671600777728,2026-01-29 08:51:17.673618,129.0,3,0.18241177366035366,1,Normal
Normal,MeterValues,174.47256866791426,132,54.08037867793928,2026-01-29 08:54:39.673618,202.0,3,0.13104016706719385,1,Normal
Normal,StopTransaction,276.0620410999711,76,0.0,2026-01-29 08:56:30.673618,111.0,5,0.13209718923429564,1,Normal
Normal,MeterValues,179.4515928735243,196,58.16161837595988,2026-01-29 08:57:40.673618,70.0,3,0.07558444781762252,1,Normal
Normal,Authorize,281.7109161074876,147,0.0,2026-01-29 08:59:57.673618,137.0,0,0.07656728879388275,1,Normal
Normal,BootNotification,322.46494937614796,141,0.0,2026-01-29 09:04:28.673618,271.0,1,0.09473848401152807,1,Normal
Normal,MeterValues,248.45910276359453,180,26.043336366180473,2026-01-29 09:05:02.673618,34.0,3,0.12342551014601488,1,Normal
Normal,MeterValues,154.42330373592114,106,3.6846883070938885,2026-01-29 09:08:57.673618,235.0,3,0.1654795580285116,1,Normal
Normal,StopTransaction,247.7923268002023,179,0.0,2026-01-29 09:10:41.673618,104.0,5,0.10568946369745247,1,Normal
Normal,Heartbeat,50.738416418147835,124,0.0,2026-01-29 09:13:39.673618,178.0,2,0.18928857915382846,1,Normal
Normal,MeterValues,218.53262986811202,84,30.38805831576908,2026-01-29 09:15:23.673618,104.0,3,0.1705563160473667,1,Normal
Normal,StopTransaction,320.5277476265691,163,0.0,2026-01-29 09:17:40.673618,137.0,5,0.11828680656383561,1,Normal
Normal,Heartbeat,51.800794431097515,24,0.0,2026-01-29 09:22:35.673618,295.0,2,0.11351564471784747,1,Normal
Normal,Heartbeat,50.93888977112149,73,0.0,2026-01-29 09:22:47.673618,12.0,2,0.1582903404155479,1,Normal
Normal,Heartbeat,49.15316725569064,181,0.0,2026-01-29 09:24:20.673618,93.0,2,0.17237831328327746,1,Normal
Normal,Heartbeat,51.187737086812014,46,0.0,2026-01-29 09:28:29.673618,249.0,2,0.17628601579568814,1,Normal
Normal,Authorize,306.45021401414124,184,0.0,2026-01-29 09:31:10.673618,161.0,0,0.04788585508294352,1,Normal
Normal,MeterValues,178.16456716151137,34,6.452732824088101,2026-01-29 09:34:47.673618,217.0,3,0.15345568254629421,1,Normal
Normal,StartTransaction,278.93826677854815,107,0.0,2026-01-29 09:35:47.673618,60.0,4,0.14393667521259002,1,Normal
Normal,MeterValues,179.08801035808563,72,2.416725430518456,2026-01-29 09:40:04.673618,257.0,3,0.14794137595467377,1,Normal
Normal,BootNotification,315.6747192989152,110,0.0,2026-01-29 09:44:38.673618,274.0,1,0.09047095780429715,1,Normal
Normal,MeterValues,196.32458171552895,148,49.046566774403765,2026-01-29 09:47:02.673618,144.0,3,0.15860428350881522,1,Normal
Normal,MeterValues,170.79493541377173,92,33.33929876011899,2026-01-29 09:49:13.673618,131.0,3,0.17035623624825386,1,Normal
Normal,MeterValues,181.30433948045624,122,9.177412057272917,2026-01-29 09:49:50.673618,37.0,3,0.17915656531148727,1,Normal
Normal,Heartbeat,48.8297618898831,134,0.0,2026-01-29 09:53:29.673618,219.0,2,0.1868698121914547,1,Normal
Normal,Heartbeat,51.679536108763294,160,0.0,2026-01-29 09:54:53.673618,84.0,2,0.1807345949434228,1,Normal
Normal,Heartbeat,51.847073521710264,64,0.0,2026-01-29 09:57:14.673618,141.0,2,0.1863993275880806,1,Normal
Normal,BootNotification,211.47800487031213,192,0.0,2026-01-29 09:57:37.673618,23.0,1,0.08595123281343897,1,Normal
Normal,BootNotification,276.1191840728066,109,0.0,2026-01-29 09:57:58.673618,21.0,1,0.10978998062005657,1,Normal
Normal,Heartbeat,50.519637488393876,105,0.0,2026-01-29 10:01:07.673618,189.0,2,0.19827554194059055,1,Normal
Normal,Heartbeat,49.6599383825407,192,0.0,2026-01-29 10:01:59.673618,52.0,2,0.14885431817002337,1,Normal
Normal,StopTransaction,358.4676874464808,158,0.0,2026-01-29 10:04:59.673618,180.0,5,0.09490225688711096,1,Normal
Normal,Heartbeat,50.00774477099296,78,0.0,2026-01-29 10:09:08.673618,249.0,2,0.18858262952134158,1,Normal
Normal,BootNotification,281.2324330790703,47,0.0,2026-01-29 10:13:33.673618,265.0,1,0.08814090643774919,1,Normal
Normal,Heartbeat,49.220476122856645,198,0.0,2026-01-29 10:14:26.673618,53.0,2,0.14197747758485857,1,Normal
Normal,Heartbeat,49.196187282114046,97,0.0,2026-01-29 10:16:00.673618,94.0,2,0.20151584984420495,1,Normal
Normal,Authorize,201.95950462129795,99,0.0,2026-01-29 10:17:44.673618,104.0,0,0.07186648239042959,1,Normal
Normal,MeterValues,214.06030362912458,95,46.583338849888996,2026-01-29 10:20:38.673618,174.0,3,0.1551644729318955,1,Normal
Normal,Heartbeat,51.528423655866774,194,0.0,2026-01-29 10:23:15.673618,157.0,2,0.1534632967525255,1,Normal
Normal,MeterValues,159.4932495069539,77,23.360070914562346,2026-01-29 10:28:04.673618,289.0,3,0.10710473043671243,1,Normal
Normal,Authorize,282.0758218419351,40,0.0,2026-01-29 10:29:29.673618,85.0,0,0.060953386563881606,1,Normal
Normal,MeterValues,210.50251905991803,113,36.124859452104175,2026-01-29 10:33:54.673618,265.0,3,0.13672567703987243,1,Normal
Normal,Heartbeat,50.15693172475582,174,0.0,2026-01-29 10:36:57.673618,183.0,2,0.17838698996727326,1,Normal
Normal,Heartbeat,51.86023809883367,168,0.0,2026-01-29 10:40:38.673618,221.0,2,0.17433373511148048,1,Normal
Normal,Heartbeat,51.64623054971322,85,0.0,2026-01-29 10:44:56.673618,258.0,2,0.17768868786339415,1,Normal
Normal,MeterValues,189.35721188231705,22,24.040051735787497,2026-01-29 10:47:44.673618,168.0,3,0.13842615056605917,1,Normal
Normal,MeterValues,193.72569853110463,164,52.893889457944695,2026-01-29 10:52:25.673618,281.0,3,0.09508840995798307,1,Normal
Normal,MeterValues,211.00741543404982,155,2.6719027492713354,2026-01-29 10:54:59.673618,154.0,3,0.18271991545460997,1,Normal
Saldırı,BootNotification,2166.452347182158,2214,0.0,2026-01-29 10:54:59.681618,0.008,1,-0.0889489170494071,-1,Saldırı
Normal,StartTransaction,395.4360452699071,127,0.0,2026-01-29 10:57:54.681618,175.0,4,0.10761099467117635,1,Normal
Normal,MeterValues,153.81099439409545,82,40.201399418552185,2026-01-29 11:00:12.681618,138.0,3,0.14877829417392852,1,Normal
Normal,StopTransaction,276.01373615888207,153,0.0,2026-01-29 11:02:20.681618,128.0,5,0.12948501282809632,1,Normal
Saldırı,MeterValues,248.0,87,1047.1345434920354,2026-01-29 11:03:05.681618,45.0,3,-0.031458605552521446,-1,Saldırı
Normal,MeterValues,181.2205427028786,80,39.77661870272915,2026-01-29 11:06:02.681618,177.0,3,0.15874855148742562,1,Normal
Normal,Heartbeat,51.51625340115405,46,0.0,2026-01-29 11:07:57.681618,115.0,2,0.19358275946815806,1,Normal
Normal,Heartbeat,48.729840552924564,54,0.0,2026-01-29 11:10:33.681618,156.0,2,0.18922432016668955,1,Normal
Normal,StopTransaction,374.3344597878687,118,0.0,2026-01-29 11:15:21.681618,288.0,5,0.06590568750910275,1,Normal
Normal,MeterValues,204.5008129075392,99,50.47866350250096,2026-01-29 11:15:57.681618,36.0,3,0.1566778740754068,1,Normal
Normal,Heartbeat,51.34204858276841,154,0.0,2026-01-29 11:18:35.681618,158.0,2,0.18173221347038188,1,Normal
Normal,StartTransaction,266.7120726439314,75,0.0,2026-01-29 11:23:09.681618,274.0,4,0.12674416173586028,1,Normal
Normal,Authorize,329.52709722256134,128,0.0,2026-01-29 11:27:12.681618,243.0,0,0.05507838815701527,1,Normal
Normal,MeterValues,197.72939060521094,188,23.91718965366415,2026-01-29 11:27:52.681618,40.0,3,0.1307590155322093,1,Normal
Normal,StopTransaction,318.0505087186193,118,0.0,2026-01-29 11:28:22.681618,30.0,5,0.10208127191481986,1,Normal
Normal,Heartbeat,51.432202193254405,135,0.0,2026-01-29 11:28:59.681618,37.0,2,0.1832548224337358,1,Normal
Normal,MeterValues,226.49282230050315,162,41.48767856581463,2026-01-29 11:33:32.681618,273.0,3,0.12164495647987911,1,Normal
Normal,Heartbeat,48.38230795148884,85,0.0,2026-01-29 11:37:51.681618,259.0,2,0.17830541645815007,1,Normal
Normal,MeterValues,150.37620184070366,185,51.07246630454278,2026-01-29 11:41:05.681618,194.0,3,0.09638321231617475,1,Normal
Normal,StartTransaction,314.2128317434395,119,0.0,2026-01-29 11:43:50.681618,165.0,4,0.1504651325425112,1,Normal
Normal,Heartbeat,49.40099919555869,105,0.0,2026-01-29 11:47:25.681618,215.0,2,0.19730643405411297,1,Normal
Normal,Heartbeat,51.912298261882306,135,0.0,2026-01-29 11:52:22.681618,297.0,2,0.14295091402271215,1,Normal
Normal,MeterValues,215.5442570420487,200,48.712603692117796,2026-01-29 11:55:09.681618,167.0,3,0.10953428169108909,1,Normal
Saldırı,MeterValues,171.0,59,819.1221297410144,2026-01-29 11:55:46.681618,37.0,3,0.005536835256803707,1,Normal
Normal,MeterValues,219.67586072432178,156,6.136795454962803,2026-01-29 11:58:37.681618,171.0,3,0.17926338400607966,1,Normal
Normal,StopTransaction,400.385694349647,30,0.0,2026-01-29 12:02:25.681618,228.0,5,0.05415871406200379,1,Normal
Normal,StartTransaction,306.3944988822421,86,0.0,2026-01-29 12:05:59.681618,214.0,4,0.14335159619556836,1,Normal
Normal,StartTransaction,315.4187597824275,52,0.0,2026-01-29 12:06:26.681618,27.0,4,0.11914118838763577,1,Normal
Normal,MeterValues,173.02126974795385,152,0.4820714547209204,2026-01-29 12:08:34.681618,128.0,3,0.18862611239490246,1,Normal
Normal,Heartbeat,50.45084323490827,146,0.0,2026-01-29 12:09:02.681618,28.0,2,0.17959372443909793,1,Normal
Normal,Heartbeat,49.54523204558034,54,0.0,2026-01-29 12:10:17.681618,75.0,2,0.195284364541135,1,Normal
Normal,MeterValues,201.3368304075155,40,17.438881585926303,2026-01-29 12:13:23.681618,186.0,3,0.1599181223857482,1,Normal
Normal,StartTransaction,372.32066351494535,52,0.0,2026-01-29 12:14:32.681618,69.0,4,0.11995522046098683,1,Normal
Saldırı,MeterValues,224.0,56,1062.371949651056,2026-01-29 12:15:21.681618,49.0,3,-0.031825009850321995,-1,Saldırı
Normal,Heartbeat,50.953083430502936,66,0.0,2026-01-29 12:20:11.681618,290.0,2,0.1641176637844282,1,Normal
Normal,StartTransaction,293.4305693642644,38,0.0,2026-01-29 12:22:03.681618,112.0,4,0.13805319939773708,1,Normal
Normal,Authorize,350.3153758758676,39,0.0,2026-01-29 12:22:33.681618,30.0,0,0.028597959180441723,1,Normal
Normal,MeterValues,249.6232505943563,131,0.9462168261123338,2026-01-29 12:26:56.681618,263.0,3,0.1537635512545535,1,Normal
Normal,BootNotification,367.5147064812532,26,0.0,2026-01-29 12:29:15.681618,139.0,1,0.09175526329464734,1,Normal
Normal,StopTransaction,258.83132492635434,156,0.0,2026-01-29 12:29:41.681618,26.0,5,0.09447130698842998,1,Normal
Normal,MeterValues,191.174853294723,177,19.186939127675643,2026-01-29 12:30:51.681618,70.0,3,0.14961889436860165,1,Normal
Normal,Heartbeat,49.462939094912514,96,0.0,2026-01-29 12:34:44.681618,233.0,2,0.19083824523811949,1,Normal
Normal,StartTransaction,340.54869748965876,80,0.0,2026-01-29 12:38:56.681618,252.0,4,0.11861493384703431,1,Normal
Normal,BootNotification,303.8177407538061,196,0.0,2026-01-29 12:40:42.681618,106.0,1,0.09830224217010436,1,Normal
Normal,MeterValues,240.8971402214303,172,39.94374561401898,2026-01-29 12:43:20.681618,158.0,3,0.1404442783203469,1,Normal
Normal,MeterValues,178.76318314054998,131,57.40235204384735,2026-01-29 12:47:22.681618,242.0,3,0.10247677642008912,1,Normal
Normal,MeterValues,177.23273057866334,26,20.106441942538098,2026-01-29 12:51:49.681618,267.0,3,0.11685286360758151,1,Normal
Normal,StopTransaction,393.02782367009837,27,0.0,2026-01-29 12:55:09.681618,200.0,5,0.056072005621469745,1,Normal
Normal,Authorize,234.03446528610064,62,0.0,2026-01-29 12:55:36.681618,27.0,0,0.05786837962811153,1,Normal
Normal,StopTransaction,311.2680981836938,34,0.0,2026-01-29 12:59:35.681618,239.0,5,0.09267094398766551,1,Normal
Normal,Heartbeat,49.1481174442782,191,0.0,2026-01-29 13:02:57.681618,202.0,2,0.15274908591285258,1,Normal
Normal,MeterValues,185.6525541557859,144,29.70365329046641,2026-01-29 13:07:24.681618,267.0,3,0.14259786729756918,1,Normal
Normal,Heartbeat,51.59107232468217,67,0.0,2026-01-29 13:11:24.681618,240.0,2,0.18271291694650443,1,Normal
Normal,Heartbeat,51.641981928606,71,0.0,2026-01-29 13:16:18.681618,294.0,2,0.14613661414847878,1,Normal
Normal,StartTransaction,303.1800204963499,36,0.0,2026-01-29 13:19:56.681618,218.0,4,0.1294038075435493,1,Normal
Normal,Heartbeat,49.44142026598466,118,0.0,2026-01-29 13:20:28.681618,32.0,2,0.18405354988922407,1,Normal
Normal,MeterValues,185.54048175509988,96,51.41952768221863,2026-01-29 13:21:28.681618,60.0,3,0.15421313870872666,1,Normal
Saldırı,BootNotification,2149.343534766072,3938,0.0,2026-01-29 13:21:28.684618,0.003,1,-0.09329081318140164,-1,Saldırı
Normal,MeterValues,217.4792971201867,182,58.93074294591739,2026-01-29 13:23:33.684618,125.0,3,0.10423077893510363,1,Normal
Normal,MeterValues,156.33978779138468,109,17.593131237188157,2026-01-29 13:25:10.684618,97.0,3,0.17365620508067708,1,Normal
Saldırı,MeterValues,238.0,105,1093.5302626207304,2026-01-29 13:25:21.684618,11.0,3,-0.04527169981931645,-1,Saldırı
Normal,Heartbeat,50.11863614536074,51,0.0,2026-01-29 13:26:05.684618,44.0,2,0.18968411245651062,1,Normal
Normal,MeterValues,215.83208457527206,153,30.205150170369592,2026-01-29 13:27:21.684618,76.0,3,0.1711699025913554,1,Normal
Saldırı,MeterValues,201.0,102,851.7088953234907,2026-01-29 13:28:00.684618,39.0,3,0.0090866995990877,1,Normal
Normal,Authorize,372.4944210055893,127,0.0,2026-01-29 13:29:18.684618,78.0,0,0.03558703350485026,1,Normal
Normal,MeterValues,227.6233231854587,165,41.45799248612487,2026-01-29 13:30:05.684618,47.0,3,0.14460427198555614,1,Normal
Normal,StopTransaction,306.71293205322775,170,0.0,2026-01-29 13:33:05.684618,180.0,5,0.10728070147472185,1,Normal
Normal,Heartbeat,49.47848361215307,67,0.0,2026-01-29 13:34:59.684618,114.0,2,0.20185818749493945,1,Normal
Normal,Heartbeat,50.704718602192294,106,0.0,2026-01-29 13:39:22.684618,263.0,2,0.18304135902623858,1,Normal
Normal,Heartbeat,50.361961740980476,106,0.0,2026-01-29 13:41:10.684618,108.0,2,0.20148682707004145,1,Normal
Normal,MeterValues,164.2342818208901,108,13.126733485368248,2026-01-29 13:44:57.684618,227.0,3,0.1567456701495482,1,Normal
Normal,Heartbeat,50.01132583253806,28,0.0,2026-01-29 13:47:49.684618,172.0,2,0.17429428156666305,1,Normal
Normal,MeterValues,240.78418700565916,139,17.102682273836955,2026-01-29 13:51:20.684618,211.0,3,0.15820675803612094,1,Normal
Normal,MeterValues,152.92718829247397,56,34.90060157767301,2026-01-29 13:55:36.684618,256.0,3,0.12287930575569839,1,Normal
Normal,MeterValues,176.38056450513741,136,7.806558693335481,2026-01-29 14:00:14.684618,278.0,3,0.1516316195541676,1,Normal
Normal,MeterValues,182.25662090479423,170,7.62752078227563,2026-01-29 14:03:49.684618,215.0,3,0.15751864738823235,1,Normal
Normal,Authorize,213.52236619248671,168,0.0,2026-01-29 14:05:41.684618,112.0,0,0.06716675948212747,1,Normal
Normal,Heartbeat,49.51755808021746,124,0.0,2026-01-29 14:09:20.684618,219.0,2,0.1890320677318632,1,Normal
Normal,StopTransaction,388.3230440873889,95,0.0,2026-01-29 14:13:19.684618,239.0,5,0.07601554135382094,1,Normal
Normal,Heartbeat,50.06902442647554,33,0.0,2026-01-29 14:18:04.684618,285.0,2,0.1576896039723048,1,Normal
Normal,Heartbeat,48.96102039378058,182,0.0,2026-01-29 14:20:24.684618,140.0,2,0.1733318025596376,1,Normal
Normal,Authorize,361.9961948119866,46,0.0,2026-01-29 14:22:43.684618,139.0,0,0.05136398099297235,1,Normal
Normal,StartTransaction,376.7498163225525,72,0.0,2026-01-29 14:23:14.684618,31.0,4,0.10148483247429835,1,Normal
Normal,BootNotification,331.01752408379843,111,0.0,2026-01-29 14:25:10.684618,116.0,1,0.12986984103838523,1,Normal
Normal,Heartbeat,50.63955166096971,171,0.0,2026-01-29 14:28:10.684618,180.0,2,0.18252187259163694,1,Normal
Normal,Heartbeat,49.15910134151815,55,0.0,2026-01-29 14:31:15.684618,185.0,2,0.19111667352812844,1,Normal
Normal,StartTransaction,243.58696441664839,158,0.0,2026-01-29 14:34:49.684618,214.0,4,0.1485519815520162,1,Normal
Normal,Heartbeat,49.38431835370816,106,0.0,2026-01-29 14:37:59.684618,190.0,2,0.1961373821633401,1,Normal
Normal,Heartbeat,48.759537602281846,169,0.0,2026-01-29 14:40:20.684618,141.0,2,0.1872795318903746,1,Normal
Normal,StartTransaction,331.0654822502453,90,0.0,2026-01-29 14:40:49.684618,29.0,4,0.12343593092047173,1,Normal
Normal,MeterValues,187.03357364598193,117,18.35114499827206,2026-01-29 14:41:07.684618,18.0,3,0.15899572863405953,1,Normal
Normal,MeterValues,229.23577675763994,40,7.628894718127546,2026-01-29 14:41:48.684618,41.0,3,0.15992360220673313,1,Normal
Normal,Heartbeat,51.56568909251596,160,0.0,2026-01-29 14:46:19.684618,271.0,2,0.16702958393837708,1,Normal
Normal,MeterValues,247.45885028008877,181,8.463976338856023,2026-01-29 14:49:26.684618,187.0,3,0.14216781516571275,1,Normal
Normal,MeterValues,178.440184746776,155,15.187607341324671,2026-01-29 14:52:42.684618,196.0,3,0.1628161293674661,1,Normal
Normal,MeterValues,220.72963575998386,48,46.95574873749876,2026-01-29 14:54:48.684618,126.0,3,0.14684206822975115,1,Normal
Normal,Heartbeat,50.565347596801836,72,0.0,2026-01-29 14:55:17.684618,29.0,2,0.17712725923751943,1,Normal
Normal,Heartbeat,49.41855424362727,98,0.0,2026-01-29 14:56:23.684618,66.0,2,0.19552139259145973,1,Normal
Normal,StopTransaction,223.27621533376453,63,0.0,2026-01-29 14:57:04.684618,41.0,5,0.10099867363685439,1,Normal
Normal,MeterValues,246.72060514412888,37,50.70758978099043,2026-01-29 14:58:18.684618,74.0,3,0.1167029806236653,1,Normal
Normal,MeterValues,248.76609574514555,165,2.7167670259999355,2026-01-29 15:03:06.684618,288.0,3,0.13564425332836388,1,Normal
Normal,Heartbeat,49.708812207136816,108,0.0,2026-01-29 15:07:05.684618,239.0,2,0.19237804028853156,1,Normal
Normal,Heartbeat,48.483755018682565,153,0.0,2026-01-29 15:08:53.684618,108.0,2,0.18946859153461626,1,Normal
Normal,MeterValues,197.18271335234007,144,29.70127284362094,2026-01-29 15:09:13.684618,20.0,3,0.14719775884022313,1,Normal
Normal,Heartbeat,50.69331709663475,169,0.0,2026-01-29 15:12:16.684618,183.0,2,0.18267327389137317,1,Normal
Normal,Heartbeat,49.00213978034568,46,0.0,2026-01-29 15:17:05.684618,289.0,2,0.15707294643081532,1,Normal
Normal,BootNotification,244.79859266293948,177,0.0,2026-01-29 15:21:15.684618,250.0,1,0.09896121401572927,1,Normal
Normal,MeterValues,242.1564193769297,123,0.3737454960909381,2026-01-29 15:24:17.684618,182.0,3,0.1831755597375308,1,Normal
Normal,MeterValues,232.6347365070384,45,47.59769137190699,2026-01-29 15:26:02.684618,105.0,3,0.14144348450308902,1,Normal
Normal,StartTransaction,332.0603224096259,88,0.0,2026-01-29 15:26:33.684618,31.0,4,0.1241097116081688,1,Normal
Normal,StopTransaction,390.7212026424232,85,0.0,2026-01-29 15:26:52.684618,19.0,5,0.052649459751198724,1,Normal
Normal,MeterValues,179.5880541205329,29,43.60723755021385,2026-01-29 15:27:16.684618,24.0,3,0.11852814339351775,1,Normal
Normal,Heartbeat,51.697810880407516,72,0.0,2026-01-29 15:27:44.684618,28.0,2,0.16413428257257506,1,Normal
Saldırı,BootNotification,1552.2631161634754,3012,0.0,2026-01-29 15:27:44.691618,0.007,1,-0.07680174982310595,-1,Saldırı
Normal,BootNotification,313.4993445106118,185,0.0,2026-01-29 15:28:09.691618,25.0,1,0.08866868663593264,1,Normal
Normal,Heartbeat,49.83579594368832,51,0.0,2026-01-29 15:29:00.691618,51.0,2,0.19141027709185032,1,Normal
Normal,Heartbeat,49.83473692818527,30,0.0,2026-01-29 15:33:34.691618,274.0,2,0.15964911727206388,1,Normal
Normal,MeterValues,150.5127682928484,161,58.80266893343588,2026-01-29 15:36:06.691618,152.0,3,0.09816448118744364,1,Normal
Normal,Heartbeat,48.100353305151174,80,0.0,2026-01-29 15:38:40.691618,154.0,2,0.18699344673772117,1,Normal
Normal,Heartbeat,50.44003925061647,96,0.0,2026-01-29 15:40:54.691618,134.0,2,0.20373597678342392,1,Normal
Saldırı,BootNotification,1740.2015385793063,4295,0.0,2026-01-29 15:40:54.701618,0.01,1,-0.11152880538507848,-1,Saldırı
Normal,Heartbeat,51.73399459407336,188,0.0,2026-01-29 15:42:47.701618,113.0,2,0.1589677745817359,1,Normal
Normal,Heartbeat,50.4124239914591,21,0.0,2026-01-29 15:44:57.701618,130.0,2,0.17002523403033615,1,Normal
Normal,StartTransaction,291.24368965333935,88,0.0,2026-01-29 15:49:02.701618,245.0,4,0.13427463433944864,1,Normal
Normal,Heartbeat,51.79865022817881,67,0.0,2026-01-29 15:53:57.701618,295.0,2,0.13936610586742731,1,Normal
Normal,MeterValues,242.24893551575352,65,8.468292503998583,2026-01-29 15:58:24.701618,267.0,3,0.13295447421824608,1,Normal
Normal,Heartbeat,48.08533874249826,119,0.0,2026-01-29 16:02:38.701618,254.0,2,0.17604056457705364,1,Normal
Normal,Heartbeat,50.1899671817272,56,0.0,2026-01-29 16:04:34.701618,116.0,2,0.19604390573018465,1,Normal
Normal,Heartbeat,51.97328063501777,172,0.0,2026-01-29 16:09:28.701618,294.0,2,0.13241148955891857,1,Normal
Normal,Heartbeat,49.756693929772986,134,0.0,2026-01-29 16:12:17.701618,169.0,2,0.1961002128875633,1,Normal
Normal,Heartbeat,49.96962563057891,151,0.0,2026-01-29 16:15:20.701618,183.0,2,0.18955966692456427,1,Normal
Normal,StartTransaction,379.4128366906306,68,0.0,2026-01-29 16:17:32.701618,132.0,4,0.12305493030307929,1,Normal
Normal,Heartbeat,48.40538250578449,94,0.0,2026-01-29 16:17:54.701618,22.0,2,0.16816916260932324,1,Normal
Normal,StartTransaction,231.17245800214448,45,0.0,2026-01-29 16:19:46.701618,112.0,4,0.15217249195714244,1,Normal
Normal,Heartbeat,51.58470658221726,200,0.0,2026-01-29 16:22:56.701618,190.0,2,0.13954645218086686,1,Normal
Normal,Authorize,214.723695166933,69,0.0,2026-01-29 16:25:08.701618,132.0,0,0.07370121924700168,1,Normal
Normal,Heartbeat,50.85850414205661,119,0.0,2026-01-29 16:29:28.701618,260.0,2,0.17894600530718252,1,Normal
Normal,Heartbeat,49.74713767488147,200,0.0,2026-01-29 16:32:00.701618,152.0,2,0.15073145368740676,1,Normal
Normal,Heartbeat,50.207700599236496,56,0.0,2026-01-29 16:33:44.701618,104.0,2,0.1960191562509933,1,Normal
Normal,StartTransaction,231.34597087142186,129,0.0,2026-01-29 16:37:40.701618,236.0,4,0.14699197197726593,1,Normal
Normal,BootNotification,320.55361330079546,164,0.0,2026-01-29 16:39:10.701618,90.0,1,0.12172136513211373,1,Normal
Normal,Heartbeat,51.2887573481664,178,0.0,2026-01-29 16:43:44.701618,274.0,2,0.1479291626277412,1,Normal
Normal,MeterValues,217.68726827236387,180,11.475484031812787,2026-01-29 16:47:23.701618,219.0,3,0.14674248127615047,1,Normal
Saldırı,MeterValues,153.0,99,991.4370688349387,2026-01-29 16:47:41.701618,18.0,3,-0.030664287865795226,-1,Saldırı
Normal,MeterValues,148.71215073533514,152,7.18986059540522,2026-01-29 16:51:06.701618,205.0,3,0.16149267665252903,1,Normal
Normal,MeterValues,182.73282757262723,99,0.11202256254922327,2026-01-29 16:54:27.701618,201.0,3,0.18290283730215912,1,Normal
Normal,Heartbeat,48.199914250330934,23,0.0,2026-01-29 16:56:58.701618,151.0,2,0.16259745978797363,1,Normal
Normal,StartTransaction,253.25980041462407,141,0.0,2026-01-29 16:58:41.701618,103.0,4,0.15543683616548082,1,Normal
Normal,StopTransaction,300.8221056006607,103,0.0,2026-01-29 17:01:41.701618,180.0,5,0.12984707540476964,1,Normal
Normal,MeterValues,174.94993421054158,185,11.194193513082624,2026-01-29 17:06:10.701618,269.0,3,0.1229478273096567,1,Normal
Normal,StartTransaction,379.16646346091426,81,0.0,2026-01-29 17:08:54.701618,164.0,4,0.11760196829505976,1,Normal
Normal,Heartbeat,51.297526976347754,26,0.0,2026-01-29 17:11:31.701618,157.0,2,0.1727686670295931,1,Normal
Normal,Heartbeat,51.01073163771973,167,0.0,2026-01-29 17:12:03.701618,32.0,2,0.17214622833891446,1,Normal
Normal,Heartbeat,49.72204269394678,123,0.0,2026-01-29 17:15:35.701618,212.0,2,0.19033863975596432,1,Normal
Normal,Heartbeat,50.15311629975453,29,0.0,2026-01-29 17:19:14.701618,219.0,2,0.16985761298853264,1,Normal
Normal,MeterValues,193.46817376173544,84,34.20582319669319,2026-01-29 17:20:52.701618,98.0,3,0.17182377381577063,1,Normal
Normal,MeterValues,183.40588635694542,56,20.558262902359903,2026-01-29 17:23:36.701618,164.0,3,0.1630699747640894,1,Normal
Normal,Authorize,240.64873909715382,94,0.0,2026-01-29 17:23:48.701618,12.0,0,0.05144876754998118,1,Normal
Normal,MeterValues,195.6016534030271,68,52.30361707472705,2026-01-29 17:25:29.701618,101.0,3,0.14639237804880612,1,Normal
Saldırı,MeterValues,230.0,87,958.8752510293277,2026-01-29 17:25:45.701618,16.0,3,-0.026091731287278375,-1,Saldırı
Normal,StartTransaction,370.84039948923265,141,0.0,2026-01-29 17:26:55.701618,70.0,4,0.12221401952925359,1,Normal
Normal,Heartbeat,50.81259367916058,124,0.0,2026-01-29 17:30:22.701618,207.0,2,0.18753462928506648,1,Normal
Normal,MeterValues,184.64893364741263,172,29.697214242920197,2026-01-29 17:34:28.701618,246.0,3,0.13996703864160365,1,Normal
Normal,MeterValues,203.95840681757775,200,45.84335736917151,2026-01-29 17:37:38.701618,190.0,3,0.10877800454416475,1,Normal
Normal,MeterValues,177.56364987016696,184,23.962737334243148,2026-01-29 17:42:30.701618,292.0,3,0.09886650205338171,1,Normal
Normal,Heartbeat,48.6125477419329,73,0.0,2026-01-29 17:45:45.701618,195.0,2,0.18864562694292203,1,Normal
Normal,Heartbeat,51.478526091258786,157,0.0,2026-01-29 17:47:52.701618,127.0,2,0.19083698571339064,1,Normal
Saldırı,BootNotification,2214.222043686059,3135,0.0,2026-01-29 17:47:52.704618,0.003,1,-0.08790668842526839,-1,Saldırı
Normal,MeterValues,193.7822598888563,87,47.576637968252754,2026-01-29 17:50:48.704618,176.0,3,0.15210208313875034,1,Normal
Normal,BootNotification,201.25810082597243,67,0.0,2026-01-29 17:51:59.704618,71.0,1,0.1347989304396066,1,Normal
Normal,Heartbeat,51.065485298178295,20,0.0,2026-01-29 17:53:12.704618,73.0,2,0.1627562077613483,1,Normal
Normal,Heartbeat,51.59204969000354,101,0.0,2026-01-29 17:53:37.704618,25.0,2,0.1745527544573217,1,Normal
Normal,StartTransaction,354.8362199822985,30,0.0,2026-01-29 17:58:17.704618,280.0,4,0.08604458706951001,1,Normal
Normal,MeterValues,192.2252918166521,49,56.398446275739104,2026-01-29 18:02:05.704618,228.0,3,0.09905683638105434,1,Normal
Normal,MeterValues,191.01951912640504,154,42.57089028676794,2026-01-29 18:05:55.704618,230.0,3,0.14387667351153294,1,Normal
Normal,StartTransaction,270.7094141884695,195,0.0,2026-01-29 18:08:37.704618,162.0,4,0.12858441395530235,1,Normal
Normal,MeterValues,181.94781055657,159,5.337742419826135,2026-01-29 18:10:43.704618,126.0,3,0.1803518982741824,1,Normal
Normal,Heartbeat,50.27361304784528,153,0.0,2026-01-29 18:11:36.704618,53.0,2,0.1822887372641292,1,Normal
Normal,Heartbeat,49.744084698555234,46,0.0,2026-01-29 18:14:58.704618,202.0,2,0.18708052940975695,1,Normal
Normal,Heartbeat,51.29899936873636,185,0.0,2026-01-29 18:18:58.704618,240.0,2,0.14765338437685288,1,Normal
Normal,MeterValues,188.68592954403525,51,55.403402950883674,2026-01-29 18:21:30.704618,152.0,3,0.13285185129205518,1,Normal
Normal,Heartbeat,51.559132912911366,131,0.0,2026-01-29 18:25:58.704618,268.0,2,0.17295305555038082,1,Normal
Normal,MeterValues,243.06382781416724,74,29.355830725684328,2026-01-29 18:29:19.704618,201.0,3,0.14393742638453833,1,Normal
Normal,Heartbeat,50.98475479488468,112,0.0,2026-01-29 18:32:25.704618,186.0,2,0.19615178085810886,1,Normal
Normal,StopTransaction,370.4142697866597,115,0.0,2026-01-29 18:34:25.704618,120.0,5,0.10922822182130354,1,Normal
Normal,Heartbeat,50.86361395968067,93,0.0,2026-01-29 18:35:13.704618,48.0,2,0.19100791694418312,1,Normal
Normal,Heartbeat,48.22274075324668,146,0.0,2026-01-29 18:36:40.704618,87.0,2,0.18707410109110106,1,Normal
Normal,Heartbeat,51.85332259147093,115,0.0,2026-01-29 18:37:11.704618,31.0,2,0.1734286924011908,1,Normal
Normal,StopTransaction,378.3189489859288,89,0.0,2026-01-29 18:38:47.704618,96.0,5,0.1024930876361968,1,Normal
Normal,Heartbeat,50.29299344854197,67,0.0,2026-01-29 18:41:50.704618,183.0,2,0.1925583735073214,1,Normal
Normal,StopTransaction,210.44623881708915,182,0.0,2026-01-29 18:46:44.704618,294.0,5,0.06163008985543017,1,Normal
Normal,Heartbeat,48.42465306242134,28,0.0,2026-01-29 18:49:37.704618,173.0,2,0.1692594553906528,1,Normal
Normal,MeterValues,184.3327985066652,183,33.077363473919405,2026-01-29 18:51:13.704618,96.0,3,0.14257232091491923,1,Normal
Normal,MeterValues,153.36878911289037,191,2.156103386306518,2026-01-29 18:51:43.704618,30.0,3,0.13754581794009524,1,Normal
Normal,MeterValues,208.6670939233964,182,22.301076375613004,2026-01-29 18:52:19.704618,36.0,3,0.14021041992577776,1,Normal
Normal,MeterValues,157.9791570548904,49,48.8858724785909,2026-01-29 18:55:44.704618,205.0,3,0.11333051059477672,1,Normal
Normal,Heartbeat,49.69956417900742,31,0.0,2026-01-29 19:00:15.704618,271.0,2,0.16257689240291062,1,Normal
Normal,StartTransaction,289.87381943392927,115,0.0,2026-01-29 19:04:32.704618,257.0,4,0.13897315087478856,1,Normal
Normal,Heartbeat,48.88069809042841,76,0.0,2026-01-29 19:05:13.704618,41.0,2,0.18555123371761922,1,Normal
Normal,Heartbeat,48.71401315040167,23,0.0,2026-01-29 19:10:01.704618,288.0,2,0.13817068159365298,1,Normal
Normal,Heartbeat,49.00070637787992,193,0.0,2026-01-29 19:11:04.704618,63.0,2,0.14750001986422606,1,Normal
Normal,MeterValues,152.77618847789847,105,37.679226189517934,2026-01-29 19:15:14.704618,250.0,3,0.13611970239819854,1,Normal
Normal,StartTransaction,293.32748883258444,40,0.0,2026-01-29 19:19:14.704618,240.0,4,0.12555707616184447,1,Normal
Normal,StopTransaction,244.73308565281383,166,0.0,2026-01-29 19:20:41.704618,87.0,5,0.11327600226958578,1,Normal
Normal,StopTransaction,328.4290249471241,169,0.0,2026-01-29 19:23:45.704618,184.0,5,0.09721430467161474,1,Normal
Normal,Heartbeat,49.9621662209481,20,0.0,2026-01-29 19:25:40.704618,115.0,2,0.17171101945032136,1,Normal
Normal,StopTransaction,348.0383001677835,86,0.0,2026-01-29 19:30:19.704618,279.0,5,0.0822250148289071,1,Normal
Normal,MeterValues,209.56922473611925,62,36.0193388327691,2026-01-29 19:31:15.704618,56.0,3,0.16832181681635439,1,Normal
Normal,Heartbeat,51.42993008098162,148,0.0,2026-01-29 19:33:28.704618,133.0,2,0.19453687656586366,1,Normal
Normal,MeterValues,193.9273696889171,30,48.49837755514888,2026-01-29 19:37:45.704618,257.0,3,0.09554663637697769,1,Normal
Normal,StartTransaction,327.9966041440347,68,0.0,2026-01-29 19:38:11.704618,26.0,4,0.12014677616117625,1,Normal
Normal,StopTransaction,278.98451862213255,189,0.0,2026-01-29 19:38:51.704618,40.0,5,0.08204273542793017,1,Normal
Normal,MeterValues,206.57045230455643,118,57.005021421823976,2026-01-29 19:41:57.704618,186.0,3,0.1373773201994395,1,Normal
Normal,StartTransaction,259.96061295667783,118,0.0,2026-01-29 19:44:43.704618,166.0,4,0.16292638515753327,1,Normal
Normal,MeterValues,218.14601885140758,134,52.640038989966385,2026-01-29 19:47:04.704618,141.0,3,0.15682994559692404,1,Normal
Normal,StopTransaction,366.00923272484624,168,0.0,2026-01-29 19:48:58.704618,114.0,5,0.09777483127092107,1,Normal
Normal,MeterValues,169.62916686026162,66,27.653404474252202,2026-01-29 19:53:20.704618,262.0,3,0.12580020532871505,1,Normal
Normal,Heartbeat,51.41979219083436,173,0.0,2026-01-29 19:54:25.704618,65.0,2,0.169722545107151,1,Normal
Normal,StartTransaction,342.48495381892724,53,0.0,2026-01-29 19:54:53.704618,28.0,4,0.11873589137790086,1,Normal
Normal,BootNotification,295.8856030010676,58,0.0,2026-01-29 19:59:07.704618,254.0,1,0.09170709116393794,1,Normal
Normal,StopTransaction,247.07136628552172,117,0.0,2026-01-29 20:01:26.704618,139.0,5,0.13581183344058606,1,Normal
Normal,Heartbeat,48.474166021263585,66,0.0,2026-01-29 20:03:08.704618,102.0,2,0.189322138543701,1,Normal
Normal,MeterValues,236.97898738789922,100,17.027003847832336,2026-01-29 20:05:12.704618,124.0,3,0.17934616791695723,1,Normal
Normal,MeterValues,238.27646016790575,60,54.60482679808252,2026-01-29 20:07:48.704618,156.0,3,0.12668332087706985,1,Normal
Normal,StopTransaction,285.9851812003169,72,0.0,2026-01-29 20:08:22.704618,34.0,5,0.09780204223476391,1,Normal
Normal,BootNotification,211.40867054041198,143,0.0,2026-01-29 20:10:23.704618,121.0,1,0.1366846875455302,1,Normal
Normal,MeterValues,185.05771702607123,97,55.65313418642874,2026-01-29 20:13:10.704618,167.0,3,0.14218339202343305,1,Normal
Normal,StopTransaction,396.4445314496797,198,0.0,2026-01-29 20:17:59.704618,289.0,5,0.02074468747188596,1,Normal
Normal,MeterValues,187.18368311269356,132,43.226264329902044,2026-01-29 20:20:38.704618,159.0,3,0.16643676796403023,1,Normal
Normal,StartTransaction,270.0427310467069,89,0.0,2026-01-29 20:24:28.704618,230.0,4,0.14110100503065703,1,Normal
Normal,MeterValues,212.70128862533144,97,48.410529374407474,2026-01-29 20:27:05.704618,157.0,3,0.15339037761582364,1,Normal
Normal,MeterValues,160.6864644032736,198,55.84337939415542,2026-01-29 20:30:11.704618,186.0,3,0.08283324362539324,1,Normal
Normal,BootNotification,226.8448681742898,44,0.0,2026-01-29 20:32:08.704618,117.0,1,0.12857336642070039,1,Normal
Normal,Heartbeat,51.66391846326704,102,0.0,2026-01-29 20:33:13.704618,65.0,2,0.18981362604841834,1,Normal
Normal,Heartbeat,50.58973172104462,179,0.0,2026-01-29 20:34:44.704618,91.0,2,0.17264725661273395,1,Normal
Saldırı,BootNotification,1817.2257064560458,3477,0.0,2026-01-29 20:34:44.713618,0.009,1,-0.08978212116654882,-1,Saldırı
Normal,MeterValues,233.0876344496303,157,28.704482644604546,2026-01-29 20:37:16.713618,152.0,3,0.16399273716795576,1,Normal
Normal,MeterValues,220.88108791530172,198,0.11644154131872808,2026-01-29 20:41:06.713618,230.0,3,0.13500774183738268,1,Normal
Normal,MeterValues,208.3497462420897,117,28.60387201424301,2026-01-29 20:43:59.713618,173.0,3,0.17406878888833066,1,Normal
Normal,MeterValues,179.66263664056007,40,44.698069084033015,2026-01-29 20:48:48.713618,289.0,3,0.09002401551627226,1,Normal
Normal,BootNotification,351.8022807877476,192,0.0,2026-01-29 20:51:13.713618,145.0,1,0.08512336363688633,1,Normal
Saldırı,MeterValues,175.0,112,1077.433009227381,2026-01-29 20:51:24.713618,11.0,3,-0.038901512605631905,-1,Saldırı
Normal,StopTransaction,352.1291170396608,74,0.0,2026-01-29 20:55:23.713618,239.0,5,0.09637900855097148,1,Normal
Normal,StopTransaction,266.09257216806793,187,0.0,2026-01-29 20:59:25.713618,242.0,5,0.09365598690022414,1,Normal
Normal,Heartbeat,49.22214862936237,183,0.0,2026-01-29 21:01:33.713618,128.0,2,0.17114885980337163,1,Normal
Normal,Heartbeat,48.48718901483582,128,0.0,2026-01-29 21:04:57.713618,204.0,2,0.18693336045514164,1,Normal
Normal,Heartbeat,50.8749038083677,112,0.0,2026-01-29 21:06:03.713618,66.0,2,0.1943101486868392,1,Normal
Normal,Heartbeat,51.64650181717088,45,0.0,2026-01-29 21:09:39.713618,216.0,2,0.17726941698598558,1,Normal
Normal,Heartbeat,51.26465832708451,195,0.0,2026-01-29 21:13:11.713618,212.0,2,0.14662080116721904,1,Normal
Normal,StartTransaction,277.7880394313524,196,0.0,2026-01-29 21:18:11.713618,300.0,4,0.0742805094449227,1,Normal
Normal,BootNotification,365.89726260098035,38,0.0,2026-01-29 21:18:52.713618,41.0,1,0.08561405421153234,1,Normal
Normal,Heartbeat,51.541994893214905,26,0.0,2026-01-29 21:22:24.713618,212.0,2,0.16852962620465362,1,Normal
Normal,Heartbeat,48.04875590855658,156,0.0,2026-01-29 21:23:43.713618,79.0,2,0.1795749295883186,1,Normal
Normal,Authorize,279.4322593377884,69,0.0,2026-01-29 21:24:49.713618,66.0,0,0.0686117584456929,1,Normal
Normal,Heartbeat,49.52794725841669,28,0.0,2026-01-29 21:26:59.713618,130.0,2,0.18230176492636685,1,Normal
Normal,Authorize,277.2487737800639,170,0.0,2026-01-29 21:27:14.713618,15.0,0,0.030195188613811874,1,Normal
Normal,Heartbeat,50.96086482838578,46,0.0,2026-01-29 21:29:20.713618,126.0,2,0.19492317756607447,1,Normal
Normal,BootNotification,258.68212514556876,192,0.0,2026-01-29 21:32:07.713618,167.0,1,0.10099664351691767,1,Normal
Normal,BootNotification,340.7469683027805,94,0.0,2026-01-29 21:32:40.713618,33.0,1,0.11120737181560769,1,Normal
Normal,MeterValues,174.7603352870528,53,9.226628945721174,2026-01-29 21:35:44.713618,184.0,3,0.16377039068491234,1,Normal
Normal,Heartbeat,51.841061306704034,66,0.0,2026-01-29 21:36:00.713618,16.0,2,0.1444605795889421,1,Normal
Normal,MeterValues,213.16804691220096,69,34.50685599396559,2026-01-29 21:40:43.713618,283.0,3,0.1180034929699264,1,Normal
Normal,StartTransaction,312.71394181834285,139,0.0,2026-01-29 21:41:43.713618,60.0,4,0.13960217780288886,1,Normal
Normal,Heartbeat,49.10126818496004,134,0.0,2026-01-29 21:42:10.713618,27.0,2,0.18445034544009198,1,Normal
Normal,Heartbeat,49.80535785055412,76,0.0,2026-01-29 21:45:19.713618,189.0,2,0.1924088005357179,1,Normal
Normal,MeterValues,245.1367872736109,192,43.68143696823003,2026-01-29 21:49:01.713618,222.0,3,0.08569784820830761,1,Normal
Normal,Heartbeat,50.021919818570424,181,0.0,2026-01-29 21:50:22.713618,81.0,2,0.16886404353204204,1,Normal
Normal,MeterValues,204.4786887824342,80,13.702215047126057,2026-01-29 21:53:22.713618,180.0,3,0.16581916919529993,1,Normal
Normal,Heartbeat,49.39989192799027,86,0.0,2026-01-29 21:58:11.713618,289.0,2,0.1748857262292603,1,Normal
Normal,Heartbeat,48.10220393148454,167,0.0,2026-01-29 22:01:18.713618,187.0,2,0.17518485137569817,1,Normal
Normal,MeterValues,230.5922099689893,196,18.57476676186831,2026-01-29 22:01:58.713618,40.0,3,0.12071956966815972,1,Normal
Normal,MeterValues,221.740899044295,98,18.5453345932033,2026-01-29 22:04:37.713618,159.0,3,0.1709563211966717,1,Normal
Normal,Authorize,334.88365829851256,144,0.0,2026-01-29 22:09:16.713618,279.0,0,0.04219789577551247,1,Normal
Normal,StartTransaction,227.47943795003746,188,0.0,2026-01-29 22:12:58.713618,222.0,4,0.12370202094811455,1,Normal
Normal,Heartbeat,50.73081784629763,21,0.0,2026-01-29 22:17:27.713618,269.0,2,0.14178787438684104,1,Normal
Saldırı,MeterValues,194.0,100,1046.4790646060712,2026-01-29 22:18:12.713618,45.0,3,-0.015793368044580536,-1,Saldırı
Saldırı,MeterValues,205.0,138,1171.7144200786984,2026-01-29 22:18:48.713618,36.0,3,-0.04266709792151857,-1,Saldırı
Normal,Heartbeat,50.92141022917775,20,0.0,2026-01-29 22:22:24.713618,216.0,2,0.15812714886556306,1,Normal
Normal,StopTransaction,365.48337937417284,43,0.0,2026-01-29 22:22:49.713618,25.0,5,0.07764764618805386,1,Normal
Normal,Heartbeat,48.265609927403574,106,0.0,2026-01-29 22:26:11.713618,202.0,2,0.1891752800005272,1,Normal
Normal,Heartbeat,50.300785465976354,115,0.0,2026-01-29 22:29:10.713618,179.0,2,0.19480099081560315,1,Normal
Normal,Heartbeat,50.4510861677203,73,0.0,2026-01-29 22:33:25.713618,255.0,2,0.1849326440549665,1,Normal
Saldırı,MeterValues,212.0,96,820.8415468140306,2026-01-29 22:34:10.713618,45.0,3,0.012245595299320566,1,Normal
Normal,Heartbeat,51.226573043254774,98,0.0,2026-01-29 22:34:49.713618,39.0,2,0.1883453188770534,1,Normal
Normal,MeterValues,199.16114485326685,167,6.104168238144836,2026-01-29 22:38:10.713618,201.0,3,0.16657473035084108,1,Normal
Normal,MeterValues,182.00924203500162,27,58.57286510109125,2026-01-29 22:40:48.713618,158.0,3,0.0998645211814046,1,Normal
Normal,Heartbeat,50.640813241281855,52,0.0,2026-01-29 22:41:07.713618,19.0,2,0.1642265894818168,1,Normal
Saldırı,BootNotification,1531.3190589160627,3284,0.0,2026-01-29 22:41:07.716618,0.003,1,-0.08008368319683201,-1,Saldırı
Normal,StartTransaction,332.69193487423667,153,0.0,2026-01-29 22:45:25.716618,258.0,4,0.11853582570044452,1,Normal
Normal,Heartbeat,51.78647340881107,198,0.0,2026-01-29 22:45:50.716618,25.0,2,0.12711843147924673,1,Normal
Normal,StopTransaction,357.9341029694295,89,0.0,2026-01-29 22:48:57.716618,187.0,5,0.10138532649435456,1,Normal
Normal,StartTransaction,352.18111147317046,158,0.0,2026-01-29 22:49:35.716618,38.0,4,0.11718712568100892,1,Normal
Normal,MeterValues,219.07454738956977,184,55.41707429508004,2026-01-29 22:51:47.716618,132.0,3,0.11108761968985653,1,Normal
Normal,MeterValues,210.85049571066338,87,20.098969292458747,2026-01-29 22:54:03.716618,136.0,3,0.17562669249452617,1,Normal
Normal,StartTransaction,335.0888432774819,121,0.0,2026-01-29 22:58:42.716618,279.0,4,0.11704559573798379,1,Normal
Normal,MeterValues,226.87936452859853,145,31.48203490401166,2026-01-29 22:59:35.716618,53.0,3,0.16796636583414332,1,Normal
Normal,MeterValues,175.48119769036265,72,52.87147482407696,2026-01-29 23:03:13.716618,218.0,3,0.1181150766027998,1,Normal
Normal,Heartbeat,50.24491924546328,135,0.0,2026-01-29 23:07:32.716618,259.0,2,0.1853635490700949,1,Normal
Normal,BootNotification,306.5692216496827,176,0.0,2026-01-29 23:12:23.716618,291.0,1,0.07492623912746033,1,Normal
Normal,Heartbeat,49.51382059084712,74,0.0,2026-01-29 23:15:58.716618,215.0,2,0.19255795461504888,1,Normal
Normal,Heartbeat,50.042871281520505,132,0.0,2026-01-29 23:19:23.716618,205.0,2,0.19572365692614302,1,Normal
Normal,Heartbeat,48.601721465974975,32,0.0,2026-01-29 23:23:10.716618,227.0,2,0.16778240081504775,1,Normal
Normal,StopTransaction,300.4467068954995,179,0.0,2026-01-29 23:23:45.716618,35.0,5,0.08643834870371081,1,Normal
Normal,Heartbeat,50.492417904864666,105,0.0,2026-01-29 23:28:30.716618,285.0,2,0.17782975438715654,1,Normal
Normal,StartTransaction,296.19155422238146,103,0.0,2026-01-29 23:32:41.716618,251.0,4,0.13917658411682782,1,Normal
Normal,MeterValues,219.6406556256353,109,31.17802369822452,2026-01-29 23:36:22.716618,221.0,3,0.15943736572970757,1,Normal
Normal,MeterValues,167.59774139853096,73,8.439092719244506,2026-01-29 23:37:20.716618,58.0,3,0.16339522506598725,1,Normal
Saldırı,BootNotification,2405.540750060621,2280,0.0,2026-01-29 23:37:20.718618,0.002,1,-0.10216966454065934,-1,Saldırı
Normal,Authorize,227.6100237281727,33,0.0,2026-01-29 23:42:19.718618,299.0,0,0.022363067382948465,1,Normal
Normal,StopTransaction,276.98439595931023,126,0.0,2026-01-29 23:47:03.718618,284.0,5,0.10321781458695095,1,Normal
Normal,MeterValues,160.22521327986473,97,39.70685863029728,2026-01-29 23:51:38.718618,275.0,3,0.11761319004885068,1,Normal
Normal,MeterValues,195.73972497833142,57,1.7514431375042783,2026-01-29 23:54:17.718618,159.0,3,0.17908974522898236,1,Normal
Normal,MeterValues,235.19357858440185,107,57.6567999751235,2026-01-29 23:55:57.718618,100.0,3,0.13379187508485785,1,Normal
Normal,MeterValues,176.29887099557376,200,15.856478405423488,2026-01-30 00:00:21.718618,264.0,3,0.107081877026247,1,Normal
Normal,MeterValues,159.76060090278898,189,25.745298792816158,2026-01-30 00:04:52.718618,271.0,3,0.10040898393386627,1,Normal
Normal,Heartbeat,51.28445936629478,192,0.0,2026-01-30 00:05:09.718618,17.0,2,0.12151525652905093,1,Normal
Normal,Heartbeat,48.35266901463747,194,0.0,2026-01-30 00:08:50.718618,221.0,2,0.14114105644223768,1,Normal
Normal,Heartbeat,50.12969236245024,119,0.0,2026-01-30 00:10:47.718618,117.0,2,0.19519950065326824,1,Normal
Normal,StopTransaction,326.93754602664467,67,0.0,2026-01-30 00:13:02.718618,135.0,5,0.1233378043758982,1,Normal
Normal,StopTransaction,316.4395975993057,121,0.0,2026-01-30 00:14:07.718618,65.0,5,0.12220387753664985,1,Normal
Normal,StartTransaction,214.7071625900562,94,0.0,2026-01-30 00:18:34.718618,267.0,4,0.13429366275208254,1,Normal
Normal,StopTransaction,344.7205055777825,145,0.0,2026-01-30 00:19:03.718618,29.0,5,0.08755098467692435,1,Normal
Normal,Heartbeat,50.61921903685825,120,0.0,2026-01-30 00:21:43.718618,160.0,2,0.19596021416262993,1,Normal
Normal,Heartbeat,51.124833391342115,90,0.0,2026-01-30 00:24:29.718618,166.0,2,0.19499693163180598,1,Normal
Normal,Heartbeat,51.90189699958842,119,0.0,2026-01-30 00:28:08.718618,219.0,2,0.17968404737048538,1,Normal
Normal,StartTransaction,296.4614997191564,49,0.0,2026-01-30 00:32:37.718618,269.0,4,0.11556029135653334,1,Normal
Saldırı,BootNotification,1960.9877644996127,2148,0.0,2026-01-30 00:32:37.721618,0.003,1,-0.07015573743111536,-1,Saldırı
Normal,MeterValues,224.2099056717766,172,27.012308896249234,2026-01-30 00:34:18.721618,101.0,3,0.15996798554273794,1,Normal
Normal,Heartbeat,48.06434935747201,187,0.0,2026-01-30 00:34:49.721618,31.0,2,0.14418811945776372,1,Normal
Normal,Heartbeat,48.710301322380786,33,0.0,2026-01-30 00:35:16.721618,27.0,2,0.1529053766752756,1,Normal
Normal,MeterValues,195.9167600976839,79,38.020235370920005,2026-01-30 00:38:47.721618,211.0,3,0.14145360053631728,1,Normal
Normal,Authorize,259.1173721057999,172,0.0,2026-01-30 00:41:25.721618,158.0,0,0.06764099076064367,1,Normal
Normal,StopTransaction,338.4966482419692,183,0.0,2026-01-30 00:42:21.721618,56.0,5,0.08576190415886475,1,Normal
Normal,StopTransaction,361.55971538919516,187,0.0,2026-01-30 00:44:28.721618,127.0,5,0.08799288139430772,1,Normal
Normal,Heartbeat,50.96592884109696,183,0.0,2026-01-30 00:46:03.721618,95.0,2,0.1697121183023254,1,Normal
Normal,MeterValues,211.39085466712226,33,51.764800423474426,2026-01-30 00:50:50.721618,287.0,3,0.06860111293854754,1,Normal
Normal,Authorize,318.6190783749389,193,0.0,2026-01-30 00:53:18.721618,148.0,0,0.049766238707786625,1,Normal
Normal,StartTransaction,379.9893986518377,122,0.0,2026-01-30 00:58:17.721618,299.0,4,0.07223588223075283,1,Normal
Normal,MeterValues,248.71685540041085,88,10.802026441433,2026-01-30 01:00:54.721618,157.0,3,0.16345059462787814,1,Normal
Normal,Authorize,294.6420310277088,39,0.0,2026-01-30 01:02:18.721618,84.0,0,0.05854409116155346,1,Normal
Normal,Heartbeat,51.07431008867202,148,0.0,2026-01-30 01:03:00.721618,42.0,2,0.183468805109046,1,Normal
Normal,Heartbeat,48.857768848758695,77,0.0,2026-01-30 01:03:34.721618,34.0,2,0.1787501580131427,1,Normal
Normal,Authorize,365.9939252377877,31,0.0,2026-01-30 01:08:16.721618,282.0,0,-0.00486781809093928,-1,Saldırı
Normal,Heartbeat,51.883892192658855,110,0.0,2026-01-30 01:12:18.721618,242.0,2,0.1827783011351704,1,Normal
Normal,MeterValues,230.77630819353266,187,14.978053230163027,2026-01-30 01:17:08.721618,290.0,3,0.10376657054751431,1,Normal
Normal,Heartbeat,48.06485942150243,69,0.0,2026-01-30 01:18:32.721618,84.0,2,0.1813719143834267,1,Normal
Normal,MeterValues,223.2457252304512,165,16.55464858209089,2026-01-30 01:21:54.721618,202.0,3,0.1544447958205027,1,Normal
Normal,Heartbeat,49.308820472493615,95,0.0,2026-01-30 01:25:34.721618,220.0,2,0.19226362644655637,1,Normal
Normal,StartTransaction,206.1131360922575,26,0.0,2026-01-30 01:25:54.721618,20.0,4,0.1010880542974858,1,Normal
Normal,Heartbeat,49.19836478394138,32,0.0,2026-01-30 01:27:41.721618,107.0,2,0.1865939723559943,1,Normal
Normal,StartTransaction,398.02313264669783,131,0.0,2026-01-30 01:29:58.721618,137.0,4,0.10784033712972008,1,Normal
Normal,BootNotification,317.20547382063523,73,0.0,2026-01-30 01:33:50.721618,232.0,1,0.10154015910044706,1,Normal
Normal,Heartbeat,51.990779756413296,136,0.0,2026-01-30 01:35:36.721618,106.0,2,0.18685484002661856,1,Normal
Normal,Heartbeat,48.23178764788576,136,0.0,2026-01-30 01:38:35.721618,179.0,2,0.1859907937912223,1,Normal
Normal,Heartbeat,50.17504979423147,144,0.0,2026-01-30 01:41:19.721618,164.0,2,0.19102207692808076,1,Normal
Normal,Heartbeat,48.99526202021092,58,0.0,2026-01-30 01:42:53.721618,94.0,2,0.1990429250053442,1,Normal
Normal,StartTransaction,252.08786516918366,186,0.0,2026-01-30 01:45:20.721618,147.0,4,0.1367117931534496,1,Normal
Normal,Authorize,399.406713670239,44,0.0,2026-01-30 01:49:53.721618,273.0,0,-0.007269579757532618,-1,Saldırı
Normal,Heartbeat,50.892492249994106,86,0.0,2026-01-30 01:50:24.721618,31.0,2,0.18140438598406966,1,Normal
Normal,Heartbeat,51.817965794757676,79,0.0,2026-01-30 01:54:17.721618,233.0,2,0.17901349251954896,1,Normal
Normal,Heartbeat,48.81902006180348,96,0.0,2026-01-30 01:57:33.721618,196.0,2,0.19068134590502595,1,Normal
Normal,Heartbeat,49.923077639298846,49,0.0,2026-01-30 01:58:58.721618,85.0,2,0.19715234387663783,1,Normal
Normal,Heartbeat,48.81012909394257,55,0.0,2026-01-30 02:03:50.721618,292.0,2,0.1526534113244925,1,Normal
Normal,MeterValues,214.18469675146378,113,9.926985981956733,2026-01-30 02:05:11.721618,81.0,3,0.1822472643280676,1,Normal
Normal,MeterValues,208.6759863713105,82,17.671864221103174,2026-01-30 02:08:43.721618,212.0,3,0.16161468191367695,1,Normal
Normal,MeterValues,178.67551523734076,57,48.414014394060175,2026-01-30 02:10:35.721618,112.0,3,0.1525126047832171,1,Normal
Normal,Heartbeat,50.98979923557755,40,0.0,2026-01-30 02:14:10.721618,215.0,2,0.18231698081543607,1,Normal
Normal,Heartbeat,50.39084480330253,130,0.0,2026-01-30 02:17:34.721618,204.0,2,0.1939632909929927,1,Normal
Normal,Authorize,234.40392495296172,133,0.0,2026-01-30 02:18:51.721618,77.0,0,0.0746109596682839,1,Normal
Normal,Heartbeat,49.04268105738666,161,0.0,2026-01-30 02:22:11.721618,200.0,2,0.18569120907431536,1,Normal
Normal,StartTransaction,297.08883378311435,169,0.0,2026-01-30 02:23:12.721618,61.0,4,0.13277132686752718,1,Normal
Normal,Heartbeat,48.8617398525152,115,0.0,2026-01-30 02:24:21.721618,69.0,2,0.19233889259994397,1,Normal
Normal,Heartbeat,48.42746988144199,164,0.0,2026-01-30 02:26:12.721618,111.0,2,0.1909476988879062,1,Normal
Normal,Heartbeat,50.97320649174763,72,0.0,2026-01-30 02:28:17.721618,125.0,2,0.19643195905793714,1,Normal
Normal,MeterValues,205.58453672312007,153,43.75476526850731,2026-01-30 02:32:38.721618,261.0,3,0.13373114628558486,1,Normal
Normal,MeterValues,214.36535917687473,121,55.96089574301066,2026-01-30 02:34:01.721618,83.0,3,0.13964114934247168,1,Normal
Normal,MeterValues,206.39792087865217,199,16.966862221501774,2026-01-30 02:34:53.721618,52.0,3,0.12520698137605313,1,Normal
Normal,Heartbeat,48.924036384519304,139,0.0,2026-01-30 02:37:32.721618,159.0,2,0.19152013467950452,1,Normal
Normal,MeterValues,227.83975303451692,101,56.56063860555732,2026-01-30 02:38:04.721618,32.0,3,0.13429354936549848,1,Normal
Normal,StartTransaction,347.2664534977911,28,0.0,2026-01-30 02:38:17.721618,13.0,4,0.09196975752740943,1,Normal
Normal,MeterValues,186.32052876356371,110,43.117966499311656,2026-01-30 02:39:51.721618,94.0,3,0.1713089763295607,1,Normal
Normal,MeterValues,207.33300672697322,123,24.645870369353148,2026-01-30 02:40:03.721618,12.0,3,0.14997607955845815,1,Normal
Normal,MeterValues,175.26524385153294,90,10.587795415925005,2026-01-30 02:41:45.721618,102.0,3,0.17342052898289412,1,Normal
Normal,Heartbeat,49.93005601204064,88,0.0,2026-01-30 02:42:40.721618,55.0,2,0.1929506528918482,1,Normal
Normal,StopTransaction,262.1772970571865,43,0.0,2026-01-30 02:45:28.721618,168.0,5,0.12654485913117175,1,Normal
Normal,StartTransaction,392.7760789722639,87,0.0,2026-01-30 02:48:02.721618,154.0,4,0.10561261849388437,1,Normal
Normal,BootNotification,390.0647726347379,103,0.0,2026-01-30 02:50:36.721618,154.0,1,0.0952329261996453,1,Normal
Normal,StopTransaction,392.08815857165416,83,0.0,2026-01-30 02:52:02.721618,86.0,5,0.08823238769718855,1,Normal
Normal,Heartbeat,50.13058235393864,178,0.0,2026-01-30 02:55:57.721618,235.0,2,0.16184811238137908,1,Normal
Normal,MeterValues,237.939571010155,176,33.49186469273531,2026-01-30 03:00:55.721618,298.0,3,0.08427174995546005,1,Normal
Normal,StartTransaction,259.1872666263822,160,0.0,2026-01-30 03:03:24.721618,149.0,4,0.15337103463920004,1,Normal
Normal,Heartbeat,49.160644202020805,188,0.0,2026-01-30 03:08:06.721618,282.0,2,0.1321631349960889,1,Normal
Normal,Heartbeat,48.07416312207682,116,0.0,2026-01-30 03:08:34.721618,28.0,2,0.17636194196609567,1,Normal
Normal,MeterValues,159.91417727182966,61,35.00425875296235,2026-01-30 03:13:05.721618,271.0,3,0.11264222371585003,1,Normal
Normal,MeterValues,187.20627008637263,75,36.75291056329595,2026-01-30 03:14:30.721618,85.0,3,0.16411270271919248,1,Normal
Normal,Heartbeat,48.43073115693918,183,0.0,2026-01-30 03:17:37.721618,187.0,2,0.15342857936668847,1,Normal
Normal,Heartbeat,48.19307112439288,138,0.0,2026-01-30 03:22:13.721618,276.0,2,0.1695345730207427,1,Normal
Normal,BootNotification,323.2150057690425,154,0.0,2026-01-30 03:24:07.721618,114.0,1,0.12291075468005969,1,Normal
Normal,Heartbeat,51.49488920349042,54,0.0,2026-01-30 03:29:07.721618,300.0,2,0.13633495111726857,1,Normal
Normal,MeterValues,151.2749236902369,83,43.024676890322006,2026-01-30 03:29:55.721618,48.0,3,0.1399855920269562,1,Normal
Normal,StopTransaction,203.93248616815197,32,0.0,2026-01-30 03:30:43.721618,48.0,5,0.08783242188052098,1,Normal
Normal,Authorize,246.68513608095827,21,0.0,2026-01-30 03:34:08.721618,205.0,0,0.037090708185015364,1,Normal
Normal,Authorize,228.63172841965468,36,0.0,2026-01-30 03:37:29.721618,201.0,0,0.05766425997726332,1,Normal
Normal,Heartbeat,51.736585591350185,198,0.0,2026-01-30 03:40:17.721618,168.0,2,0.14882186766574507,1,Normal
Normal,Heartbeat,49.7641572625335,54,0.0,2026-01-30 03:42:42.721618,145.0,2,0.19941424079050118,1,Normal
Normal,StopTransaction,317.19582457459,54,0.0,2026-01-30 03:46:16.721618,214.0,5,0.10758590422262815,1,Normal
Normal,StartTransaction,255.7282977604122,131,0.0,2026-01-30 03:50:08.721618,232.0,4,0.14633513152306155,1,Normal
Normal,Heartbeat,48.5972647761678,130,0.0,2026-01-30 03:55:08.721618,300.0,2,0.1332082856057084,1,Normal
Normal,StopTransaction,359.7715853399456,93,0.0,2026-01-30 03:56:05.721618,57.0,5,0.09857106828204176,1,Normal
Normal,MeterValues,222.71121882595813,99,36.67253564651048,2026-01-30 04:00:42.721618,277.0,3,0.12930113958046685,1,Normal
Normal,Heartbeat,50.08165133085526,185,0.0,2026-01-30 04:02:25.721618,103.0,2,0.17371926750183653,1,Normal
Normal,MeterValues,232.35337746102132,132,18.670735858808715,2026-01-30 04:02:50.721618,25.0,3,0.160497654361484,1,Normal
Normal,Heartbeat,49.35330445766818,59,0.0,2026-01-30 04:05:09.721618,139.0,2,0.20281638939694985,1,Normal
Normal,MeterValues,235.7117889592994,117,5.730889766342166,2026-01-30 04:06:55.721618,106.0,3,0.18305928030892893,1,Normal
Normal,StartTransaction,209.9106919429505,187,0.0,2026-01-30 04:10:45.721618,230.0,4,0.11822154394024581,1,Normal
Normal,MeterValues,240.4523467333982,33,40.0153782631239,2026-01-30 04:11:05.721618,20.0,3,0.11507952827757534,1,Normal
Normal,BootNotification,355.99596025691324,101,0.0,2026-01-30 04:14:33.721618,208.0,1,0.0980267949216182,1,Normal
Normal,MeterValues,206.7705043842198,49,55.78554451448803,2026-01-30 04:19:08.721618,275.0,3,0.08343833869263684,1,Normal
Normal,Heartbeat,49.36538631717224,118,0.0,2026-01-30 04:19:54.721618,46.0,2,0.1895682906710438,1,Normal
Normal,Heartbeat,48.05516223422966,25,0.0,2026-01-30 04:22:59.721618,185.0,2,0.15892597586029028,1,Normal
Normal,Heartbeat,48.05101863947681,89,0.0,2026-01-30 04:25:03.721618,124.0,2,0.1916175631775276,1,Normal
Normal,Heartbeat,49.110001646930684,39,0.0,2026-01-30 04:26:01.721618,58.0,2,0.18583838398732078,1,Normal
Normal,StartTransaction,340.5805783144037,116,0.0,2026-01-30 04:30:23.721618,262.0,4,0.11801907018660518,1,Normal
Normal,BootNotification,284.2550850995834,165,0.0,2026-01-30 04:32:27.721618,124.0,1,0.12773218301255274,1,Normal
Normal,Heartbeat,49.82336679674983,28,0.0,2026-01-30 04:34:00.721618,93.0,2,0.17813142801008913,1,Normal
Normal,Heartbeat,51.41033312610671,35,0.0,2026-01-30 04:34:15.721618,15.0,2,0.14395312080365807,1,Normal
Normal,Authorize,347.84059171355364,165,0.0,2026-01-30 04:36:23.721618,128.0,0,0.05262034195068421,1,Normal
Normal,Authorize,229.45761741448115,119,0.0,2026-01-30 04:40:10.721618,227.0,0,0.07150462989443351,1,Normal
Normal,StartTransaction,378.46296199759007,77,0.0,2026-01-30 04:44:37.721618,267.0,4,0.09598453912845928,1,Normal
Normal,Heartbeat,50.50594035627471,172,0.0,2026-01-30 04:47:44.721618,187.0,2,0.1810309518688531,1,Normal
Normal,StopTransaction,308.83439062327017,49,0.0,2026-01-30 04:51:09.721618,205.0,5,0.11410346714988878,1,Normal
Normal,StartTransaction,388.5732278186534,47,0.0,2026-01-30 04:53:38.721618,149.0,4,0.106885111392796,1,Normal
Normal,Heartbeat,51.0218072519154,26,0.0,2026-01-30 04:55:46.721618,128.0,2,0.18127810745065814,1,Normal
Normal,MeterValues,202.0528845518616,86,55.994441656053255,2026-01-30 04:56:05.721618,19.0,3,0.12450982948175388,1,Normal
Normal,MeterValues,168.97930277970872,156,21.9078277614919,2026-01-30 05:00:25.721618,260.0,3,0.13662612459718276,1,Normal
Normal,Heartbeat,51.47298921636591,27,0.0,2026-01-30 05:03:58.721618,213.0,2,0.16899434456400303,1,Normal
Normal,Heartbeat,49.311534294538234,57,0.0,2026-01-30 05:05:48.721618,110.0,2,0.19963386819335582,1,Normal
Normal,Heartbeat,50.69596718317959,97,0.0,2026-01-30 05:08:48.721618,180.0,2,0.1931288937706549,1,Normal
Normal,MeterValues,242.55222353721905,183,55.11796000225811,2026-01-30 05:10:28.721618,100.0,3,0.10364592097667347,1,Normal
Normal,Heartbeat,49.93656050436934,25,0.0,2026-01-30 05:12:53.721618,145.0,2,0.1766919048007834,1,Normal
Normal,Heartbeat,49.412008823482054,47,0.0,2026-01-30 05:16:25.721618,212.0,2,0.18550537625139374,1,Normal
Normal,StopTransaction,385.19608480428485,51,0.0,2026-01-30 05:21:04.721618,279.0,5,0.054827149337558945,1,Normal
Saldırı,BootNotification,2497.5799523746687,3349,0.0,2026-01-30 05:21:04.730618,0.009,1,-0.10737141424915375,-1,Saldırı
Normal,Heartbeat,49.08921538105912,178,0.0,2026-01-30 05:23:18.730618,134.0,2,0.18109238778724251,1,Normal
Normal,MeterValues,190.5386421422737,82,9.822462398982921,2026-01-30 05:26:07.730618,169.0,3,0.17534585447239315,1,Normal
Normal,StartTransaction,354.11992226114637,135,0.0,2026-01-30 05:27:18.730618,71.0,4,0.12918299853896803,1,Normal
Normal,StopTransaction,301.4916671083412,151,0.0,2026-01-30 05:30:58.730618,220.0,5,0.11870247654607835,1,Normal
Normal,MeterValues,157.88805967086776,121,0.03205054342750646,2026-01-30 05:32:50.730618,112.0,3,0.18604926740320116,1,Normal
Normal,Heartbeat,49.98235882374566,99,0.0,2026-01-30 05:36:41.730618,231.0,2,0.19243342933684227,1,Normal
Normal,MeterValues,229.909176371609,68,0.36555481718980376,2026-01-30 05:40:08.730618,207.0,3,0.1727627483365764,1,Normal
Normal,Heartbeat,51.24174350859951,150,0.0,2026-01-30 05:41:14.730618,66.0,2,0.18336279912210146,1,Normal
Normal,Heartbeat,48.192528490514604,158,0.0,2026-01-30 05:43:39.730618,145.0,2,0.1811236890343202,1,Normal
Normal,MeterValues,242.33726550128372,130,3.3241122098171183,2026-01-30 05:45:47.730618,128.0,3,0.19228654291386887,1,Normal
Normal,MeterValues,185.48719611562433,53,32.511974155832185,2026-01-30 05:47:15.730618,88.0,3,0.16477142388082494,1,Normal
Normal,Heartbeat,48.328203502357084,163,0.0,2026-01-30 05:51:09.730618,234.0,2,0.17612868524193315,1,Normal
Normal,Heartbeat,51.366093004729585,63,0.0,2026-01-30 05:56:03.730618,294.0,2,0.1516145673756451,1,Normal
Normal,StartTransaction,231.30125721574134,103,0.0,2026-01-30 05:56:28.730618,25.0,4,0.12932757873026063,1,Normal
Normal,Heartbeat,48.88287047407361,114,0.0,2026-01-30 05:58:59.730618,151.0,2,0.19779181394065548,1,Normal
Normal,MeterValues,228.9330007605703,98,51.5720647049864,2026-01-30 06:00:32.730618,93.0,3,0.1499670159823029,1,Normal
Normal,MeterValues,225.72243519538256,195,56.90673361236664,2026-01-30 06:01:03.730618,31.0,3,0.07852997649958582,1,Normal
Normal,MeterValues,181.4665556891338,87,55.666640668360365,2026-01-30 06:03:36.730618,153.0,3,0.13699282070742558,1,Normal
Normal,Heartbeat,51.309033990382176,27,0.0,2026-01-30 06:08:13.730618,277.0,2,0.14968824969034356,1,Normal
Normal,Heartbeat,50.2269269019804,197,0.0,2026-01-30 06:10:50.730618,157.0,2,0.15532283341955777,1,Normal
Normal,StopTransaction,373.88649385764376,28,0.0,2026-01-30 06:13:21.730618,151.0,5,0.07427889712724578,1,Normal
Normal,BootNotification,217.74608742298193,65,0.0,2026-01-30 06:18:00.730618,279.0,1,0.10080317172710629,1,Normal
Normal,StopTransaction,334.55858350067007,191,0.0,2026-01-30 06:18:32.730618,32.0,5,0.07126993992091613,1,Normal
Normal,Heartbeat,49.977185740814924,169,0.0,2026-01-30 06:20:55.730618,143.0,2,0.19159221640915974,1,Normal
Normal,Heartbeat,48.62635196509708,43,0.0,2026-01-30 06:25:31.730618,276.0,2,0.1619842176544689,1,Normal
Normal,Heartbeat,49.26421528884865,101,0.0,2026-01-30 06:30:03.730618,272.0,2,0.17861785406393194,1,Normal
Normal,Authorize,371.1522020545902,64,0.0,2026-01-30 06:32:05.730618,122.0,0,0.04670305909711736,1,Normal
Normal,MeterValues,177.35908460079855,131,0.3474879368275907,2026-01-30 06:35:35.730618,210.0,3,0.17682543584172095,1,Normal
Normal,Heartbeat,49.921670006842305,141,0.0,2026-01-30 06:38:18.730618,163.0,2,0.19679635909439175,1,Normal
Normal,MeterValues,212.49121158405777,37,56.55311779703878,2026-01-30 06:42:55.730618,277.0,3,0.06905591920105658,1,Normal
Normal,Heartbeat,49.0356009537228,96,0.0,2026-01-30 06:46:54.730618,239.0,2,0.18565254544660476,1,Normal
Normal,StartTransaction,233.16955056062716,167,0.0,2026-01-30 06:49:05.730618,131.0,4,0.14917221951146764,1,Normal
Normal,MeterValues,239.4810023552553,188,15.799829137690944,2026-01-30 06:53:34.730618,269.0,3,0.11506578174708953,1,Normal
Normal,Heartbeat,48.71614393386454,142,0.0,2026-01-30 06:58:25.730618,291.0,2,0.15818383830363286,1,Normal
Normal,MeterValues,172.36575303758906,168,44.80782604422549,2026-01-30 06:59:13.730618,48.0,3,0.13993696038870856,1,Normal
Normal,Heartbeat,48.5513805070136,63,0.0,2026-01-30 07:01:36.730618,143.0,2,0.19294022044129444,1,Normal
Normal,BootNotification,337.6294646673906,59,0.0,2026-01-30 07:04:22.730618,166.0,1,0.11960946302889286,1,Normal
Normal,StartTransaction,262.49581319436834,65,0.0,2026-01-30 07:07:24.730618,182.0,4,0.14528151285261343,1,Normal
Normal,StartTransaction,264.31549813382617,192,0.0,2026-01-30 07:10:16.730618,172.0,4,0.13339068614079763,1,Normal
Normal,Heartbeat,49.42448447173168,172,0.0,2026-01-30 07:11:07.730618,51.0,2,0.1735214107300836,1,Normal
Normal,MeterValues,192.05898821098788,180,12.332104675730765,2026-01-30 07:11:39.730618,32.0,3,0.14450671617667538,1,Normal
Normal,Heartbeat,49.351307063556085,183,0.0,2026-01-30 07:12:03.730618,24.0,2,0.15096162124440687,1,Normal
Normal,MeterValues,251.83585029292996,123,42.20649066387575,2026-01-30 07:13:25.730618,82.0,3,0.1484141465132381,1,Normal
Normal,MeterValues,154.2574955061681,177,3.5502028531099916,2026-01-30 07:14:55.730618,90.0,3,0.15814646621389022,1,Normal
Normal,MeterValues,161.28784612340704,38,32.36758824552812,2026-01-30 07:17:20.730618,145.0,3,0.14667824878794722,1,Normal
Normal,Heartbeat,51.29727563696931,190,0.0,2026-01-30 07:21:26.730618,246.0,2,0.14440648533600858,1,Normal
Normal,Heartbeat,49.32297449771989,172,0.0,2026-01-30 07:25:15.730618,229.0,2,0.17322612560142214,1,Normal
Normal,StartTransaction,256.7765152900144,128,0.0,2026-01-30 07:30:05.730618,290.0,4,0.12255001319151898,1,Normal
Normal,Heartbeat,49.99519101041579,76,0.0,2026-01-30 07:32:48.730618,163.0,2,0.20019527407614085,1,Normal
Normal,StopTransaction,370.76862455288665,94,0.0,2026-01-30 07:35:47.730618,179.0,5,0.09365922416452388,1,Normal
Normal,Heartbeat,50.47221807570343,114,0.0,2026-01-30 07:38:36.730618,169.0,2,0.20321120656354652,1,Normal
Normal,StartTransaction,296.28819564745794,114,0.0,2026-01-30 07:39:02.730618,26.0,4,0.13174190508870953,1,Normal
Normal,MeterValues,209.04274145723616,71,29.01845984795965,2026-01-30 07:42:05.730618,183.0,3,0.16197643283540264,1,Normal
Normal,Heartbeat,49.96182984709682,104,0.0,2026-01-30 07:42:18.730618,13.0,2,0.16357677795630687,1,Normal
Normal,MeterValues,163.2541722916391,179,6.501261203225532,2026-01-30 07:43:28.730618,70.0,3,0.14108922241548727,1,Normal
Normal,Authorize,269.5309129578631,28,0.0,2026-01-30 07:48:12.730618,284.0,0,0.01679037852090337,1,Normal
Normal,MeterValues,177.45421947942887,42,34.95779799471127,2026-01-30 07:50:04.730618,112.0,3,0.1633328604078102,1,Normal
Normal,Heartbeat,50.696624887196,137,0.0,2026-01-30 07:54:42.730618,278.0,2,0.178316361612401,1,Normal
Normal,Authorize,270.6695250469161,181,0.0,2026-01-30 07:59:40.730618,298.0,0,0.012541074276202102,1,Normal
Normal,StopTransaction,322.32632793609,107,0.0,2026-01-30 08:02:43.730618,183.0,5,0.11578593106818941,1,Normal
Normal,BootNotification,352.03252840476677,111,0.0,2026-01-30 08:05:25.730618,162.0,1,0.11106287294901013,1,Normal
Normal,StopTransaction,206.45142518734627,136,0.0,2026-01-30 08:06:44.730618,79.0,5,0.11445444077146005,1,Normal
Normal,Heartbeat,50.26547310378848,90,0.0,2026-01-30 08:10:50.730618,246.0,2,0.18507800523068857,1,Normal
Normal,Heartbeat,49.926619238644854,120,0.0,2026-01-30 08:15:35.730618,285.0,2,0.17341482841879668,1,Normal
Saldırı,MeterValues,229.0,111,1171.0593295142623,2026-01-30 08:16:31.730618,56.0,3,-0.050833624396624644,-1,Saldırı
Normal,Heartbeat,49.25053100400057,40,0.0,2026-01-30 08:17:23.730618,52.0,2,0.18782205591467066,1,Normal
Normal,BootNotification,370.55034798384366,52,0.0,2026-01-30 08:20:48.730618,205.0,1,0.0879622446241407,1,Normal
Normal,Authorize,367.86087486961134,72,0.0,2026-01-30 08:22:11.730618,83.0,0,0.042210648026655306,1,Normal
Normal,Heartbeat,51.17911659578562,184,0.0,2026-01-30 08:23:56.730618,105.0,2,0.16609248310614982,1,Normal
Normal,Heartbeat,49.82670258385574,54,0.0,2026-01-30 08:28:21.730618,265.0,2,0.17608791834457882,1,Normal
Normal,MeterValues,206.5366259075703,101,8.609080316788884,2026-01-30 08:31:55.730618,214.0,3,0.17557799811120395,1,Normal
Normal,StartTransaction,359.0318630737449,159,0.0,2026-01-30 08:32:11.730618,16.0,4,0.09696773643268819,1,Normal
Normal,BootNotification,370.31112067825984,43,0.0,2026-01-30 08:36:39.730618,268.0,1,0.05346305747382207,1,Normal
Saldırı,BootNotification,2148.9476405313294,4131,0.0,2026-01-30 08:36:39.740618,0.01,1,-0.10923732176508205,-1,Saldırı
Normal,StopTransaction,315.3003819926861,141,0.0,2026-01-30 08:40:11.740618,212.0,5,0.115868913968247,1,Normal
Normal,Heartbeat,49.57015300039567,45,0.0,2026-01-30 08:43:59.740618,228.0,2,0.1835916435090586,1,Normal
Normal,Authorize,358.1683854303808,89,0.0,2026-01-30 08:45:48.740618,109.0,0,0.04940262795973871,1,Normal
Normal,MeterValues,154.89103231867819,47,17.9771363282088,2026-01-30 08:46:37.740618,49.0,3,0.15003789356979563,1,Normal
Normal,Heartbeat,48.881847058800425,188,0.0,2026-01-30 08:50:31.740618,234.0,2,0.14480278208999442,1,Normal
Normal,StopTransaction,304.34932579135193,155,0.0,2026-01-30 08:51:49.740618,78.0,5,0.11676001129597208,1,Normal
Normal,StopTransaction,279.36310338807994,195,0.0,2026-01-30 08:55:42.740618,233.0,5,0.09453635181246733,1,Normal
Normal,MeterValues,159.23880719390934,193,55.75556062786864,2026-01-30 08:57:21.740618,99.0,3,0.0919496070287098,1,Normal
Normal,MeterValues,197.18330450433433,176,42.150540580609714,2026-01-30 09:00:15.740618,174.0,3,0.14662632042407342,1,Normal
Normal,MeterValues,237.8118035109304,136,5.524590660531317,2026-01-30 09:02:09.740618,114.0,3,0.1895920798546749,1,Normal
Normal,Heartbeat,51.18492221899085,166,0.0,2026-01-30 09:05:34.740618,205.0,2,0.18379303193452162,1,Normal
Normal,Heartbeat,50.798426815348364,147,0.0,2026-01-30 09:06:20.740618,46.0,2,0.18690919371099046,1,Normal
Normal,Heartbeat,50.88090438590572,122,0.0,2026-01-30 09:07:23.740618,63.0,2,0.18726090764884756,1,Normal
Normal,MeterValues,162.54693059444298,161,41.897006396738085,2026-01-30 09:10:59.740618,216.0,3,0.12835426907427971,1,Normal
Normal,StopTransaction,330.9169288301344,82,0.0,2026-01-30 09:14:23.740618,204.0,5,0.11237743363825126,1,Normal
Normal,Heartbeat,51.47820209658897,47,0.0,2026-01-30 09:16:20.740618,117.0,2,0.1935066244698186,1,Normal
Normal,MeterValues,225.11289077548068,169,17.99131860153424,2026-01-30 09:19:12.740618,172.0,3,0.16009999379962464,1,Normal
Normal,MeterValues,162.7556985416556,185,22.010601392019517,2026-01-30 09:19:46.740618,34.0,3,0.12443218090349728,1,Normal
Normal,Authorize,343.8293931755346,42,0.0,2026-01-30 09:22:14.740618,148.0,0,0.0591622044767639,1,Normal
Normal,Heartbeat,50.2186215965438,95,0.0,2026-01-30 09:27:10.740618,296.0,2,0.15401479767950538,1,Normal
Normal,MeterValues,173.21668444658295,188,48.995524955267726,2026-01-30 09:30:26.740618,196.0,3,0.11189634453509795,1,Normal
Normal,Heartbeat,49.69212994285135,187,0.0,2026-01-30 09:35:24.740618,298.0,2,0.11973562440469632,1,Normal
Normal,Authorize,219.40437728661448,185,0.0,2026-01-30 09:39:17.740618,233.0,0,0.03673142686520503,1,Normal
Normal,MeterValues,249.51293347479108,59,28.79596219704194,2026-01-30 09:42:45.740618,208.0,3,0.13033932244507612,1,Normal
Normal,Heartbeat,49.37341331623316,197,0.0,2026-01-30 09:45:29.740618,164.0,2,0.15296954281671948,1,Normal
Normal,Authorize,400.26516314512133,93,0.0,2026-01-30 09:46:32.740618,63.0,0,0.023046449039242023,1,Normal
Saldırı,BootNotification,1912.2397175789542,2277,0.0,2026-01-30 09:46:32.744618,0.004,1,-0.07628659341478039,-1,Saldırı
Normal,Heartbeat,48.145337895124406,49,0.0,2026-01-30 09:48:48.744618,136.0,2,0.18702015514403802,1,Normal
Normal,Authorize,280.291676225224,149,0.0,2026-01-30 09:52:18.744618,210.0,0,0.06444231081696006,1,Normal
Normal,StopTransaction,334.1575176526605,35,0.0,2026-01-30 09:57:05.744618,287.0,5,0.06812785709258362,1,Normal
Normal,Heartbeat,48.91095200236349,174,0.0,2026-01-30 10:01:16.744618,251.0,2,0.1623219271892261,1,Normal
Normal,Heartbeat,49.12640121040643,132,0.0,2026-01-30 10:03:12.744618,116.0,2,0.19747267438012905,1,Normal
Normal,MeterValues,172.14287874707415,116,16.01247753853736,2026-01-30 10:07:26.744618,254.0,3,0.16254331589897592,1,Normal
Normal,MeterValues,216.92996531080112,179,9.483113879292217,2026-01-30 10:09:34.744618,128.0,3,0.16303668216771594,1,Normal
Normal,Heartbeat,48.0829878244889,103,0.0,2026-01-30 10:11:04.744618,90.0,2,0.1889054703500921,1,Normal
Normal,Heartbeat,49.703312845801825,35,0.0,2026-01-30 10:11:55.744618,51.0,2,0.17969753987302411,1,Normal
Normal,Heartbeat,48.59906462678561,171,0.0,2026-01-30 10:12:05.744618,10.0,2,0.14107473691875833,1,Normal
Normal,Heartbeat,49.34599266718924,169,0.0,2026-01-30 10:14:13.744618,128.0,2,0.18971210180517073,1,Normal
Normal,Heartbeat,50.83137221168521,164,0.0,2026-01-30 10:18:40.744618,267.0,2,0.17532950798603553,1,Normal
Normal,BootNotification,254.02181871308255,118,0.0,2026-01-30 10:22:41.744618,241.0,1,0.1187981269557759,1,Normal
Normal,StartTransaction,377.76889837900967,28,0.0,2026-01-30 10:23:56.744618,75.0,4,0.09833414394610124,1,Normal
Normal,Heartbeat,48.15868774826416,110,0.0,2026-01-30 10:24:58.744618,62.0,2,0.1841335799831353,1,Normal
Normal,Heartbeat,50.016360441785125,104,0.0,2026-01-30 10:29:18.744618,260.0,2,0.18802078822484414,1,Normal
Saldırı,BootNotification,1724.2276240152728,3024,0.0,2026-01-30 10:29:18.750618,0.006,1,-0.07909116005274142,-1,Saldırı
Normal,Heartbeat,48.77520242517644,158,0.0,2026-01-30 10:33:33.750618,255.0,2,0.1752712653506298,1,Normal
Normal,Authorize,207.56097646386468,165,0.0,2026-01-30 10:36:38.750618,185.0,0,0.05134531697059075,1,Normal
Saldırı,MeterValues,207.0,77,968.5781832024888,2026-01-30 10:36:48.750618,10.0,3,-0.024700299002339055,-1,Saldırı
Normal,Heartbeat,50.32427422886411,187,0.0,2026-01-30 10:39:40.750618,172.0,2,0.1650602820651666,1,Normal
Normal,Heartbeat,48.806403518208015,159,0.0,2026-01-30 10:41:42.750618,122.0,2,0.18989867782786196,1,Normal
Normal,Heartbeat,50.00547118520817,160,0.0,2026-01-30 10:44:38.750618,176.0,2,0.18818194062407528,1,Normal
Normal,MeterValues,221.37806050725715,92,58.31948811807489,2026-01-30 10:47:39.750618,181.0,3,0.12858802042255213,1,Normal
Normal,Heartbeat,49.69258255712391,145,0.0,2026-01-30 10:52:26.750618,287.0,2,0.17112192178561536,1,Normal
Normal,Heartbeat,49.07833668256103,24,0.0,2026-01-30 10:53:13.750618,47.0,2,0.16781770741130558,1,Normal
Normal,StopTransaction,360.6147187427779,197,0.0,2026-01-30 10:57:54.750618,281.0,5,0.041497618577971074,1,Normal
Normal,StartTransaction,381.20168168367985,114,0.0,2026-01-30 11:00:22.750618,148.0,4,0.12114552439038107,1,Normal
Saldırı,MeterValues,239.0,145,894.8270651491985,2026-01-30 11:01:10.750618,48.0,3,-0.011766040200256622,-1,Saldırı
Normal,Heartbeat,50.00007112948676,30,0.0,2026-01-30 11:04:12.750618,182.0,2,0.17831968089716765,1,Normal
Normal,MeterValues,184.30989029127664,142,50.38144693732778,2026-01-30 11:09:10.750618,298.0,3,0.09038153959721251,1,Normal
Normal,MeterValues,164.2008425275497,134,33.709360929270794,2026-01-30 11:11:03.750618,113.0,3,0.1702123927207314,1,Normal
Normal,BootNotification,326.0677789656902,191,0.0,2026-01-30 11:11:54.750618,51.0,1,0.09643040817312748,1,Normal
Normal,Heartbeat,51.28152782143389,116,0.0,2026-01-30 11:14:49.750618,175.0,2,0.19174164035939428,1,Normal
Normal,Heartbeat,51.327958525803155,156,0.0,2026-01-30 11:18:39.750618,230.0,2,0.18299556759269864,1,Normal
Normal,Authorize,223.68215191270042,80,0.0,2026-01-30 11:21:59.750618,200.0,0,0.07886993889835725,1,Normal
Normal,Heartbeat,48.41238469376229,174,0.0,2026-01-30 11:25:55.750618,236.0,2,0.16221602316013545,1,Normal
Normal,StartTransaction,341.5219606528722,156,0.0,2026-01-30 11:28:42.750618,167.0,4,0.13503688407494463,1,Normal
Normal,Heartbeat,51.029805863832124,37,0.0,2026-01-30 11:30:08.750618,86.0,2,0.1887090805191311,1,Normal
Normal,Heartbeat,48.60746174428871,152,0.0,2026-01-30 11:33:24.750618,196.0,2,0.18103617805702332,1,Normal
Normal,StopTransaction,268.06240769668676,20,0.0,2026-01-30 11:35:39.750618,135.0,5,0.10537507050280587,1,Normal
Normal,MeterValues,202.63788279774252,83,44.53694315729429,2026-01-30 11:38:10.750618,151.0,3,0.16294276392765772,1,Normal
Normal,Heartbeat,50.92529211886892,76,0.0,2026-01-30 11:40:48.750618,158.0,2,0.19132731408821746,1,Normal
Normal,Heartbeat,51.44567974869987,104,0.0,2026-01-30 11:42:06.750618,78.0,2,0.194272125775229,1,Normal
Normal,Authorize,393.8916629418073,74,0.0,2026-01-30 11:46:03.750618,237.0,0,0.019360250424101055,1,Normal
Normal,Heartbeat,48.16214485488537,42,0.0,2026-01-30 11:48:16.750618,133.0,2,0.1873496567514638,1,Normal
Normal,MeterValues,155.24654364179702,25,40.12945858125779,2026-01-30 11:50:55.750618,159.0,3,0.1169420232238742,1,Normal
Normal,Heartbeat,51.39644125046033,94,0.0,2026-01-30 11:54:34.750618,219.0,2,0.1927196102804304,1,Normal
Normal,Heartbeat,51.00153107941412,147,0.0,2026-01-30 11:54:55.750618,21.0,2,0.16910261079288225,1,Normal
Normal,MeterValues,228.3585119453947,32,32.602159168541405,2026-01-30 11:55:44.750618,49.0,3,0.15176754437127177,1,Normal
Normal,Heartbeat,49.80520550394987,165,0.0,2026-01-30 11:56:27.750618,43.0,2,0.17832862376563735,1,Normal
Normal,MeterValues,202.52196377220483,100,51.467324342077845,2026-01-30 11:59:03.750618,156.0,3,0.15628205288653424,1,Normal
Normal,Heartbeat,49.456401918444804,63,0.0,2026-01-30 12:01:16.750618,133.0,2,0.2032954930691947,1,Normal
Normal,MeterValues,162.77945843166046,111,9.68327057749207,2026-01-30 12:05:04.750618,228.0,3,0.15785711881276993,1,Normal
Normal,MeterValues,181.4308966996622,70,44.15157603484437,2026-01-30 12:07:26.750618,142.0,3,0.1589415067501337,1,Normal
Normal,StartTransaction,378.07563477693736,178,0.0,2026-01-30 12:10:57.750618,211.0,4,0.10456978110836163,1,Normal
Normal,StopTransaction,400.2063928465664,28,0.0,2026-01-30 12:13:09.750618,132.0,5,0.07124608772106689,1,Normal
Normal,Heartbeat,49.86602093214164,23,0.0,2026-01-30 12:16:46.750618,217.0,2,0.17079960998670524,1,Normal
Normal,Heartbeat,48.866126764097814,94,0.0,2026-01-30 12:19:29.750618,163.0,2,0.19741751400821878,1,Normal
Normal,StopTransaction,277.37998007298836,76,0.0,2026-01-30 12:23:52.750618,263.0,5,0.09652622845816233,1,Normal
Normal,MeterValues,243.2775663745969,162,17.12040335461315,2026-01-30 12:27:42.750618,230.0,3,0.1444911035564228,1,Normal
Normal,MeterValues,241.69929126890554,126,44.54564740906014,2026-01-30 12:29:34.750618,112.0,3,0.16010652877508552,1,Normal
Normal,MeterValues,169.094795438233,135,34.669957392706635,2026-01-30 12:33:28.750618,234.0,3,0.14873752878558977,1,Normal
Normal,Heartbeat,50.375499638072334,67,0.0,2026-01-30 12:37:38.750618,250.0,2,0.18394043487682415,1,Normal
Saldırı,BootNotification,2376.1418495865614,3592,0.0,2026-01-30 12:37:38.757618,0.007,1,-0.10593334457742565,-1,Saldırı
Saldırı,BootNotification,2391.3281470553757,2872,0.0,2026-01-30 12:37:38.758618,0.001,1,-0.1029518956747627,-1,Saldırı
Normal,Heartbeat,49.4471710530227,186,0.0,2026-01-30 12:39:24.758618,106.0,2,0.1658669699670755,1,Normal
Normal,Authorize,341.79300832490145,76,0.0,2026-01-30 12:43:14.758618,230.0,0,0.050789207411929826,1,Normal
Normal,MeterValues,224.46527696736024,83,32.78103556596624,2026-01-30 12:45:49.758618,155.0,3,0.1622584329853799,1,Normal
Normal,StartTransaction,222.48855344704506,22,0.0,2026-01-30 12:46:43.758618,54.0,4,0.11086121446987879,1,Normal
Normal,Heartbeat,50.09503444763001,44,0.0,2026-01-30 12:48:03.758618,80.0,2,0.1917531625203387,1,Normal
Normal,Heartbeat,51.067256230666885,63,0.0,2026-01-30 12:51:00.758618,177.0,2,0.1917357736757005,1,Normal
Normal,Heartbeat,50.544392809851374,27,0.0,2026-01-30 12:54:41.758618,221.0,2,0.16931553425239942,1,Normal
Normal,MeterValues,234.91113777843503,86,41.67930567978763,2026-01-30 12:57:34.758618,173.0,3,0.152815633130156,1,Normal
Normal,StopTransaction,273.6815954979728,90,0.0,2026-01-30 13:00:40.758618,186.0,5,0.12232834268256504,1,Normal
Saldırı,BootNotification,2469.8104726720367,3737,0.0,2026-01-30 13:00:40.762618,0.004,1,-0.10420402011203067,-1,Saldırı
Saldırı,MeterValues,234.0,60,1115.7827143309244,2026-01-30 13:00:54.762618,14.0,3,-0.04875191983353888,-1,Saldırı
Normal,Heartbeat,51.02049294521845,74,0.0,2026-01-30 13:03:49.762618,175.0,2,0.19316090499837546,1,Normal
Normal,Heartbeat,51.517164743603786,151,0.0,2026-01-30 13:07:28.762618,219.0,2,0.18348639852312293,1,Normal
Normal,StartTransaction,302.39728298292454,103,0.0,2026-01-30 13:12:07.762618,279.0,4,0.12859263725616543,1,Normal
Normal,BootNotification,288.6058558069538,33,0.0,2026-01-30 13:15:35.762618,208.0,1,0.09835899134124859,1,Normal
Normal,Heartbeat,51.94830441176535,95,0.0,2026-01-30 13:19:46.762618,251.0,2,0.1767053172278097,1,Normal
Normal,Heartbeat,48.25642888951928,40,0.0,2026-01-30 13:21:03.762618,77.0,2,0.1770335346933471,1,Normal
Normal,Heartbeat,48.97539051031921,188,0.0,2026-01-30 13:24:54.762618,231.0,2,0.14596621548295735,1,Normal
Saldırı,MeterValues,181.0,60,1159.5382531932796,2026-01-30 13:25:50.762618,56.0,3,-0.04418606581296747,-1,Saldırı
Normal,Heartbeat,48.19367135891349,108,0.0,2026-01-30 13:27:15.762618,85.0,2,0.18897567421111694,1,Normal
Normal,Heartbeat,50.41945223024731,182,0.0,2026-01-30 13:30:32.762618,197.0,2,0.16192832816715896,1,Normal
Normal,MeterValues,166.90481081709348,125,59.14636129400151,2026-01-30 13:30:58.762618,26.0,3,0.12022821594864952,1,Normal
Normal,MeterValues,192.92754651671694,22,5.794208162088321,2026-01-30 13:34:38.762618,220.0,3,0.1435849007802375,1,Normal
Normal,MeterValues,203.07429269895545,124,25.67410814630383,2026-01-30 13:35:47.762618,69.0,3,0.1770556402282385,1,Normal
Normal,MeterValues,162.84752348588094,167,5.93243336055147,2026-01-30 13:36:48.762618,61.0,3,0.16027966252879294,1,Normal
Normal,Heartbeat,48.618357331629234,151,0.0,2026-01-30 13:41:40.762618,292.0,2,0.1499896004678819,1,Normal
Normal,Heartbeat,49.95508151608544,164,0.0,2026-01-30 13:44:14.762618,154.0,2,0.19062619160971328,1,Normal
Normal,Heartbeat,48.466503222328555,187,0.0,2026-01-30 13:47:12.762618,178.0,2,0.15388754155683093,1,Normal
Normal,StopTransaction,268.125183353485,182,0.0,2026-01-30 13:50:02.762618,170.0,5,0.11554410842965496,1,Normal
Normal,Heartbeat,48.427616934743426,116,0.0,2026-01-30 13:50:56.762618,54.0,2,0.18382708127306108,1,Normal
Saldırı,BootNotification,1909.569382385723,3701,0.0,2026-01-30 13:50:56.766618,0.004,1,-0.08903570015212914,-1,Saldırı
Normal,StartTransaction,398.7336616506934,62,0.0,2026-01-30 13:53:07.766618,131.0,4,0.10686254709762122,1,Normal
Normal,MeterValues,237.86250597882284,46,45.776215006549315,2026-01-30 13:57:47.766618,280.0,3,0.09214516974617748,1,Normal
Normal,Authorize,323.7058042771668,76,0.0,2026-01-30 13:59:38.766618,111.0,0,0.06755815693822298,1,Normal
Normal,Heartbeat,48.87462608007155,77,0.0,2026-01-30 14:00:31.766618,53.0,2,0.1886350014475376,1,Normal
Normal,MeterValues,248.7209535053364,93,32.46951928731335,2026-01-30 14:01:09.766618,38.0,3,0.1484146366958803,1,Normal
Normal,Heartbeat,50.93084459531215,45,0.0,2026-01-30 14:05:13.766618,244.0,2,0.175719413292172,1,Normal
Normal,Heartbeat,48.48271769424561,105,0.0,2026-01-30 14:07:17.766618,124.0,2,0.1979260030162296,1,Normal
Normal,StopTransaction,397.7690607864862,99,0.0,2026-01-30 14:10:23.766618,186.0,5,0.08196896615761284,1,Normal
Normal,Heartbeat,50.90966174070033,137,0.0,2026-01-30 14:10:38.766618,15.0,2,0.15625785205390813,1,Normal
Normal,StartTransaction,345.5468442597923,184,0.0,2026-01-30 14:14:11.766618,213.0,4,0.11145808779678446,1,Normal
Normal,MeterValues,173.8255896650219,21,43.427014658228174,2026-01-30 14:16:44.766618,153.0,3,0.12099706472714306,1,Normal
Normal,StopTransaction,292.2449252518325,108,0.0,2026-01-30 14:20:54.766618,250.0,5,0.110129041366753,1,Normal
Normal,Heartbeat,48.165719053736495,188,0.0,2026-01-30 14:25:03.766618,249.0,2,0.13535477029957993,1,Normal
Normal,MeterValues,194.52085616490194,105,19.20132260607765,2026-01-30 14:29:20.766618,257.0,3,0.15359868389826786,1,Normal
Normal,Heartbeat,49.200089017748866,69,0.0,2026-01-30 14:32:53.766618,213.0,2,0.19239949465043665,1,Normal
Normal,MeterValues,213.8097016633002,23,2.7804967024914973,2026-01-30 14:35:25.766618,152.0,3,0.1566409725502967,1,Normal
Normal,MeterValues,199.37436302993828,78,1.2771190440309388,2026-01-30 14:37:05.766618,100.0,3,0.18479879134699634,1,Normal
Saldırı,BootNotification,1955.1141369259258,2175,0.0,2026-01-30 14:37:05.772618,0.006,1,-0.07661979267160135,-1,Saldırı
Normal,MeterValues,217.6143760738259,107,5.0190632486520155,2026-01-30 14:42:05.772618,300.0,3,0.12468065529915584,1,Normal
Saldırı,BootNotification,1736.5062486985667,2695,0.0,2026-01-30 14:42:05.780618,0.008,1,-0.08390135119570574,-1,Saldırı
Normal,Heartbeat,48.90120469747044,48,0.0,2026-01-30 14:43:14.780618,69.0,2,0.18913741165035564,1,Normal
Normal,StopTransaction,396.0592953124802,180,0.0,2026-01-30 14:45:12.780618,118.0,5,0.06572282103748017,1,Normal
Normal,Heartbeat,51.92826943910542,150,0.0,2026-01-30 14:47:41.780618,149.0,2,0.17718625606988314,1,Normal
Normal,Authorize,273.8553360593518,62,0.0,2026-01-30 14:49:04.780618,83.0,0,0.07166489417985145,1,Normal
Normal,Authorize,244.39607017294045,145,0.0,2026-01-30 14:52:21.780618,197.0,0,0.06857472974092138,1,Normal
Normal,Heartbeat,51.728603491350505,48,0.0,2026-01-30 14:54:15.780618,114.0,2,0.185584454184678,1,Normal
Normal,MeterValues,195.25895017567086,163,30.665364147386725,2026-01-30 14:57:21.780618,186.0,3,0.16188889830249714,1,Normal
Normal,Heartbeat,51.53409298752824,192,0.0,2026-01-30 15:00:07.780618,166.0,2,0.15314168416070534,1,Normal
Normal,MeterValues,189.78904690742974,53,12.058856718556449,2026-01-30 15:02:57.780618,170.0,3,0.17176628633556817,1,Normal
Normal,MeterValues,230.56844476133307,93,41.497967606289535,2026-01-30 15:04:58.780618,121.0,3,0.16220612745412077,1,Normal
Normal,Heartbeat,50.21803456037901,110,0.0,2026-01-30 15:05:09.780618,11.0,2,0.16116083535203862,1,Normal
Normal,MeterValues,226.69502229339187,102,36.273698694189136,2026-01-30 15:07:03.780618,114.0,3,0.16950276040948475,1,Normal
Normal,MeterValues,186.40086628388633,200,17.29218398513749,2026-01-30 15:08:49.780618,106.0,3,0.1342132755738616,1,Normal
Normal,StopTransaction,309.7565941516118,95,0.0,2026-01-30 15:12:40.780618,231.0,5,0.11386604317781374,1,Normal
Normal,MeterValues,244.36967447131178,74,43.32297312037328,2026-01-30 15:16:51.780618,251.0,3,0.11961427787946183,1,Normal
Normal,Heartbeat,48.28821707783955,191,0.0,2026-01-30 15:21:08.780618,257.0,2,0.1355876200661872,1,Normal
Normal,Heartbeat,48.59122743708196,183,0.0,2026-01-30 15:22:03.780618,55.0,2,0.15586983928519388,1,Normal
Normal,Heartbeat,49.56040177121777,133,0.0,2026-01-30 15:23:41.780618,98.0,2,0.2004006989736309,1,Normal
Normal,MeterValues,213.23071757996078,160,22.56479396875838,2026-01-30 15:24:10.780618,29.0,3,0.160080027431103,1,Normal
Normal,MeterValues,233.49453969294933,151,56.346664563313105,2026-01-30 15:24:40.780618,30.0,3,0.12090508145831308,1,Normal
Normal,Heartbeat,51.677362855466264,57,0.0,2026-01-30 15:28:10.780618,210.0,2,0.18039996865758146,1,Normal
Normal,BootNotification,356.2418312537136,68,0.0,2026-01-30 15:31:16.780618,186.0,1,0.0968409460415699,1,Normal
Normal,StartTransaction,323.364731214872,55,0.0,2026-01-30 15:32:55.780618,99.0,4,0.14636515387003812,1,Normal
Normal,StopTransaction,368.22434044532645,86,0.0,2026-01-30 15:33:34.780618,39.0,5,0.09061561259999285,1,Normal
Normal,Heartbeat,50.07928855542066,181,0.0,2026-01-30 15:33:45.780618,11.0,2,0.13833623152126634,1,Normal
Normal,BootNotification,328.85198093378165,62,0.0,2026-01-30 15:36:31.780618,166.0,1,0.12367609761403897,1,Normal
Normal,Heartbeat,50.5630397278675,144,0.0,2026-01-30 15:39:05.780618,154.0,2,0.19211488090485118,1,Normal
Normal,Heartbeat,50.37216604830151,176,0.0,2026-01-30 15:43:19.780618,254.0,2,0.16392598668253544,1,Normal
Normal,MeterValues,162.54640988162686,30,49.79016768945899,2026-01-30 15:46:52.780618,213.0,3,0.09808150261006149,1,Normal
Normal,MeterValues,155.95411904750486,45,34.35521072847543,2026-01-30 15:50:56.780618,244.0,3,0.1288442295923501,1,Normal
Normal,Heartbeat,51.97002024115052,127,0.0,2026-01-30 15:53:33.780618,157.0,2,0.17639566872783713,1,Normal
Normal,MeterValues,207.1062784103124,37,12.506512498183927,2026-01-30 15:55:54.780618,141.0,3,0.16907911500919076,1,Normal
Normal,StartTransaction,285.3857428134056,78,0.0,2026-01-30 16:00:00.780618,246.0,4,0.13910915071932067,1,Normal
Normal,StartTransaction,349.35285372673,113,0.0,2026-01-30 16:04:59.780618,299.0,4,0.08538310803178639,1,Normal
Normal,StopTransaction,273.4721995177043,27,0.0,2026-01-30 16:08:47.780618,228.0,5,0.09213668812018527,1,Normal
Normal,Heartbeat,51.208125931123554,67,0.0,2026-01-30 16:09:53.780618,66.0,2,0.1936070042984791,1,Normal
Normal,MeterValues,210.15430975224447,91,49.42648847347845,2026-01-30 16:13:15.780618,202.0,3,0.13669364543000428,1,Normal
Saldırı,BootNotification,1646.0597451067642,4194,0.0,2026-01-30 16:13:15.785618,0.005,1,-0.10342286936026279,-1,Saldırı
Normal,MeterValues,166.7466567773632,132,9.003142912568547,2026-01-30 16:17:04.785618,229.0,3,0.15830911652811336,1,Normal
Normal,MeterValues,219.44705385079925,176,44.2095992747699,2026-01-30 16:21:23.785618,259.0,3,0.11234959394353222,1,Normal
Normal,MeterValues,172.64325769563092,80,13.989048146380906,2026-01-30 16:22:32.785618,69.0,3,0.16855620956935913,1,Normal
Normal,MeterValues,208.22025385677176,176,50.810036816672394,2026-01-30 16:22:54.785618,22.0,3,0.12015875612745691,1,Normal
Normal,StopTransaction,380.51374099504756,198,0.0,2026-01-30 16:25:13.785618,139.0,5,0.08016752347721523,1,Normal
Normal,MeterValues,190.65752456649648,31,16.785578123553094,2026-01-30 16:27:05.785618,112.0,3,0.1633254009353542,1,Normal
Normal,MeterValues,185.7281517503781,100,43.97544846329792,2026-01-30 16:28:14.785618,69.0,3,0.16236793772214636,1,Normal
Normal,Heartbeat,50.864963231150824,108,0.0,2026-01-30 16:30:38.785618,144.0,2,0.19939709857694404,1,Normal
Normal,Heartbeat,51.977185639006485,152,0.0,2026-01-30 16:31:24.785618,46.0,2,0.17058365854110935,1,Normal
Saldırı,MeterValues,183.0,88,825.372683765311,2026-01-30 16:32:05.785618,41.0,3,0.00965703409879215,1,Normal
Normal,Authorize,334.7977711158304,104,0.0,2026-01-30 16:33:06.785618,61.0,0,0.05827688268233289,1,Normal
Normal,Heartbeat,49.56873793123716,149,0.0,2026-01-30 16:34:19.785618,73.0,2,0.19263492650752156,1,Normal
Normal,MeterValues,158.75194638099072,42,11.575734209996744,2026-01-30 16:38:33.785618,254.0,3,0.13541093397966986,1,Normal
Normal,Heartbeat,49.55572306786271,22,0.0,2026-01-30 16:41:51.785618,198.0,2,0.1712537175254114,1,Normal
Normal,StartTransaction,371.7068299194048,95,0.0,2026-01-30 16:46:46.785618,295.0,4,0.08007519616880987,1,Normal
Normal,Heartbeat,49.7145490970181,100,0.0,2026-01-30 16:47:58.785618,72.0,2,0.1976874312073496,1,Normal
Normal,Heartbeat,48.28692775804905,37,0.0,2026-01-30 16:52:29.785618,271.0,2,0.15950557898671497,1,Normal
Normal,Heartbeat,48.78392002559689,163,0.0,2026-01-30 16:57:26.785618,297.0,2,0.13781268612884295,1,Normal
Normal,MeterValues,225.1900752529386,37,57.098450896600895,2026-01-30 16:58:14.785618,48.0,3,0.12050863098588799,1,Normal
Normal,MeterValues,186.44234651261314,131,30.455181098407433,2026-01-30 16:59:58.785618,104.0,3,0.17645777686215403,1,Normal
Normal,MeterValues,249.92814404040945,152,17.910569588541676,2026-01-30 17:03:49.785618,231.0,3,0.14404489750777666,1,Normal
Normal,Heartbeat,51.07725843873946,92,0.0,2026-01-30 17:08:44.785618,295.0,2,0.15547842811338713,1,Normal
Normal,Heartbeat,50.31819347637895,177,0.0,2026-01-30 17:09:52.785618,68.0,2,0.16864721400544452,1,Normal
Normal,BootNotification,199.31610864471972,181,0.0,2026-01-30 17:12:15.785618,143.0,1,0.1111776057807819,1,Normal
Normal,BootNotification,251.02539488589218,189,0.0,2026-01-30 17:13:43.785618,88.0,1,0.1117358718208647,1,Normal
Normal,Heartbeat,50.15367776156362,49,0.0,2026-01-30 17:13:56.785618,13.0,2,0.15512074807032405,1,Normal
Normal,StopTransaction,369.5614125875246,83,0.0,2026-01-30 17:18:09.785618,253.0,5,0.07993138394773536,1,Normal
Normal,Heartbeat,48.4332611183064,38,0.0,2026-01-30 17:21:59.785618,230.0,2,0.17303240114346463,1,Normal
Normal,Heartbeat,49.673479124452584,36,0.0,2026-01-30 17:24:52.785618,173.0,2,0.18875983720927697,1,Normal
Normal,MeterValues,176.25746323277136,58,32.148563164484024,2026-01-30 17:26:03.785618,71.0,3,0.1672961237685035,1,Normal
Normal,MeterValues,209.25652296673803,63,20.38883730845169,2026-01-30 17:29:24.785618,201.0,3,0.16290043480399735,1,Normal
Normal,StartTransaction,229.12432305439486,94,0.0,2026-01-30 17:31:40.785618,136.0,4,0.15926920528546057,1,Normal
Normal,Heartbeat,50.69954863396214,77,0.0,2026-01-30 17:35:19.785618,219.0,2,0.19105020237036646,1,Normal
Normal,Heartbeat,50.83132107415934,146,0.0,2026-01-30 17:37:21.785618,122.0,2,0.19435800001713294,1,Normal
Normal,Heartbeat,48.91485375243719,101,0.0,2026-01-30 17:41:58.785618,277.0,2,0.17340178089861347,1,Normal
Normal,Heartbeat,49.89623156697719,103,0.0,2026-01-30 17:44:24.785618,146.0,2,0.2018859387266297,1,Normal
Normal,Heartbeat,49.47590480655699,25,0.0,2026-01-30 17:48:27.785618,243.0,2,0.16415811170778133,1,Normal
Normal,MeterValues,157.4535698507519,121,6.110505449387085,2026-01-30 17:52:42.785618,255.0,3,0.16164563472819682,1,Normal
Normal,MeterValues,152.44615198413064,38,36.1443745815146,2026-01-30 17:56:26.785618,224.0,3,0.11945207621130505,1,Normal
Normal,Heartbeat,50.687848236748856,108,0.0,2026-01-30 17:58:59.785618,153.0,2,0.1984599700314259,1,Normal
Normal,Heartbeat,51.835468800662696,27,0.0,2026-01-30 18:01:37.785618,158.0,2,0.15701301626686648,1,Normal
Normal,Heartbeat,50.3878597546136,110,0.0,2026-01-30 18:06:35.785618,298.0,2,0.15763277617983534,1,Normal
Normal,Heartbeat,49.12891659740138,63,0.0,2026-01-30 18:08:51.785618,136.0,2,0.19943604565430162,1,Normal
Saldırı,MeterValues,196.0,100,998.3648316605745,2026-01-30 18:09:45.785618,54.0,3,-0.011857546229164795,-1,Saldırı
Normal,Heartbeat,51.324811072429654,87,0.0,2026-01-30 18:11:45.785618,120.0,2,0.19720260421998176,1,Normal
Normal,BootNotification,309.10020926729163,178,0.0,2026-01-30 18:16:34.785618,289.0,1,0.07011731421049827,1,Normal
Normal,Heartbeat,51.13268976712416,51,0.0,2026-01-30 18:20:52.785618,258.0,2,0.17490934018860055,1,Normal
Normal,Heartbeat,50.931022093953125,49,0.0,2026-01-30 18:21:12.785618,20.0,2,0.16468994577635082,1,Normal
Normal,Heartbeat,51.8109421939885,48,0.0,2026-01-30 18:25:34.785618,262.0,2,0.15684978442836034,1,Normal
Normal,MeterValues,187.22365705324802,34,20.732429316849146,2026-01-30 18:27:04.785618,90.0,3,0.15460548748190017,1,Normal
Normal,Heartbeat,51.769904270277856,54,0.0,2026-01-30 18:31:55.785618,291.0,2,0.14849418686515004,1,Normal
Normal,MeterValues,200.84695594206076,131,15.923098295587629,2026-01-30 18:32:55.785618,60.0,3,0.17847608658527975,1,Normal
Normal,Authorize,329.17651803046795,154,0.0,2026-01-30 18:33:18.785618,23.0,0,0.04277347756559502,1,Normal
Normal,MeterValues,162.98837532803833,142,50.46378752458146,2026-01-30 18:35:21.785618,123.0,3,0.15288326988031442,1,Normal
Normal,BootNotification,396.92411842382035,198,0.0,2026-01-30 18:35:35.785618,14.0,1,0.041835021113487025,1,Normal
Normal,Heartbeat,50.499504147287496,173,0.0,2026-01-30 18:38:45.785618,190.0,2,0.17569139887324764,1,Normal
Normal,StartTransaction,236.25388424309386,178,0.0,2026-01-30 18:41:53.785618,188.0,4,0.12984421709313498,1,Normal
Normal,Authorize,286.7150764198366,73,0.0,2026-01-30 18:45:01.785618,188.0,0,0.06739854462338335,1,Normal
Normal,Heartbeat,49.42969736299043,33,0.0,2026-01-30 18:48:24.785618,203.0,2,0.18435146990772922,1,Normal
Normal,StopTransaction,230.65478754119454,124,0.0,2026-01-30 18:52:19.785618,235.0,5,0.11413261639539146,1,Normal
Normal,MeterValues,204.80745677851044,47,7.895903865296825,2026-01-30 18:55:43.785618,204.0,3,0.16187193989330784,1,Normal
Normal,MeterValues,178.72814385432332,83,52.73338323903614,2026-01-30 18:59:00.785618,197.0,3,0.13622338462605826,1,Normal
Normal,StartTransaction,314.2358721106014,63,0.0,2026-01-30 19:02:44.785618,224.0,4,0.12996296982864003,1,Normal
Normal,Authorize,320.5430615289248,117,0.0,2026-01-30 19:04:15.785618,91.0,0,0.07092433499538287,1,Normal
Saldırı,MeterValues,233.0,76,902.8210234646598,2026-01-30 19:04:56.785618,41.0,3,-0.008234859585801613,-1,Saldırı
Normal,MeterValues,234.92301536357016,61,47.37727363318267,2026-01-30 19:07:19.785618,143.0,3,0.13817642001943187,1,Normal
Normal,Heartbeat,50.45513343519608,183,0.0,2026-01-30 19:09:57.785618,158.0,2,0.17021624770456334,1,Normal
Normal,MeterValues,231.31820097789893,57,59.594933319722436,2026-01-30 19:12:22.785618,145.0,3,0.11857632011713803,1,Normal
Normal,MeterValues,218.86297956085278,95,8.767815372542557,2026-01-30 19:14:24.785618,122.0,3,0.18604774594832435,1,Normal
Normal,StartTransaction,371.5684815100119,104,0.0,2026-01-30 19:14:57.785618,33.0,4,0.1108594652709402,1,Normal
Normal,StopTransaction,242.27543039791107,80,0.0,2026-01-30 19:15:48.785618,51.0,5,0.10788686136068593,1,Normal
Normal,BootNotification,301.43200823438696,51,0.0,2026-01-30 19:19:19.785618,211.0,1,0.10135878207258031,1,Normal
Normal,MeterValues,195.35535863930014,135,11.981140864639507,2026-01-30 19:22:08.785618,169.0,3,0.17899780974652674,1,Normal
Normal,StartTransaction,340.279546567698,91,0.0,2026-01-30 19:25:15.785618,187.0,4,0.13174143075547234,1,Normal
Normal,BootNotification,317.05479820188475,182,0.0,2026-01-30 19:28:32.785618,197.0,1,0.08762463339677162,1,Normal
Normal,MeterValues,174.88799932344614,187,53.64116042560158,2026-01-30 19:32:49.785618,257.0,3,0.07990963192342748,1,Normal
Normal,StopTransaction,288.31899654078916,81,0.0,2026-01-30 19:35:51.785618,182.0,5,0.12472885373357334,1,Normal
Normal,Heartbeat,51.18454847510095,70,0.0,2026-01-30 19:40:30.785618,279.0,2,0.1692646312994081,1,Normal
Normal,MeterValues,203.09540521331402,75,1.5347456473631782,2026-01-30 19:42:39.785618,129.0,3,0.18821877040764673,1,Normal
Normal,Heartbeat,50.3431809965641,149,0.0,2026-01-30 19:43:38.785618,59.0,2,0.18435391455470895,1,Normal
Normal,MeterValues,237.00682659092453,138,11.491476468108088,2026-01-30 19:47:24.785618,226.0,3,0.16091672515475058,1,Normal
Normal,StopTransaction,207.94060986065412,22,0.0,2026-01-30 19:49:16.785618,112.0,5,0.09944222335005676,1,Normal
Normal,MeterValues,185.68762404865046,42,26.707831634611786,2026-01-30 19:50:05.785618,49.0,3,0.15881701339192056,1,Normal
Normal,MeterValues,231.88955663253088,106,26.47218188647902,2026-01-30 19:51:18.785618,73.0,3,0.17182353421298197,1,Normal
Normal,Heartbeat,49.759253441242635,169,0.0,2026-01-30 19:52:56.785618,98.0,2,0.19108745837216118,1,Normal
Normal,Heartbeat,48.56981489992151,43,0.0,2026-01-30 19:56:46.785618,230.0,2,0.17438245319015055,1,Normal
Normal,Heartbeat,48.15344197064833,87,0.0,2026-01-30 19:58:29.785618,103.0,2,0.1863929117522805,1,Normal
Normal,Heartbeat,51.8955248853846,155,0.0,2026-01-30 20:02:45.785618,256.0,2,0.17516469834811232,1,Normal
Normal,MeterValues,231.8914086969185,35,34.805540375990105,2026-01-30 20:06:31.785618,226.0,3,0.12685842068830544,1,Normal
Normal,Heartbeat,48.76954386099213,65,0.0,2026-01-30 20:09:07.785618,156.0,2,0.19343107458781644,1,Normal
Normal,MeterValues,197.22293253284965,183,53.74057728460205,2026-01-30 20:12:25.785618,198.0,3,0.1045952532737558,1,Normal
Normal,Heartbeat,48.60840119402049,187,0.0,2026-01-30 20:16:25.785618,240.0,2,0.13868234260643264,1,Normal
Normal,Authorize,384.85069117834325,73,0.0,2026-01-30 20:20:47.785618,262.0,0,0.005029577039601274,1,Normal
Normal,StopTransaction,327.91739048435966,162,0.0,2026-01-30 20:25:10.785618,263.0,5,0.07729160474463415,1,Normal
Normal,MeterValues,173.23065612068146,154,47.03420801330468,2026-01-30 20:28:16.785618,186.0,3,0.15151701050260125,1,Normal
Normal,MeterValues,165.83672620134794,193,57.83859036530099,2026-01-30 20:30:42.785618,146.0,3,0.08527940955411473,1,Normal
Normal,Heartbeat,48.08121394446968,40,0.0,2026-01-30 20:34:44.785618,242.0,2,0.16721427813202727,1,Normal
Normal,StopTransaction,301.9223819614774,157,0.0,2026-01-30 20:35:12.785618,28.0,5,0.09477967057847714,1,Normal
Normal,StartTransaction,350.0147367180836,22,0.0,2026-01-30 20:35:37.785618,25.0,4,0.0977871160008224,1,Normal
Saldırı,MeterValues,153.0,133,1126.9345326732969,2026-01-30 20:36:24.785618,47.0,3,-0.05522140621379834,-1,Saldırı
Normal,Heartbeat,50.82355318368893,137,0.0,2026-01-30 20:36:43.785618,19.0,2,0.16475266816288314,1,Normal
Normal,BootNotification,353.09785931594115,142,0.0,2026-01-30 20:37:10.785618,27.0,1,0.09855040500469436,1,Normal
Normal,MeterValues,154.919251505105,72,1.6425326954748032,2026-01-30 20:41:20.785618,250.0,3,0.15248267159445456,1,Normal
Normal,Heartbeat,49.65870417639916,156,0.0,2026-01-30 20:44:11.785618,171.0,2,0.18952821592830738,1,Normal
Normal,Heartbeat,51.76149527946027,131,0.0,2026-01-30 20:44:44.785618,33.0,2,0.1719617431669997,1,Normal
Normal,MeterValues,175.01593213109197,158,34.67736831291646,2026-01-30 20:49:01.785618,257.0,3,0.13954514831324444,1,Normal
Normal,MeterValues,212.30013736629925,106,36.92990471669281,2026-01-30 20:52:33.785618,212.0,3,0.14981429910060973,1,Normal
Normal,Authorize,206.40309081450133,83,0.0,2026-01-30 20:52:43.785618,10.0,0,0.04372114266823168,1,Normal
Normal,MeterValues,242.18690143495627,107,11.391912841254538,2026-01-30 20:53:03.785618,20.0,3,0.16072346611126692,1,Normal
Normal,StartTransaction,242.6051495693238,85,0.0,2026-01-30 20:54:41.785618,98.0,4,0.15895456971267297,1,Normal
Normal,Heartbeat,51.1460285243633,152,0.0,2026-01-30 20:55:36.785618,55.0,2,0.18087468085974412,1,Normal
Normal,Heartbeat,49.412676208144745,196,0.0,2026-01-30 20:59:36.785618,240.0,2,0.13888802243006343,1,Normal
Normal,MeterValues,244.5260563385567,53,31.931943458937774,2026-01-30 21:03:08.785618,212.0,3,0.1325841580815067,1,Normal
Saldırı,MeterValues,240.0,98,842.7160573111005,2026-01-30 21:03:48.785618,40.0,3,0.0054836010165209,1,Normal
Normal,Heartbeat,48.37658413893013,198,0.0,2026-01-30 21:05:17.785618,89.0,2,0.14668769946883903,1,Normal
Normal,StartTransaction,299.00059867916804,91,0.0,2026-01-30 21:06:23.785618,66.0,4,0.14352813596647523,1,Normal
Normal,StopTransaction,279.15208490384225,88,0.0,2026-01-30 21:10:28.785618,245.0,5,0.10648272109352036,1,Normal
Normal,MeterValues,247.81613398961582,29,27.294995046579118,2026-01-30 21:15:14.785618,286.0,3,0.08639377447715679,1,Normal
Normal,StartTransaction,338.8479071588184,41,0.0,2026-01-30 21:19:01.785618,227.0,4,0.12153276836198246,1,Normal
Normal,Heartbeat,49.784298206760916,138,0.0,2026-01-30 21:22:12.785618,191.0,2,0.19535755341084737,1,Normal
Normal,Heartbeat,48.18849354320048,61,0.0,2026-01-30 21:27:06.785618,294.0,2,0.14376555411315484,1,Normal
Normal,MeterValues,175.20440641630236,193,31.579795632783956,2026-01-30 21:29:55.785618,169.0,3,0.13546715462425302,1,Normal
Normal,StartTransaction,275.8079300567757,93,0.0,2026-01-30 21:33:08.785618,193.0,4,0.15095373903730064,1,Normal
Normal,StopTransaction,283.05036790324993,66,0.0,2026-01-30 21:36:25.785618,197.0,5,0.11932515004606048,1,Normal
Normal,MeterValues,240.97077555866002,87,25.555519427334502,2026-01-30 21:38:59.785618,154.0,3,0.15829354241472726,1,Normal
Normal,Heartbeat,50.84906338755057,44,0.0,2026-01-30 21:39:20.785618,21.0,2,0.1643745470393666,1,Normal
Normal,StartTransaction,348.5845178449557,100,0.0,2026-01-30 21:40:44.785618,84.0,4,0.13835936660028542,1,Normal
Normal,MeterValues,240.76164248143093,188,2.3967399252856714,2026-01-30 21:41:19.785618,35.0,3,0.14451867776263883,1,Normal
Normal,BootNotification,242.46109067504412,97,0.0,2026-01-30 21:42:16.785618,57.0,1,0.13376936825217495,1,Normal
Normal,Heartbeat,48.60572354560507,129,0.0,2026-01-30 21:43:48.785618,92.0,2,0.19234291356467942,1,Normal
Normal,Heartbeat,49.604082833782996,153,0.0,2026-01-30 21:47:04.785618,196.0,2,0.18880112892302126,1,Normal
Normal,MeterValues,198.93501514330126,21,32.173373451558,2026-01-30 21:51:56.785618,292.0,3,0.08188404059316967,1,Normal
Normal,Heartbeat,48.673303942307314,63,0.0,2026-01-30 21:53:45.785618,109.0,2,0.19358499322957562,1,Normal
Normal,Heartbeat,50.856121779886344,38,0.0,2026-01-30 21:54:45.785618,60.0,2,0.17926850369973896,1,Normal
Normal,Heartbeat,48.15529629406196,71,0.0,2026-01-30 21:59:20.785618,275.0,2,0.16407237163152416,1,Normal
Normal,StopTransaction,376.62249353763735,75,0.0,2026-01-30 22:00:31.785618,71.0,5,0.0950959375519066,1,Normal
Normal,Heartbeat,51.14517716429211,20,0.0,2026-01-30 22:01:21.785618,50.0,2,0.15830332348354859,1,Normal
Normal,StartTransaction,369.684175892872,125,0.0,2026-01-30 22:04:01.785618,160.0,4,0.1263739983766886,1,Normal
Normal,MeterValues,155.44439809006352,187,52.5505724018158,2026-01-30 22:06:18.785618,137.0,3,0.1112874248837259,1,Normal
Saldırı,MeterValues,219.0,74,903.1388580628458,2026-01-30 22:06:46.785618,28.0,3,-0.004842289689167778,-1,Saldırı
Normal,Heartbeat,49.5488644671029,154,0.0,2026-01-30 22:10:43.785618,237.0,2,0.1868602913810996,1,Normal
Normal,Heartbeat,48.473379828692295,104,0.0,2026-01-30 22:12:53.785618,130.0,2,0.1988243290646452,1,Normal
Normal,StartTransaction,341.9816916805072,147,0.0,2026-01-30 22:13:30.785618,37.0,4,0.12797297493256077,1,Normal
Normal,Heartbeat,50.87120622490463,28,0.0,2026-01-30 22:15:21.785618,111.0,2,0.1792180558183311,1,Normal
Normal,Heartbeat,48.978675757400595,26,0.0,2026-01-30 22:17:42.785618,141.0,2,0.1805208427367816,1,Normal
Normal,Heartbeat,49.137923768548625,166,0.0,2026-01-30 22:21:21.785618,219.0,2,0.17973681923868068,1,Normal
Normal,MeterValues,154.30780253273747,51,45.31323965567687,2026-01-30 22:24:54.785618,213.0,3,0.11264295136552771,1,Normal
Normal,Heartbeat,50.348359976287085,173,0.0,2026-01-30 22:27:41.785618,167.0,2,0.17925884944212056,1,Normal
Normal,StartTransaction,358.4403115595693,149,0.0,2026-01-30 22:29:38.785618,117.0,4,0.1258042140815775,1,Normal
Normal,BootNotification,242.2313037241611,32,0.0,2026-01-30 22:31:54.785618,136.0,1,0.12741327161160654,1,Normal
Normal,Heartbeat,48.631850223931984,56,0.0,2026-01-30 22:33:16.785618,82.0,2,0.18671818634700027,1,Normal
Normal,BootNotification,232.637456902462,138,0.0,2026-01-30 22:37:31.785618,255.0,1,0.12477185732587726,1,Normal
Normal,Authorize,216.23143512497273,117,0.0,2026-01-30 22:38:23.785618,52.0,0,0.0722171911017615,1,Normal
Normal,StartTransaction,332.2051297312647,114,0.0,2026-01-30 22:41:07.785618,164.0,4,0.14741502794074962,1,Normal
Normal,Heartbeat,51.493660752675915,108,0.0,2026-01-30 22:45:51.785618,284.0,2,0.1735824602811442,1,Normal
Normal,Heartbeat,49.43189156051524,53,0.0,2026-01-30 22:49:54.785618,243.0,2,0.18338248342701507,1,Normal
Normal,MeterValues,197.03512648132062,175,6.274848318087538,2026-01-30 22:52:08.785618,134.0,3,0.17654106571076555,1,Normal
Normal,MeterValues,152.5653061393834,103,36.00804045287747,2026-01-30 22:56:32.785618,264.0,3,0.12612850358401007,1,Normal
Normal,StartTransaction,320.21380419646397,41,0.0,2026-01-30 22:58:37.785618,125.0,4,0.144926374634038,1,Normal
Normal,Heartbeat,50.405513972650525,68,0.0,2026-01-30 23:00:02.785618,85.0,2,0.19891229613206696,1,Normal
Normal,MeterValues,198.25081879980505,59,51.666473384101764,2026-01-30 23:02:15.785618,133.0,3,0.1461824208918232,1,Normal
Normal,MeterValues,181.02546031060538,97,13.37702452837018,2026-01-30 23:02:51.785618,36.0,3,0.17562914831446158,1,Normal
Normal,Heartbeat,51.650769919268164,182,0.0,2026-01-30 23:04:08.785618,77.0,2,0.15534701018185282,1,Normal
Normal,StartTransaction,252.05428227661005,178,0.0,2026-01-30 23:05:50.785618,102.0,4,0.1367766670679097,1,Normal
Normal,MeterValues,201.38585934124293,126,22.748956162738065,2026-01-30 23:06:12.785618,22.0,3,0.16637004213721013,1,Normal
Normal,Heartbeat,49.77099777819134,185,0.0,2026-01-30 23:11:08.785618,296.0,2,0.12393479712300143,1,Normal
Normal,StopTransaction,199.6107073169819,99,0.0,2026-01-30 23:11:33.785618,25.0,5,0.0909448535279137,1,Normal
Normal,MeterValues,245.58760054783778,164,59.186467238577315,2026-01-30 23:12:39.785618,66.0,3,0.10660597580381542,1,Normal
Normal,MeterValues,237.4351058012867,102,27.53094449183858,2026-01-30 23:16:05.785618,206.0,3,0.15521400790706946,1,Normal
Normal,StartTransaction,198.15365605171365,110,0.0,2026-01-30 23:19:54.785618,229.0,4,0.14156207952227723,1,Normal
Normal,MeterValues,185.5257970699262,83,33.75603513952667,2026-01-30 23:20:25.785618,31.0,3,0.16083356890781664,1,Normal
Normal,Heartbeat,51.404650929327055,171,0.0,2026-01-30 23:20:39.785618,14.0,2,0.14630658633606597,1,Normal
Saldırı,MeterValues,184.0,53,858.973731294591,2026-01-30 23:21:07.785618,28.0,3,0.0022339238890950464,1,Normal
Normal,Heartbeat,50.87333863243039,155,0.0,2026-01-30 23:21:30.785618,23.0,2,0.16878422387725667,1,Normal
Normal,Heartbeat,49.0039123981342,25,0.0,2026-01-30 23:23:51.785618,141.0,2,0.17812560132255162,1,Normal
Normal,Authorize,299.45351753739243,128,0.0,2026-01-30 23:24:52.785618,61.0,0,0.06384395525481257,1,Normal
Saldırı,BootNotification,2488.1358049946284,3574,0.0,2026-01-30 23:24:52.792618,0.007,1,-0.1111791454897817,-1,Saldırı
Normal,StartTransaction,235.1924382804264,155,0.0,2026-01-30 23:28:26.792618,214.0,4,0.14612212160229537,1,Normal
Normal,MeterValues,224.7223816682447,22,10.597354855405932,2026-01-30 23:32:39.792618,253.0,3,0.12552272113399715,1,Normal
Normal,StartTransaction,287.48278024931284,102,0.0,2026-01-30 23:33:08.792618,29.0,4,0.13007221983248624,1,Normal
Normal,StartTransaction,371.80027092795774,64,0.0,2026-01-30 23:37:58.792618,290.0,4,0.0835095844126813,1,Normal
Normal,MeterValues,165.54482869288412,128,1.679080227847387,2026-01-30 23:40:28.792618,150.0,3,0.1822575838019837,1,Normal
Normal,StopTransaction,313.30244007808494,66,0.0,2026-01-30 23:43:09.792618,161.0,5,0.11997403156761316,1,Normal
Normal,Heartbeat,48.34259553100086,57,0.0,2026-01-30 23:46:24.792618,195.0,2,0.1850228032376271,1,Normal
Normal,Heartbeat,50.27235710503155,76,0.0,2026-01-30 23:50:50.792618,266.0,2,0.17734560688998297,1,Normal
Normal,Heartbeat,50.60940085013582,45,0.0,2026-01-30 23:51:36.792618,46.0,2,0.1879466275700008,1,Normal
Normal,Heartbeat,51.756049963538445,164,0.0,2026-01-30 23:55:21.792618,225.0,2,0.17933537746130618,1,Normal
Normal,Heartbeat,48.493553440633164,40,0.0,2026-01-30 23:59:48.792618,267.0,2,0.16549293186848912,1,Normal
Normal,MeterValues,185.2516018444973,52,16.873505301771733,2026-01-31 00:01:20.792618,92.0,3,0.17442579623590837,1,Normal
Normal,Heartbeat,48.01398433116192,142,0.0,2026-01-31 00:04:11.792618,171.0,2,0.18547226178869886,1,Normal
Normal,Heartbeat,48.37086376793069,193,0.0,2026-01-31 00:07:45.792618,214.0,2,0.1422247283391916,1,Normal
Normal,MeterValues,232.979400889775,122,7.147974009265954,2026-01-31 00:08:35.792618,50.0,3,0.17571815006010671,1,Normal
Normal,Heartbeat,48.406882371825205,194,0.0,2026-01-31 00:08:47.792618,12.0,2,0.12055702859349843,1,Normal
Saldırı,BootNotification,2151.085483825715,4033,0.0,2026-01-31 00:08:47.799618,0.007,1,-0.10190607198059876,-1,Saldırı
Normal,MeterValues,216.25235210302782,133,12.208279128202799,2026-01-31 00:12:20.799618,213.0,3,0.16955501262681932,1,Normal
Normal,Heartbeat,49.96969764129618,102,0.0,2026-01-31 00:17:05.799618,285.0,2,0.179074169683421,1,Normal
Normal,MeterValues,244.67516973816782,165,10.718379386013604,2026-01-31 00:21:22.799618,257.0,3,0.1410028482781997,1,Normal
Normal,Authorize,209.8999632970888,124,0.0,2026-01-31 00:22:16.799618,54.0,0,0.06892522806412071,1,Normal
Normal,StopTransaction,236.4448100465811,123,0.0,2026-01-31 00:23:21.799618,65.0,5,0.1188445829729578,1,Normal
Saldırı,BootNotification,1599.3499767584099,3149,0.0,2026-01-31 00:23:21.803618,0.004,1,-0.07890164765135688,-1,Saldırı
Normal,StopTransaction,318.7805329558264,69,0.0,2026-01-31 00:24:31.803618,70.0,5,0.11762353676446191,1,Normal
Normal,MeterValues,228.95176602293773,88,7.090011150606623,2026-01-31 00:28:31.803618,240.0,3,0.15662647028746884,1,Normal
Normal,Heartbeat,48.77976901357669,61,0.0,2026-01-31 00:32:37.803618,246.0,2,0.18014579254838564,1,Normal
Normal,StopTransaction,376.4204909954111,155,0.0,2026-01-31 00:34:35.803618,118.0,5,0.09440500131409846,1,Normal
Normal,StartTransaction,274.0394587458534,159,0.0,2026-01-31 00:39:13.803618,278.0,4,0.1275562868766149,1,Normal
Normal,StopTransaction,228.13955755694775,195,0.0,2026-01-31 00:43:25.803618,252.0,5,0.08253024133827258,1,Normal
Normal,MeterValues,232.8855632003917,61,21.515028718432454,2026-01-31 00:43:46.803618,21.0,3,0.14941174003433427,1,Normal
Normal,Heartbeat,48.96526886035965,146,0.0,2026-01-31 00:44:58.803618,72.0,2,0.19022677921701908,1,Normal
Normal,StartTransaction,214.77620118800252,170,0.0,2026-01-31 00:47:01.803618,123.0,4,0.1456169718418726,1,Normal
Normal,Heartbeat,51.417256889033,102,0.0,2026-01-31 00:52:00.803618,299.0,2,0.15284598480321387,1,Normal
Normal,StartTransaction,288.75160924834796,73,0.0,2026-01-31 00:54:45.803618,165.0,4,0.15030720004710885,1,Normal
Saldırı,MeterValues,229.0,72,1053.6378263870515,2026-01-31 00:55:16.803618,31.0,3,-0.0300333654558399,-1,Saldırı
Normal,Heartbeat,48.779729607514575,136,0.0,2026-01-31 00:57:16.803618,120.0,2,0.19817258109218666,1,Normal
Normal,Heartbeat,51.74173907337161,131,0.0,2026-01-31 00:59:30.803618,134.0,2,0.19166169372442893,1,Normal
Normal,StopTransaction,338.11559009487223,69,0.0,2026-01-31 00:59:56.803618,26.0,5,0.09038738555145975,1,Normal
Normal,Heartbeat,50.59062086281628,93,0.0,2026-01-31 01:00:40.803618,44.0,2,0.19240012604690587,1,Normal
Normal,StopTransaction,279.76507387101543,76,0.0,2026-01-31 01:03:59.803618,199.0,5,0.12516921267536957,1,Normal
Normal,StopTransaction,234.77064241222277,66,0.0,2026-01-31 01:05:30.803618,91.0,5,0.12324747103681288,1,Normal
Normal,MeterValues,160.82657074699125,160,47.436216932294016,2026-01-31 01:08:22.803618,172.0,3,0.13696507812023256,1,Normal
Normal,Heartbeat,49.81189061049964,69,0.0,2026-01-31 01:10:33.803618,131.0,2,0.2028387394526434,1,Normal
Normal,Heartbeat,48.15066672997475,64,0.0,2026-01-31 01:13:52.803618,199.0,2,0.1879752100918568,1,Normal
Normal,StopTransaction,315.1057570094078,68,0.0,2026-01-31 01:14:07.803618,15.0,5,0.08813008098672925,1,Normal
Normal,MeterValues,196.1459129500589,154,33.30858852247083,2026-01-31 01:14:47.803618,40.0,3,0.1614727226415813,1,Normal
Normal,MeterValues,198.11195565739175,44,48.765652516458736,2026-01-31 01:15:58.803618,71.0,3,0.14140440329902482,1,Normal
Normal,StartTransaction,221.6522012628198,82,0.0,2026-01-31 01:20:02.803618,244.0,4,0.1436469143360326,1,Normal
Normal,MeterValues,244.36681591154945,186,32.98534653607044,2026-01-31 01:20:30.803618,28.0,3,0.11092583868511913,1,Normal
Normal,Heartbeat,51.37531796556306,92,0.0,2026-01-31 01:23:22.803618,172.0,2,0.1933838117413073,1,Normal
Normal,BootNotification,362.31268240517704,43,0.0,2026-01-31 01:26:57.803618,215.0,1,0.08488649548419636,1,Normal
Normal,Heartbeat,49.814062183599646,53,0.0,2026-01-31 01:31:22.803618,265.0,2,0.17608791834457882,1,Normal
Normal,Heartbeat,48.175212903773456,112,0.0,2026-01-31 01:32:18.803618,56.0,2,0.18308139626864084,1,Normal
Normal,Authorize,393.25936012254914,174,0.0,2026-01-31 01:34:33.803618,135.0,0,0.021008913852454403,1,Normal
Normal,Heartbeat,48.86141887000789,185,0.0,2026-01-31 01:38:13.803618,220.0,2,0.15063883934228367,1,Normal
Normal,MeterValues,165.7131988223848,107,16.494993661037448,2026-01-31 01:40:36.803618,143.0,3,0.17478726580919735,1,Normal
Normal,Heartbeat,50.78267660660806,140,0.0,2026-01-31 01:43:26.803618,170.0,2,0.19392073838877644,1,Normal
Normal,MeterValues,159.2710550760238,146,48.42414287875138,2026-01-31 01:47:08.803618,222.0,3,0.12632908212312455,1,Normal
Normal,BootNotification,201.1026465842563,176,0.0,2026-01-31 01:51:53.803618,285.0,1,0.08955349861255524,1,Normal
Normal,Heartbeat,50.00134788602344,147,0.0,2026-01-31 01:54:49.803618,176.0,2,0.19186232943478404,1,Normal
Normal,StopTransaction,202.40245442301273,171,0.0,2026-01-31 01:57:30.803618,161.0,5,0.10896330929382436,1,Normal
Normal,Heartbeat,48.97319466071039,142,0.0,2026-01-31 02:00:17.803618,167.0,2,0.1928896343341015,1,Normal
Normal,Authorize,384.930672877194,42,0.0,2026-01-31 02:04:14.803618,237.0,0,0.010707110508734075,1,Normal
Normal,StopTransaction,238.67480613096166,79,0.0,2026-01-31 02:05:29.803618,75.0,5,0.12125523362689083,1,Normal
Normal,StopTransaction,243.48041880701166,143,0.0,2026-01-31 02:10:18.803618,289.0,5,0.08888460877713544,1,Normal
Normal,Heartbeat,49.06068496237768,42,0.0,2026-01-31 02:12:21.803618,123.0,2,0.19591516303606626,1,Normal
Normal,Heartbeat,49.43876372805499,109,0.0,2026-01-31 02:13:48.803618,87.0,2,0.2030139908183758,1,Normal
Normal,MeterValues,189.28011795896893,133,26.024986392863966,2026-01-31 02:16:59.803618,191.0,3,0.1694969658543659,1,Normal
Normal,Heartbeat,48.56452285246523,20,0.0,2026-01-31 02:18:06.803618,67.0,2,0.15232151494675833,1,Normal
Normal,Heartbeat,51.58920583474714,30,0.0,2026-01-31 02:21:32.803618,206.0,2,0.17063808994439228,1,Normal
Normal,Authorize,260.485962897982,170,0.0,2026-01-31 02:24:03.803618,151.0,0,0.07058109286613656,1,Normal
Normal,Heartbeat,50.02204249694981,180,0.0,2026-01-31 02:26:13.803618,130.0,2,0.17596141375687618,1,Normal
Normal,MeterValues,168.90526231929192,117,45.5435602306338,2026-01-31 02:31:09.803618,296.0,3,0.10067784265224883,1,Normal
Normal,Heartbeat,51.12341721680809,39,0.0,2026-01-31 02:34:35.803618,206.0,2,0.18529449547154042,1,Normal
Normal,Authorize,227.76515814863683,51,0.0,2026-01-31 02:38:55.803618,260.0,0,0.04562143278525188,1,Normal
Normal,Authorize,228.57965763006777,89,0.0,2026-01-31 02:42:43.803618,228.0,0,0.07173720318030752,1,Normal
Normal,Heartbeat,49.200752545810914,66,0.0,2026-01-31 02:44:37.803618,114.0,2,0.2012964407033514,1,Normal
Normal,MeterValues,228.5473742459865,33,30.020161210161458,2026-01-31 02:49:29.803618,292.0,3,0.09861243943980375,1,Normal
Normal,StopTransaction,294.57078410055703,131,0.0,2026-01-31 02:51:10.803618,101.0,5,0.12583152824370408,1,Normal
Normal,MeterValues,176.405442488352,161,8.344388719148956,2026-01-31 02:52:18.803618,68.0,3,0.1705575649778494,1,Normal
Normal,Heartbeat,50.60063861540196,142,0.0,2026-01-31 02:55:42.803618,204.0,2,0.19709105066670107,1,Normal
Normal,Heartbeat,49.13977677199971,80,0.0,2026-01-31 02:57:02.803618,80.0,2,0.19821663352173463,1,Normal
Normal,MeterValues,226.47662593045794,29,30.136945092965025,2026-01-31 02:59:23.803618,141.0,3,0.15072252896109395,1,Normal
Normal,StopTransaction,286.1620284372557,57,0.0,2026-01-31 03:03:01.803618,218.0,5,0.11636547684909487,1,Normal
Normal,Heartbeat,48.1611389848486,150,0.0,2026-01-31 03:03:21.803618,20.0,2,0.16071939300692045,1,Normal
Normal,Heartbeat,48.065078235941904,77,0.0,2026-01-31 03:03:52.803618,31.0,2,0.16704923656907267,1,Normal
Normal,Heartbeat,49.010105845392985,58,0.0,2026-01-31 03:06:59.803618,187.0,2,0.18950905247481487,1,Normal
Normal,Heartbeat,50.09262157836802,165,0.0,2026-01-31 03:08:54.803618,115.0,2,0.19064077060225088,1,Normal
Normal,MeterValues,183.98311307470837,180,6.5020418378298235,2026-01-31 03:09:26.803618,32.0,3,0.15060254948378526,1,Normal
Normal,Heartbeat,50.89247203739885,65,0.0,2026-01-31 03:12:59.803618,213.0,2,0.19215385899418463,1,Normal
Normal,Authorize,364.4311794451735,166,0.0,2026-01-31 03:17:16.803618,257.0,0,0.03348279770752227,1,Normal
Normal,StopTransaction,378.59814942033927,187,0.0,2026-01-31 03:18:16.803618,60.0,5,0.06698483562404978,1,Normal
Normal,Heartbeat,50.13319799648341,33,0.0,2026-01-31 03:20:38.803618,142.0,2,0.19090533688489109,1,Normal
Normal,StartTransaction,357.5542487708404,200,0.0,2026-01-31 03:23:15.803618,157.0,4,0.10271859160502622,1,Normal
Normal,MeterValues,238.52759130370953,38,0.641233450222296,2026-01-31 03:23:34.803618,19.0,3,0.14459191487385653,1,Normal
Normal,MeterValues,229.4813595455029,181,27.04324782458429,2026-01-31 03:26:28.803618,174.0,3,0.14537700237238932,1,Normal
Normal,MeterValues,184.91079616229348,36,27.27453207066576,2026-01-31 03:28:26.803618,118.0,3,0.1543165010812742,1,Normal
Normal,Heartbeat,51.38570142017539,180,0.0,2026-01-31 03:31:01.803618,155.0,2,0.16610506273169173,1,Normal
Normal,BootNotification,320.6526707577685,76,0.0,2026-01-31 03:35:59.803618,298.0,1,0.06681958584309755,1,Normal
Normal,Heartbeat,49.57169088208556,103,0.0,2026-01-31 03:38:27.803618,148.0,2,0.2007663158461433,1,Normal
Normal,StartTransaction,302.96208200427606,86,0.0,2026-01-31 03:40:20.803618,113.0,4,0.15137620734180673,1,Normal
Normal,Heartbeat,48.55551284826488,141,0.0,2026-01-31 03:41:33.803618,73.0,2,0.1867825291498606,1,Normal
Normal,MeterValues,190.6115855271126,154,22.33510097475379,2026-01-31 03:45:32.803618,239.0,3,0.15656701300174397,1,Normal
Normal,StartTransaction,336.3655121754889,102,0.0,2026-01-31 03:46:44.803618,72.0,4,0.1453304704503688,1,Normal
Normal,Authorize,213.01833374636124,180,0.0,2026-01-31 03:48:55.803618,131.0,0,0.05602631845451944,1,Normal
Normal,StartTransaction,269.1475540882441,151,0.0,2026-01-31 03:49:31.803618,36.0,4,0.1275864307648107,1,Normal
Normal,Heartbeat,49.27896044614619,152,0.0,2026-01-31 03:51:42.803618,131.0,2,0.19444195920245172,1,Normal
Saldırı,BootNotification,2346.5842942717463,4212,0.0,2026-01-31 03:51:42.806618,0.003,1,-0.11120900395248068,-1,Saldırı
Normal,MeterValues,209.86048943205876,109,33.95586313123271,2026-01-31 03:53:18.806618,96.0,3,0.1761271948180359,1,Normal
Normal,Heartbeat,49.13217335661953,192,0.0,2026-01-31 03:57:22.806618,244.0,2,0.13904183287085897,1,Normal
Normal,MeterValues,201.21968992393175,189,6.802121847140681,2026-01-31 04:02:00.806618,278.0,3,0.13180116444583312,1,Normal
Normal,MeterValues,152.56301122567896,52,37.361964944026795,2026-01-31 04:03:33.806618,93.0,3,0.14399913175044465,1,Normal
Normal,Heartbeat,49.81270581832203,200,0.0,2026-01-31 04:06:53.806618,200.0,2,0.14704310626961542,1,Normal
Normal,MeterValues,197.79813858201047,139,29.07977476567527,2026-01-31 04:09:02.806618,129.0,3,0.1769374269152444,1,Normal
Normal,Heartbeat,49.975339250154974,57,0.0,2026-01-31 04:12:12.806618,190.0,2,0.1926468739418425,1,Normal
Normal,BootNotification,336.1945671805769,200,0.0,2026-01-31 04:14:09.806618,117.0,1,0.08949274470430213,1,Normal
Normal,Heartbeat,51.27413446131359,26,0.0,2026-01-31 04:18:29.806618,260.0,2,0.15866514317280123,1,Normal
Normal,MeterValues,244.8795977794258,70,40.64017097252911,2026-01-31 04:20:02.806618,93.0,3,0.14610858113045283,1,Normal
Normal,Heartbeat,48.301040932004646,85,0.0,2026-01-31 04:24:42.806618,280.0,2,0.16727008529869702,1,Normal
Normal,Heartbeat,49.87334112118396,75,0.0,2026-01-31 04:27:57.806618,195.0,2,0.19526940612237603,1,Normal
Normal,Heartbeat,49.38269586591641,191,0.0,2026-01-31 04:29:31.806618,94.0,2,0.16039326713740187,1,Normal
Normal,Heartbeat,49.41356851774795,73,0.0,2026-01-31 04:29:43.806618,12.0,2,0.15999072297504302,1,Normal
Normal,BootNotification,251.70003005153416,200,0.0,2026-01-31 04:32:48.806618,185.0,1,0.08271060886790993,1,Normal
Normal,MeterValues,234.61777292834367,62,56.54342359957756,2026-01-31 04:37:44.806618,296.0,3,0.05804981537310272,1,Normal
Normal,MeterValues,201.94449109818783,154,46.37393955725137,2026-01-31 04:38:29.806618,45.0,3,0.15649631395866287,1,Normal
Normal,Heartbeat,50.88404700152507,187,0.0,2026-01-31 04:42:03.806618,214.0,2,0.15204167522198403,1,Normal
Saldırı,BootNotification,1710.0997059625654,3963,0.0,2026-01-31 04:42:03.810618,0.004,1,-0.09813713102011246,-1,Saldırı
Normal,Heartbeat,50.85569887286348,128,0.0,2026-01-31 04:45:20.810618,197.0,2,0.19179343929551662,1,Normal
Normal,MeterValues,189.3278806737423,145,39.58981896560731,2026-01-31 04:49:03.810618,223.0,3,0.15120234067808258,1,Normal
Normal,BootNotification,238.5347867096554,38,0.0,2026-01-31 04:52:38.810618,215.0,1,0.11523985320722713,1,Normal
Normal,MeterValues,161.67497244036855,117,51.73478650334931,2026-01-31 04:55:36.810618,178.0,3,0.14688160683677737,1,Normal
Normal,BootNotification,265.50484410423405,160,0.0,2026-01-31 04:58:53.810618,197.0,1,0.11233739422815786,1,Normal
Normal,MeterValues,216.85657076647234,180,59.8974122299357,2026-01-31 05:02:23.810618,210.0,3,0.07266926373990512,1,Normal
Normal,MeterValues,195.57612817646887,131,27.148016948614412,2026-01-31 05:04:52.810618,149.0,3,0.1732468295059849,1,Normal
Normal,Authorize,330.45212965706554,88,0.0,2026-01-31 05:05:24.810618,32.0,0,0.05208492731988401,1,Normal
Normal,MeterValues,195.15649087264592,61,40.3800176514162,2026-01-31 05:07:37.810618,133.0,3,0.1637988033034674,1,Normal
Normal,StopTransaction,399.5235717552552,104,0.0,2026-01-31 05:10:03.810618,146.0,5,0.0861555835551221,1,Normal
Normal,MeterValues,153.7710955208545,171,12.801679023945328,2026-01-31 05:13:37.810618,214.0,3,0.14049076479827732,1,Normal
Normal,MeterValues,227.0089389363267,85,4.779149230256252,2026-01-31 05:14:50.810618,73.0,3,0.1829140912491642,1,Normal
Normal,StartTransaction,277.68220808358456,27,0.0,2026-01-31 05:18:18.810618,208.0,4,0.11664610842205553,1,Normal
Normal,MeterValues,237.37665122644523,94,36.66777108781232,2026-01-31 05:21:46.810618,208.0,3,0.14069979216835732,1,Normal
Normal,BootNotification,264.266904986847,80,0.0,2026-01-31 05:25:17.810618,211.0,1,0.11806955180380413,1,Normal
Normal,MeterValues,234.30777297147796,176,17.524306712177097,2026-01-31 05:29:57.810618,280.0,3,0.12297121343164408,1,Normal
Normal,Heartbeat,49.08813923401013,138,0.0,2026-01-31 05:30:28.810618,31.0,2,0.18426769609262778,1,Normal
Normal,MeterValues,213.03238521243333,115,32.398113623076,2026-01-31 05:34:55.810618,267.0,3,0.139870738736048,1,Normal
Normal,StopTransaction,394.6093903675818,179,0.0,2026-01-31 05:38:29.810618,214.0,5,0.06184601751367991,1,Normal
Normal,MeterValues,202.63973761527416,158,26.138940150679286,2026-01-31 05:40:34.810618,125.0,3,0.174513947927195,1,Normal
Normal,MeterValues,219.3869537384862,146,42.99935269131575,2026-01-31 05:42:31.810618,117.0,3,0.1692286619681302,1,Normal
Normal,MeterValues,236.60317292259677,87,45.75209762687485,2026-01-31 05:44:51.810618,140.0,3,0.1492800270208171,1,Normal
Normal,Heartbeat,48.3750601259939,178,0.0,2026-01-31 05:46:19.810618,88.0,2,0.17299469909095655,1,Normal
Normal,MeterValues,169.1093684755034,167,19.327476565021502,2026-01-31 05:47:39.810618,80.0,3,0.15466695090720867,1,Normal
Normal,Heartbeat,48.652992244729056,103,0.0,2026-01-31 05:50:33.810618,174.0,2,0.19422059999090385,1,Normal
Normal,MeterValues,208.8861804911797,44,42.483135434379044,2026-01-31 05:53:12.810618,159.0,3,0.1514797307026599,1,Normal
Saldırı,MeterValues,220.0,89,1078.4700331416193,2026-01-31 05:53:31.810618,19.0,3,-0.03608897087357066,-1,Saldırı
Normal,Heartbeat,48.04110739122275,124,0.0,2026-01-31 05:56:49.810618,198.0,2,0.18397395846303083,1,Normal
Normal,MeterValues,232.16374500729074,27,54.00371123722785,2026-01-31 05:57:22.810618,33.0,3,0.1003054601750043,1,Normal
Normal,StartTransaction,330.75595618278993,142,0.0,2026-01-31 06:00:23.810618,181.0,4,0.13780487786517803,1,Normal
Normal,Heartbeat,51.69995662790011,26,0.0,2026-01-31 06:04:06.810618,223.0,2,0.16136918776518044,1,Normal
Normal,MeterValues,230.87959777319887,112,27.81126647272887,2026-01-31 06:07:53.810618,227.0,3,0.15393276088525232,1,Normal
Normal,MeterValues,184.34825801709707,166,44.32145429765863,2026-01-31 06:12:20.810618,267.0,3,0.11785341687385936,1,Normal
Normal,Heartbeat,48.13890341012305,126,0.0,2026-01-31 06:15:58.810618,218.0,2,0.18064707194232438,1,Normal
Normal,Heartbeat,49.65786563860773,187,0.0,2026-01-31 06:20:03.810618,245.0,2,0.1490909985051797,1,Normal
Normal,Heartbeat,49.714317615460516,76,0.0,2026-01-31 06:24:31.810618,268.0,2,0.17996861576886442,1,Normal
Normal,Authorize,385.9782531445529,114,0.0,2026-01-31 06:26:35.810618,124.0,0,0.041463744840385064,1,Normal
Saldırı,MeterValues,218.0,70,1028.299441664697,2026-01-31 06:27:09.810618,34.0,3,-0.022223907181420977,-1,Saldırı
Normal,Heartbeat,50.528733049917264,190,0.0,2026-01-31 06:28:18.810618,69.0,2,0.15365673954208997,1,Normal
Normal,Heartbeat,49.24349213363664,97,0.0,2026-01-31 06:28:33.810618,15.0,2,0.16205375535338007,1,Normal
Normal,StartTransaction,283.0706528583258,103,0.0,2026-01-31 06:32:51.810618,258.0,4,0.14066422636232162,1,Normal
Normal,StopTransaction,367.50606920094395,36,0.0,2026-01-31 06:35:11.810618,140.0,5,0.09992728896237896,1,Normal
Normal,Heartbeat,49.18400415633664,65,0.0,2026-01-31 06:36:35.810618,84.0,2,0.20054462133235784,1,Normal
Normal,StartTransaction,328.28473757558464,137,0.0,2026-01-31 06:37:13.810618,38.0,4,0.1319395306108977,1,Normal
Normal,Heartbeat,51.31850539052127,171,0.0,2026-01-31 06:37:35.810618,22.0,2,0.1609183336353897,1,Normal
Normal,Authorize,276.6017517993539,85,0.0,2026-01-31 06:39:48.810618,133.0,0,0.07431457763231297,1,Normal
Normal,Heartbeat,48.458765608770584,40,0.0,2026-01-31 06:40:39.810618,51.0,2,0.17971650531163263,1,Normal
Normal,StartTransaction,324.4219210468099,29,0.0,2026-01-31 06:43:11.810618,152.0,4,0.11648345494127743,1,Normal
Normal,Heartbeat,51.68240629421629,63,0.0,2026-01-31 06:44:10.810618,59.0,2,0.18178380411079692,1,Normal
Normal,Heartbeat,48.75626859160647,58,0.0,2026-01-31 06:48:11.810618,241.0,2,0.17951078548962435,1,Normal
Normal,MeterValues,187.98759133886844,85,33.24062033961364,2026-01-31 06:50:14.810618,123.0,3,0.1744084566600655,1,Normal
Saldırı,MeterValues,194.0,108,1054.3057178064523,2026-01-31 06:50:50.810618,36.0,3,-0.018998910394307233,-1,Saldırı
Normal,Heartbeat,49.084183429993296,182,0.0,2026-01-31 06:52:47.810618,117.0,2,0.17128393800179004,1,Normal
Normal,StopTransaction,320.8196800504271,108,0.0,2026-01-31 06:55:09.810618,142.0,5,0.13255101698378852,1,Normal
Normal,MeterValues,219.34345702283417,185,45.88163255310377,2026-01-31 06:58:34.810618,205.0,3,0.11392047107520353,1,Normal
Normal,Heartbeat,51.264074810341974,45,0.0,2026-01-31 07:01:45.810618,191.0,2,0.18700100902035566,1,Normal
Saldırı,MeterValues,164.0,104,1018.48638930727,2026-01-31 07:02:32.810618,47.0,3,-0.022842342611705146,-1,Saldırı
Saldırı,BootNotification,2185.5708761580377,3532,0.0,2026-01-31 07:02:32.815618,0.005,1,-0.09245495252637781,-1,Saldırı
Normal,Heartbeat,48.62717986523072,51,0.0,2026-01-31 07:02:47.815618,15.0,2,0.14703599283381663,1,Normal
Normal,MeterValues,219.539578934795,23,13.303521395435833,2026-01-31 07:07:03.815618,256.0,3,0.12270574915243615,1,Normal
Normal,StopTransaction,250.01745638039029,22,0.0,2026-01-31 07:10:15.815618,192.0,5,0.08979382519101586,1,Normal
Normal,BootNotification,366.2812887157883,159,0.0,2026-01-31 07:10:52.815618,37.0,1,0.09835248356038578,1,Normal
Normal,MeterValues,168.94798578141936,169,44.78566723875054,2026-01-31 07:11:11.815618,19.0,3,0.11770027971045272,1,Normal
Normal,BootNotification,379.20882538935314,171,0.0,2026-01-31 07:13:57.815618,166.0,1,0.08577531171101649,1,Normal
Normal,StopTransaction,355.6857163750573,92,0.0,2026-01-31 07:17:16.815618,199.0,5,0.10838501065857964,1,Normal
Normal,StartTransaction,210.13689389983134,125,0.0,2026-01-31 07:19:14.815618,118.0,4,0.15373581701144012,1,Normal
Normal,Heartbeat,48.49115894140327,57,0.0,2026-01-31 07:20:00.815618,46.0,2,0.1832455479298266,1,Normal
Normal,BootNotification,367.12604517284166,158,0.0,2026-01-31 07:24:42.815618,282.0,1,0.06419788413632033,1,Normal
Normal,StartTransaction,249.07020253212863,105,0.0,2026-01-31 07:27:22.815618,160.0,4,0.1610005727646,1,Normal
Normal,StopTransaction,363.8489597345747,82,0.0,2026-01-31 07:30:58.815618,216.0,5,0.09778754326164407,1,Normal
Normal,Heartbeat,50.29637665089279,155,0.0,2026-01-31 07:31:50.815618,52.0,2,0.17859661165188567,1,Normal
Normal,StopTransaction,246.322063675447,163,0.0,2026-01-31 07:36:11.815618,261.0,5,0.09526093425555038,1,Normal
Saldırı,MeterValues,172.0,117,1154.9466539961854,2026-01-31 07:36:54.815618,43.0,3,-0.03908247855930669,-1,Saldırı
Normal,MeterValues,228.66751572710712,22,3.5977821262150633,2026-01-31 07:40:13.815618,199.0,3,0.14667046155241337,1,Normal
Normal,BootNotification,298.2721391855689,43,0.0,2026-01-31 07:43:59.815618,226.0,1,0.09485801592445398,1,Normal
Saldırı,BootNotification,2129.6747793771087,4325,0.0,2026-01-31 07:43:59.821618,0.006,1,-0.10538953715492783,-1,Saldırı
Normal,MeterValues,165.85313672736368,107,27.701174348745056,2026-01-31 07:47:57.821618,238.0,3,0.1508556312613467,1,Normal
Normal,Heartbeat,51.10833176895848,152,0.0,2026-01-31 07:51:45.821618,228.0,2,0.1827695426233279,1,Normal
Normal,Heartbeat,50.93014320002529,130,0.0,2026-01-31 07:53:45.821618,120.0,2,0.19647164912184523,1,Normal
Normal,StopTransaction,237.8196112974275,23,0.0,2026-01-31 07:56:26.821618,161.0,5,0.10067606359805154,1,Normal
Normal,Authorize,380.7606917020948,137,0.0,2026-01-31 07:56:48.821618,22.0,0,0.02036716755736845,1,Normal
Normal,StopTransaction,260.0794077292997,25,0.0,2026-01-31 08:01:00.821618,252.0,5,0.08818113731940869,1,Normal
